name,state,lat,lng,timezone
Akutan,AK,54.1343,-165.77515,America/Anchorage
Anchor Point,AK,59.77667,-151.83139,America/Anchorage
Anchorage,AK,61.21806,-149.90028,America/Anchorage
Badger,AK,64.8,-147.53333,America/Anchorage
Bear Creek,AK,60.16417,-149.395,America/Anchorage
Bethel,AK,60.79222,-161.75583,America/Anchorage
Big Lake,AK,61.52139,-149.95444,America/Anchorage
Butte,AK,61.54222,-149.03333,America/Anchorage
Chevak,AK,61.52778,-165.58639,America/Nome
Cohoe,AK,60.36861,-151.30639,America/Anchorage
College,AK,64.85694,-147.80278,America/Anchorage
Cordova,AK,60.5432,-145.75867,America/Anchorage
Craig,AK,55.47639,-133.14833,America/Juneau
Deltana,AK,63.87217,-145.21773,America/Anchorage
Diamond Ridge,AK,59.67611,-151.5575,America/Anchorage
Dillingham,AK,59.03972,-158.4575,America/Anchorage
Dutch Harbor,AK,53.8898,-166.5422,America/Anchorage
Eagle River,AK,61.32139,-149.56778,America/Anchorage
Eielson Air Force Base,AK,64.66327,-147.05442,America/Anchorage
Elmendorf Air Force Base,AK,61.25703,-149.63139,America/Anchorage
Ester,AK,64.84722,-148.01444,America/Anchorage
Fairbanks,AK,64.83778,-147.71639,America/Anchorage
Farm Loop,AK,61.63891,-149.14215,America/Anchorage
Farmers Loop,AK,64.90822,-147.69866,America/Anchorage
Fishhook,AK,61.74402,-149.23613,America/Anchorage
Fritz Creek,AK,59.73611,-151.29528,America/Anchorage
Funny River,AK,60.50194,-150.76222,America/Anchorage
Gateway,AK,61.57278,-149.24083,America/Anchorage
Girdwood,AK,60.9425,-149.16639,America/Anchorage
Haines,AK,59.23595,-135.44533,America/Juneau
Healy,AK,63.85694,-148.96611,America/Anchorage
Homer,AK,59.6425,-151.5494,America/Anchorage
Hooper Bay,AK,61.53111,-166.09667,America/Nome
Houston,AK,61.63028,-149.81806,America/Anchorage
Juneau,AK,58.30194,-134.41972,America/Juneau
Kalifornsky,AK,60.41833,-151.29,America/Anchorage
Kenai,AK,60.55444,-151.25833,America/Anchorage
Ketchikan,AK,55.3418,-131.64757,America/Sitka
King Cove,AK,55.06087,-162.31853,America/Nome
Knik-Fairview,AK,61.51262,-149.60012,America/Anchorage
Kodiak,AK,57.78852,-152.40533,America/Anchorage
Kodiak Station,AK,57.76587,-152.60004,America/Anchorage
Kotzebue,AK,66.89846,-162.59809,America/Nome
Lakes,AK,61.60713,-149.30861,America/Anchorage
Lazy Mountain,AK,61.62611,-148.94556,America/Anchorage
Meadow Lakes,AK,61.62472,-149.60111,America/Anchorage
Metlakatla,AK,55.12905,-131.57698,America/Metlakatla
Nikiski,AK,60.69028,-151.28889,America/Anchorage
Nome,AK,64.50111,-165.40639,America/Nome
North Pole,AK,64.75111,-147.34944,America/Anchorage
Palmer,AK,61.59941,-149.11456,America/Anchorage
Petersburg,AK,56.8125,-132.95556,America/Sitka
Prudhoe Bay,AK,70.25528,-148.33722,America/Anchorage
Ridgeway,AK,60.53194,-151.08528,America/Anchorage
Salcha,AK,64.52399,-146.9021,America/Anchorage
Sand Point,AK,55.33597,-160.50071,America/Anchorage
Seward,AK,60.10426,-149.4435,America/Anchorage
Sitka,AK,57.05315,-135.33088,America/Sitka
Skagway,AK,59.45833,-135.31389,America/Juneau
Soldotna,AK,60.48778,-151.05833,America/Anchorage
Sterling,AK,60.53722,-150.76472,America/Anchorage
Susitna North,AK,62.16129,-149.85075,America/Anchorage
Sutton-Alpine,AK,61.71041,-148.89407,America/Anchorage
Tanaina,AK,61.62694,-149.42806,America/Anchorage
Tok,AK,63.33667,-142.98556,America/Anchorage
Unalaska,AK,53.87413,-166.53408,America/Anchorage
Utqiagvik,AK,71.29058,-156.78872,America/Anchorage
Valdez,AK,61.13083,-146.34833,America/Anchorage
Wasilla,AK,61.5809,-149.4415,America/Anchorage
Willow,AK,61.74722,-150.0375,America/Anchorage
Wrangell,AK,56.47083,-132.37667,America/Sitka
Abbeville,AL,31.57184,-85.25049,America/Chicago
Adamsville,AL,33.60094,-86.95611,America/Chicago
Alabaster,AL,33.24428,-86.81638,America/Chicago
Albertville,AL,34.26783,-86.20878,America/Chicago
Alexander City,AL,32.94401,-85.95385,America/Chicago
Alexandria,AL,33.77399,-85.88552,America/Chicago
Aliceville,AL,33.12957,-88.15142,America/Chicago
Andalusia,AL,31.30808,-86.48243,America/Chicago
Anniston,AL,33.65983,-85.83163,America/Chicago
Arab,AL,34.31815,-86.49582,America/Chicago
Argo,AL,33.68778,-86.50051,America/Chicago
Ashford,AL,31.18296,-85.23632,America/Chicago
Ashland,AL,33.27373,-85.83607,America/Chicago
Ashville,AL,33.83704,-86.25442,America/Chicago
Athens,AL,34.80243,-86.97219,America/Chicago
Atmore,AL,31.02379,-87.49387,America/Chicago
Attalla,AL,34.02176,-86.08859,America/Chicago
Auburn,AL,32.60986,-85.48078,America/Chicago
Ballplay,AL,34.05871,-85.80802,America/Chicago
Bay Minette,AL,30.88296,-87.77305,America/Chicago
Bayou La Batre,AL,30.40352,-88.24852,America/Chicago
Bear Creek,AL,34.27482,-87.70058,America/Chicago
Berry,AL,33.65983,-87.60001,America/Chicago
Bessemer,AL,33.40178,-86.95444,America/Chicago
Birmingham,AL,33.52066,-86.80249,America/Chicago
Blountsville,AL,34.08149,-86.5911,America/Chicago
Blue Ridge,AL,32.49264,-86.19052,America/Chicago
Boaz,AL,34.20065,-86.16637,America/Chicago
Brent,AL,32.93735,-87.16472,America/Chicago
Brewton,AL,31.10518,-87.07219,America/Chicago
Bridgeport,AL,34.94758,-85.71442,America/Chicago
Brighton,AL,33.43428,-86.94721,America/Chicago
Brook Highland,AL,33.43566,-86.67388,America/Chicago
Brookside,AL,33.63788,-86.91666,America/Chicago
Brookwood,AL,33.25567,-87.32083,America/Chicago
Brundidge,AL,31.72016,-85.81606,America/Chicago
Butler,AL,32.08959,-88.22197,America/Chicago
Bynum,AL,33.61316,-85.96108,America/Chicago
Cahaba Heights,AL,33.464,-86.73193,America/Chicago
Calera,AL,33.1029,-86.7536,America/Chicago
Camden,AL,31.99098,-87.29055,America/Chicago
Carbon Hill,AL,33.89177,-87.52612,America/Chicago
Carlisle-Rockledge,AL,34.11445,-86.12407,America/Chicago
Carrollton,AL,33.26169,-88.09503,America/Chicago
Cedar Bluff,AL,34.22009,-85.60774,America/Chicago
Center Point,AL,33.64566,-86.6836,America/Chicago
Centre,AL,34.15204,-85.67885,America/Chicago
Centreville,AL,32.9462,-87.11669,America/Chicago
Chalkville,AL,33.65316,-86.64777,America/Chicago
Chatom,AL,31.46517,-88.25446,America/Chicago
Chelsea,AL,33.34011,-86.63026,America/Chicago
Cherokee,AL,34.75703,-87.97281,America/Chicago
Chickasaw,AL,30.7638,-88.07472,America/Chicago
Childersburg,AL,33.27817,-86.35498,America/Chicago
Choccolocco,AL,33.65927,-85.70357,America/Chicago
Citronelle,AL,31.09073,-88.22806,America/Chicago
Clanton,AL,32.83874,-86.62943,America/Chicago
Clay,AL,33.7026,-86.59971,America/Chicago
Clayton,AL,31.87822,-85.44966,America/Chicago
Cleveland,AL,33.99093,-86.57749,America/Chicago
Clio,AL,31.70878,-85.6105,America/Chicago
Coaling,AL,33.15901,-87.34083,America/Chicago
Collinsville,AL,34.26398,-85.86053,America/Chicago
Columbiana,AL,33.17817,-86.60721,America/Chicago
Concord,AL,33.46761,-87.03111,America/Chicago
Coosada,AL,32.49791,-86.33136,America/Chicago
Cordova,AL,33.75983,-87.18333,America/Chicago
Cottonwood,AL,31.04879,-85.30493,America/Chicago
Cowarts,AL,31.20018,-85.30465,America/Chicago
Creola,AL,30.89185,-88.03972,America/Chicago
Crossville,AL,34.28759,-85.99414,America/Chicago
Cullman,AL,34.17482,-86.84361,America/Chicago
Dadeville,AL,32.83124,-85.76357,America/Chicago
Daleville,AL,31.31017,-85.71299,America/Chicago
Danville,AL,34.41454,-87.08751,America/Chicago
Daphne,AL,30.60353,-87.9036,America/Chicago
Dauphin Island,AL,30.25548,-88.10972,America/Chicago
Deatsville,AL,32.60819,-86.39581,America/Chicago
Decatur,AL,34.60593,-86.98334,America/Chicago
Demopolis,AL,32.51764,-87.8364,America/Chicago
Dixiana,AL,33.74021,-86.64938,America/Chicago
Dora,AL,33.72872,-87.09028,America/Chicago
Dothan,AL,31.22323,-85.39049,America/Chicago
Double Springs,AL,34.14637,-87.40247,America/Chicago
East Brewton,AL,31.09323,-87.06275,America/Chicago
East Florence,AL,34.80953,-87.64947,America/Chicago
Eclectic,AL,32.63541,-86.03441,America/Chicago
Elba,AL,31.41461,-86.06772,America/Chicago
Elberta,AL,30.41436,-87.59776,America/Chicago
Elmore,AL,32.53874,-86.31497,America/Chicago
Emerald Mountain,AL,32.44793,-86.09429,America/Chicago
Enterprise,AL,31.31517,-85.85522,America/Chicago
Eufaula,AL,31.89127,-85.14549,America/Chicago
Eutaw,AL,32.84059,-87.88762,America/Chicago
Evergreen,AL,31.4335,-86.95692,America/Chicago
Fairfield,AL,33.48594,-86.91194,America/Chicago
Fairhope,AL,30.52297,-87.90333,America/Chicago
Falkville,AL,34.36843,-86.90862,America/Chicago
Fayette,AL,33.68455,-87.83085,America/Chicago
Fayetteville,AL,33.14567,-86.40581,America/Chicago
Flint City,AL,34.52315,-86.97029,America/Chicago
Flomaton,AL,31.00018,-87.26081,America/Chicago
Florala,AL,31.00518,-86.328,America/Chicago
Florence,AL,34.79981,-87.67725,America/Chicago
Foley,AL,30.40659,-87.6836,America/Chicago
Forestdale,AL,33.57011,-86.89638,America/Chicago
Fort Deposit,AL,31.98459,-86.57859,America/Chicago
Fort Novosel,AL,31.34282,-85.71538,America/Chicago
Fort Payne,AL,34.44425,-85.71969,America/Chicago
Frisco City,AL,31.4335,-87.40138,America/Chicago
Fultondale,AL,33.60483,-86.79388,America/Chicago
Fyffe,AL,34.44676,-85.90414,America/Chicago
Gadsden,AL,34.01434,-86.00639,America/Chicago
Gardendale,AL,33.6601,-86.81277,America/Chicago
Geneva,AL,31.03296,-85.86382,America/Chicago
Georgiana,AL,31.6371,-86.74192,America/Chicago
Glencoe,AL,33.95704,-85.93247,America/Chicago
Good Hope,AL,34.11593,-86.86361,America/Chicago
Goodwater,AL,33.06567,-86.0533,America/Chicago
Gordo,AL,33.32012,-87.9028,America/Chicago
Grand Bay,AL,30.47631,-88.34223,America/Chicago
Grayson Valley,AL,33.64816,-86.63943,America/Chicago
Graysville,AL,33.62066,-86.97138,America/Chicago
Greensboro,AL,32.70415,-87.5955,America/Chicago
Greenville,AL,31.8296,-86.61775,America/Chicago
Grove Hill,AL,31.70877,-87.77722,America/Chicago
Guin,AL,33.96566,-87.91475,America/Chicago
Gulf Shores,AL,30.24604,-87.70082,America/Chicago
Guntersville,AL,34.35823,-86.29446,America/Chicago
Hackleburg,AL,34.27732,-87.82864,America/Chicago
Haleyville,AL,34.22649,-87.62141,America/Chicago
Hamilton,AL,34.14232,-87.98864,America/Chicago
Hanceville,AL,34.06065,-86.7675,America/Chicago
Harpersville,AL,33.344,-86.43804,America/Chicago
Hartford,AL,31.1024,-85.69688,America/Chicago
Hartselle,AL,34.44343,-86.93528,America/Chicago
Harvest,AL,34.85564,-86.75083,America/Chicago
Hayden,AL,33.8926,-86.75777,America/Chicago
Hayneville,AL,32.18403,-86.58025,America/Chicago
Hazel Green,AL,34.93231,-86.57194,America/Chicago
Headland,AL,31.35128,-85.34216,America/Chicago
Heflin,AL,33.64899,-85.58746,America/Chicago
Helena,AL,33.29622,-86.8436,America/Chicago
Henagar,AL,34.63508,-85.76719,America/Chicago
Highland Lakes,AL,33.39838,-86.6513,America/Chicago
Hokes Bluff,AL,33.99815,-85.86636,America/Chicago
Holt,AL,33.23401,-87.48445,America/Chicago
Holtville,AL,32.63624,-86.32664,America/Chicago
Homewood,AL,33.47177,-86.80082,America/Chicago
Hoover,AL,33.40539,-86.81138,America/Chicago
Horton,AL,34.20093,-86.29692,America/Chicago
Hueytown,AL,33.45122,-86.99666,America/Chicago
Huguley,AL,32.83457,-85.22966,America/Chicago
Huntsville,AL,34.7304,-86.58594,America/Chicago
Indian Springs Village,AL,33.35539,-86.75443,America/Chicago
Inverness,AL,32.01488,-85.74606,America/Chicago
Irondale,AL,33.53816,-86.70721,America/Chicago
Jack,AL,31.57405,-86.00023,America/Chicago
Jackson,AL,31.50905,-87.89444,America/Chicago
Jacksonville,AL,33.81382,-85.7613,America/Chicago
Jasper,AL,33.83122,-87.27751,America/Chicago
Jemison,AL,32.95985,-86.74665,America/Chicago
Kimberly,AL,33.77344,-86.81388,America/Chicago
Kinsey,AL,31.29906,-85.34438,America/Chicago
Ladonia,AL,32.4682,-85.0791,America/New_York
Lafayette,AL,32.89985,-85.40106,America/Chicago
Lake Purdy,AL,33.43011,-86.68054,America/Chicago
Lake View,AL,33.28067,-87.1375,America/Chicago
Lanett,AL,32.86874,-85.1905,America/Kentucky/Louisville
Leeds,AL,33.54816,-86.54443,America/Chicago
Leesburg,AL,34.17982,-85.76136,America/Chicago
Level Plains,AL,31.29962,-85.77799,America/Chicago
Lillian,AL,30.41298,-87.43692,America/Chicago
Lincoln,AL,33.61316,-86.11831,America/Chicago
Linden,AL,32.30625,-87.79807,America/Chicago
Lineville,AL,33.31067,-85.75441,America/Chicago
Lipscomb,AL,33.42566,-86.92666,America/Chicago
Livingston,AL,32.5843,-88.18725,America/Chicago
Locust Fork,AL,33.9076,-86.61527,America/Chicago
Loxley,AL,30.61825,-87.75305,America/Chicago
Luverne,AL,31.71655,-86.26385,America/Chicago
Madison,AL,34.69926,-86.74833,America/Chicago
Malvern,AL,31.13934,-85.5191,America/Chicago
Marbury,AL,32.70124,-86.47109,America/Chicago
Margaret,AL,33.68621,-86.47498,America/Chicago
Marion,AL,32.63235,-87.31917,America/Chicago
Meadowbrook,AL,33.40205,-86.69665,America/Chicago
Meridianville,AL,34.85148,-86.57222,America/Chicago
Midfield,AL,33.4615,-86.90888,America/Chicago
Midland City,AL,31.31906,-85.49382,America/Chicago
Mignon,AL,33.18345,-86.26109,America/Chicago
Millbrook,AL,32.47986,-86.36192,America/Chicago
Minor,AL,33.53733,-86.94055,America/Chicago
Mobile,AL,30.69436,-88.04305,America/Chicago
Monroeville,AL,31.52794,-87.32471,America/Chicago
Montevallo,AL,33.10067,-86.86416,America/Chicago
Montgomery,AL,32.36681,-86.29997,America/Chicago
Moody,AL,33.59094,-86.49082,America/Chicago
Moores Mill,AL,34.84398,-86.51832,America/Chicago
Morris,AL,33.74816,-86.8086,America/Chicago
Moulton,AL,34.48121,-87.29335,America/Chicago
Moundville,AL,32.99762,-87.63001,America/Chicago
Mount Olive,AL,33.67094,-86.8561,America/Chicago
Mount Vernon,AL,31.08518,-88.01333,America/Chicago
Mountain Brook,AL,33.50094,-86.75221,America/Chicago
Munford,AL,33.52983,-85.9508,America/Chicago
Muscle Shoals,AL,34.74481,-87.66753,America/Chicago
New Brockton,AL,31.38572,-85.92939,America/Chicago
New Hope,AL,34.53712,-86.39426,America/Chicago
New Market,AL,34.91003,-86.42779,America/Chicago
Newton,AL,31.33517,-85.60521,America/Chicago
North Bibb,AL,33.20401,-87.15305,America/Chicago
Northport,AL,33.22901,-87.57723,America/Chicago
Odenville,AL,33.67732,-86.39665,America/Chicago
Ohatchee,AL,33.78343,-86.00247,America/Chicago
Oneonta,AL,33.94815,-86.47276,America/Chicago
Opelika,AL,32.64541,-85.37828,America/Chicago
Opp,AL,31.28267,-86.25551,America/Chicago
Orange Beach,AL,30.29437,-87.57359,America/Chicago
Owens Cross Roads,AL,34.58815,-86.45888,America/Chicago
Oxford,AL,33.61427,-85.83496,America/Chicago
Ozark,AL,31.45906,-85.64049,America/Chicago
Pelham,AL,33.28567,-86.80999,America/Chicago
Pell City,AL,33.58621,-86.28609,America/Chicago
Phenix City,AL,32.47098,-85.00077,America/New_York
Phil Campbell,AL,34.35093,-87.70642,America/Chicago
Piedmont,AL,33.92455,-85.61135,America/Chicago
Pike Road,AL,32.28431,-86.10302,America/Chicago
Pine Level,AL,32.58374,-86.46553,America/Chicago
Pinson,AL,33.68899,-86.68332,America/Chicago
Plateau,AL,30.73562,-88.06063,America/Chicago
Pleasant Grove,AL,33.49094,-86.97027,America/Chicago
Point Clear,AL,30.47408,-87.91916,America/Chicago
Prattville,AL,32.46402,-86.4597,America/Chicago
Priceville,AL,34.52509,-86.89473,America/Chicago
Prichard,AL,30.7388,-88.07889,America/Chicago
Ragland,AL,33.74454,-86.15581,America/Chicago
Rainbow City,AL,33.95482,-86.04192,America/Chicago
Rainsville,AL,34.49425,-85.84775,America/Chicago
Red Bay,AL,34.43982,-88.14087,America/Chicago
Redstone Arsenal,AL,34.68387,-86.64764,America/Chicago
Reform,AL,33.37845,-88.0153,America/Chicago
Rehobeth,AL,31.12296,-85.45271,America/Chicago
Riverside,AL,33.60621,-86.20442,America/Chicago
Roanoke,AL,33.15123,-85.37217,America/Chicago
Robertsdale,AL,30.5538,-87.71193,America/Chicago
Rock Creek,AL,33.47705,-87.08027,America/Chicago
Rockford,AL,32.88957,-86.21969,America/Chicago
Rogersville,AL,34.82578,-87.29676,America/Chicago
Russellville,AL,34.50787,-87.72864,America/Chicago
Saks,AL,33.69871,-85.83969,America/Chicago
Samson,AL,31.11295,-86.04605,America/Chicago
Saraland,AL,30.82074,-88.07056,America/Chicago
Sardis City,AL,34.17426,-86.12275,America/Chicago
Satsuma,AL,30.85324,-88.05611,America/Chicago
Scottsboro,AL,34.67231,-86.03415,America/Chicago
Selma,AL,32.40736,-87.0211,America/Chicago
Selmont-West Selmont,AL,32.37843,-87.0074,America/Chicago
Semmes,AL,30.77824,-88.25917,America/Chicago
Sheffield,AL,34.76509,-87.69864,America/Chicago
Shelby,AL,33.1104,-86.58415,America/Chicago
Shoal Creek,AL,33.43076,-86.61092,America/Chicago
Slocomb,AL,31.10823,-85.59438,America/Chicago
Smiths Station,AL,32.54014,-85.09855,America/Kentucky/Louisville
Smoke Rise,AL,33.89177,-86.82027,America/Chicago
Southside,AL,33.92454,-86.02247,America/Chicago
Spanish Fort,AL,30.67491,-87.91527,America/Chicago
Springville,AL,33.77505,-86.47191,America/Chicago
Steele,AL,33.93982,-86.20164,America/Chicago
Stevenson,AL,34.86869,-85.83942,America/Chicago
Stewartville,AL,33.07929,-86.24442,America/Chicago
Sulligent,AL,33.90177,-88.13448,America/Chicago
Sumiton,AL,33.75566,-87.05,America/Chicago
Summerdale,AL,30.4877,-87.69971,America/Chicago
Sylacauga,AL,33.17317,-86.25164,America/Chicago
Sylvan Springs,AL,33.51566,-87.01499,America/Chicago
Sylvania,AL,34.56231,-85.81247,America/Chicago
Talladega,AL,33.43594,-86.1058,America/Chicago
Tallassee,AL,32.53597,-85.89329,America/Chicago
Tarrant,AL,33.58344,-86.77277,America/Chicago
Taylor,AL,31.1649,-85.46827,America/Chicago
Taylor,AL,31.97543,-86.2333,America/Chicago
Theodore,AL,30.54769,-88.17528,America/Chicago
Thomasville,AL,31.91349,-87.73584,America/Chicago
Thorsby,AL,32.91568,-86.71582,America/Chicago
Tillmans Corner,AL,30.59019,-88.17084,America/Chicago
Town Creek,AL,34.6812,-87.40613,America/Chicago
Trinity,AL,34.60676,-87.08835,America/Chicago
Troy,AL,31.80877,-85.96995,America/Chicago
Trussville,AL,33.61983,-86.60888,America/Chicago
Tuscaloosa,AL,33.20984,-87.56917,America/Chicago
Tuscumbia,AL,34.7312,-87.70253,America/Chicago
Tuskegee,AL,32.42415,-85.69096,America/Chicago
Underwood-Petersville,AL,34.87695,-87.69717,America/Chicago
Union Springs,AL,32.14432,-85.71495,America/Chicago
Uniontown,AL,32.44958,-87.51417,America/Chicago
Valley,AL,32.81874,-85.17939,America/Kentucky/Louisville
Valley Grande,AL,32.50902,-86.98749,America/Chicago
Vance,AL,33.17428,-87.23361,America/Chicago
Vandiver,AL,33.47066,-86.51332,America/Chicago
Vernon,AL,33.75705,-88.10892,America/Chicago
Vestavia Hills,AL,33.44872,-86.78777,America/Chicago
Vincent,AL,33.38455,-86.41192,America/Chicago
Warrior,AL,33.81427,-86.80944,America/Chicago
Washington Street Courthouse Annex,AL,34.80264,-86.97298,America/Chicago
Weaver,AL,33.75205,-85.81135,America/Chicago
Webb,AL,31.26045,-85.27327,America/Chicago
Wedowee,AL,33.309,-85.48467,America/Chicago
West Blocton,AL,33.11817,-87.125,America/Chicago
West End-Cobb Town,AL,33.6525,-85.8742,America/Chicago
Westover,AL,33.34955,-86.53582,America/Chicago
Wetumpka,AL,32.54374,-86.21191,America/Chicago
Whitesboro,AL,34.16343,-86.06942,America/Chicago
Wilsonville,AL,33.23428,-86.48359,America/Chicago
Winfield,AL,33.92899,-87.81725,America/Chicago
Woodstock,AL,33.20678,-87.15,America/Chicago
York,AL,32.48625,-88.29642,America/Chicago
Alexander,AR,34.62954,-92.44127,America/Chicago
Alma,AR,35.47787,-94.22188,America/Chicago
Arkadelphia,AR,34.12093,-93.05378,America/Chicago
Arkansas City,AR,33.60872,-91.20678,America/Chicago
Ash Flat,AR,36.22396,-91.60848,America/Chicago
Ashdown,AR,33.67429,-94.13131,America/Chicago
Atkins,AR,35.24647,-92.93656,America/Chicago
Augusta,AR,35.28231,-91.36541,America/Chicago
Austin,AR,34.99842,-91.98376,America/Chicago
Bald Knob,AR,35.30981,-91.56791,America/Chicago
Barling,AR,35.32565,-94.3016,America/Chicago
Batesville,AR,35.7698,-91.64097,America/Chicago
Bay,AR,35.7423,-90.56233,America/Chicago
Beebe,AR,35.07064,-91.87959,America/Chicago
Bella Vista,AR,36.4807,-94.27134,America/Chicago
Benton,AR,34.56454,-92.58683,America/Chicago
Bentonville,AR,36.37285,-94.20882,America/Chicago
Berryville,AR,36.36479,-93.56797,America/Chicago
Bethel Heights,AR,36.21424,-94.12937,America/Chicago
Blytheville,AR,35.9273,-89.91898,America/Chicago
Bono,AR,35.90868,-90.80262,America/Chicago
Booneville,AR,35.14009,-93.92159,America/Chicago
Brinkley,AR,34.88787,-91.19457,America/Chicago
Brookland,AR,35.90007,-90.58205,America/Chicago
Bryant,AR,34.59593,-92.48905,America/Chicago
Bull Shoals,AR,36.38396,-92.58155,America/Chicago
Cabot,AR,34.97453,-92.01653,America/Chicago
Calico Rock,AR,36.11951,-92.13599,America/Chicago
Camden,AR,33.58456,-92.83433,America/Chicago
Caraway,AR,35.75813,-90.32232,America/Chicago
Carlisle,AR,34.78315,-91.74652,America/Chicago
Cave City,AR,35.94174,-91.54847,America/Chicago
Cave Springs,AR,36.26341,-94.23187,America/Chicago
Cedarville,AR,35.56981,-94.36688,America/Chicago
Centerton,AR,36.3598,-94.28521,America/Chicago
Charleston,AR,35.29704,-94.03632,America/Chicago
Cherokee Village,AR,36.29784,-91.51597,America/Chicago
Clarendon,AR,34.69315,-91.31374,America/Chicago
Clarksville,AR,35.47147,-93.46657,America/Chicago
Clinton,AR,35.59147,-92.46044,America/Chicago
Coal Hill,AR,35.43731,-93.67297,America/Chicago
Conway,AR,35.0887,-92.4421,America/Chicago
Corning,AR,36.40784,-90.57983,America/Chicago
Crossett,AR,33.12818,-91.96124,America/Chicago
Danville,AR,35.05398,-93.39352,America/Chicago
Dardanelle,AR,35.22314,-93.15795,America/Chicago
De Queen,AR,34.03789,-94.34132,America/Chicago
De Witt,AR,34.29288,-91.3379,America/Chicago
Decatur,AR,36.33591,-94.46077,America/Chicago
Dermott,AR,33.52539,-91.43595,America/Chicago
Des Arc,AR,34.97704,-91.49513,America/Chicago
Diaz,AR,35.63841,-91.26513,America/Chicago
Dierks,AR,34.11928,-94.01658,America/Chicago
Dover,AR,35.40147,-93.11434,America/Chicago
Dumas,AR,33.88705,-91.49179,America/Chicago
Earle,AR,35.27509,-90.46677,America/Chicago
East End,AR,34.55065,-92.34099,America/Chicago
El Dorado,AR,33.20763,-92.66627,America/Chicago
Elkins,AR,36.00147,-94.00825,America/Chicago
Elm Springs,AR,36.20619,-94.23437,America/Chicago
England,AR,34.54426,-91.96903,America/Chicago
Eudora,AR,33.10957,-91.26206,America/Chicago
Eureka Springs,AR,36.40118,-93.73797,America/Chicago
Fairfield Bay,AR,35.59424,-92.27793,America/Chicago
Farmington,AR,36.04202,-94.24715,America/Chicago
Fayetteville,AR,36.06258,-94.15743,America/Chicago
Flippin,AR,36.27896,-92.59711,America/Chicago
Fordyce,AR,33.81372,-92.41293,America/Chicago
Forrest City,AR,35.00815,-90.78983,America/Chicago
Fort Smith,AR,35.38592,-94.39855,America/Chicago
Gassville,AR,36.28312,-92.49405,America/Chicago
Gentry,AR,36.26758,-94.48466,America/Chicago
Gibson,AR,34.88426,-92.2357,America/Chicago
Glenwood,AR,34.32677,-93.55074,America/Chicago
Goshen,AR,36.10119,-93.99131,America/Chicago
Gosnell,AR,35.95979,-89.97203,America/Chicago
Gravel Ridge,AR,34.86842,-92.1907,America/Chicago
Gravette,AR,36.42202,-94.45355,America/Chicago
Green Forest,AR,36.33535,-93.43602,America/Chicago
Greenbrier,AR,35.23397,-92.38765,America/Chicago
Greenland,AR,35.99425,-94.1752,America/Chicago
Greenwood,AR,35.21565,-94.25577,America/Chicago
Gurdon,AR,33.92094,-93.15406,America/Chicago
Hamburg,AR,33.22818,-91.79763,America/Chicago
Hampton,AR,33.53789,-92.46988,America/Chicago
Harrisburg,AR,35.56425,-90.71678,America/Chicago
Harrison,AR,36.22979,-93.10768,America/Chicago
Haskell,AR,34.50148,-92.63655,America/Chicago
Hazen,AR,34.78093,-91.58097,America/Chicago
Heber Springs,AR,35.49147,-92.03126,America/Chicago
Helena,AR,34.52955,-90.59177,America/Chicago
Helena-West Helena,AR,34.5291,-90.59,America/Chicago
Highland,AR,36.2759,-91.52403,America/Chicago
Holiday Island,AR,36.48535,-93.73214,America/Chicago
Hope,AR,33.66706,-93.59157,America/Chicago
Horatio,AR,33.93845,-94.35715,America/Chicago
Horseshoe Bend,AR,36.22923,-91.76431,America/Chicago
Hot Springs,AR,34.5037,-93.05518,America/Chicago
Hot Springs Village,AR,34.67204,-92.99879,America/Chicago
Hoxie,AR,36.05035,-90.97512,America/Chicago
Hughes,AR,34.94926,-90.47149,America/Chicago
Huntsville,AR,36.08619,-93.7413,America/Chicago
Jacksonville,AR,34.8662,-92.11015,America/Chicago
Jasper,AR,36.00813,-93.18657,America/Chicago
Johnson,AR,36.13286,-94.16548,America/Chicago
Jonesboro,AR,35.8423,-90.70428,America/Chicago
Judsonia,AR,35.27009,-91.63986,America/Chicago
Kensett,AR,35.23175,-91.66764,America/Chicago
Lake City,AR,35.81619,-90.43427,America/Chicago
Lake Hamilton,AR,34.42453,-93.09518,America/Chicago
Lake Village,AR,33.32873,-91.28178,America/Chicago
Lamar,AR,35.44064,-93.38796,America/Chicago
Landmark,AR,34.6112,-92.3196,America/Chicago
Lavaca,AR,35.3362,-94.17326,America/Chicago
Leachville,AR,35.93591,-90.25788,America/Chicago
Lepanto,AR,35.61119,-90.32982,America/Chicago
Lewisville,AR,33.35846,-93.57768,America/Chicago
Lincoln,AR,35.94953,-94.42355,America/Chicago
Little Flock,AR,36.38591,-94.1352,America/Chicago
Little Rock,AR,34.74648,-92.28959,America/Chicago
Little Rock Air Force Base,AR,34.89149,-92.15955,America/Chicago
London,AR,35.32897,-93.25296,America/Chicago
Lonoke,AR,34.78398,-91.89986,America/Chicago
Lowell,AR,36.25535,-94.13076,America/Chicago
Luxora,AR,35.75619,-89.92814,America/Chicago
Magnolia,AR,33.26707,-93.23933,America/Chicago
Malvern,AR,34.36231,-92.81295,America/Chicago
Manila,AR,35.88007,-90.16704,America/Chicago
Mansfield,AR,35.05954,-94.25271,America/Chicago
Marianna,AR,34.77371,-90.75761,America/Chicago
Marion,AR,35.21453,-90.19648,America/Chicago
Marked Tree,AR,35.53286,-90.42066,America/Chicago
Marmaduke,AR,36.18701,-90.38316,America/Chicago
Marshall,AR,35.90896,-92.63127,America/Chicago
Marvell,AR,34.55566,-90.91289,America/Chicago
Maumelle,AR,34.86676,-92.40432,America/Chicago
Mayflower,AR,34.95703,-92.42738,America/Chicago
McAlmont,AR,34.80842,-92.18181,America/Chicago
McCrory,AR,35.2562,-91.20012,America/Chicago
McGehee,AR,33.629,-91.39956,America/Chicago
Melbourne,AR,36.05951,-91.90848,America/Chicago
Mena,AR,34.58622,-94.23966,America/Chicago
Midway,AR,36.38534,-92.46183,America/Chicago
Mineral Springs,AR,33.87512,-93.9138,America/Chicago
Monette,AR,35.89063,-90.34427,America/Chicago
Monticello,AR,33.629,-91.79096,America/Chicago
Morrilton,AR,35.15092,-92.74405,America/Chicago
Mount Ida,AR,34.55676,-93.63408,America/Chicago
Mountain Home,AR,36.33534,-92.38516,America/Chicago
Mountain View,AR,35.86841,-92.11765,America/Chicago
Mulberry,AR,35.50064,-94.05159,America/Chicago
Murfreesboro,AR,34.06233,-93.6899,America/Chicago
Nashville,AR,33.94567,-93.84713,America/Chicago
Newark,AR,35.70174,-91.44152,America/Chicago
Newport,AR,35.6048,-91.2818,America/Chicago
North Crossett,AR,33.16568,-91.94152,America/Chicago
North Little Rock,AR,34.76954,-92.26709,America/Chicago
Ola,AR,35.03231,-93.22323,America/Chicago
Osceola,AR,35.70508,-89.96953,America/Chicago
Ozark,AR,35.48703,-93.8277,America/Chicago
Paragould,AR,36.0584,-90.49733,America/Chicago
Paris,AR,35.29203,-93.72992,America/Chicago
Parkin,AR,35.26342,-90.57122,America/Chicago
Pea Ridge,AR,33.92066,-91.33679,America/Chicago
Pea Ridge,AR,36.45396,-94.1152,America/Chicago
Perryville,AR,35.00481,-92.80267,America/Chicago
Piggott,AR,36.38284,-90.19065,America/Chicago
Pine Bluff,AR,34.22843,-92.0032,America/Chicago
Piney,AR,34.50314,-93.12602,America/Chicago
Pocahontas,AR,36.26146,-90.97123,America/Chicago
Pottsville,AR,35.24814,-93.04906,America/Chicago
Prairie Creek,AR,36.34202,-94.06187,America/Chicago
Prairie Grove,AR,35.97591,-94.31771,America/Chicago
Prescott,AR,33.80261,-93.38101,America/Chicago
Rector,AR,36.26312,-90.2926,America/Chicago
Redfield,AR,34.4451,-92.1832,America/Chicago
Rison,AR,33.95843,-92.19015,America/Chicago
Rockwell,AR,34.46426,-93.13379,America/Chicago
Rogers,AR,36.33202,-94.11854,America/Chicago
Russellville,AR,35.27842,-93.13379,America/Chicago
Salem,AR,36.37118,-91.82265,America/Chicago
Salem,AR,34.62898,-92.55822,America/Chicago
Searcy,AR,35.25064,-91.73625,America/Chicago
Shannon Hills,AR,34.62009,-92.39543,America/Chicago
Sheridan,AR,34.30704,-92.40127,America/Chicago
Sherwood,AR,34.81509,-92.22432,America/Chicago
Siloam Springs,AR,36.18814,-94.5405,America/Chicago
Smackover,AR,33.36485,-92.72488,America/Chicago
Southside,AR,35.69841,-91.62347,America/Chicago
Springdale,AR,36.18674,-94.12881,America/Chicago
Stamps,AR,33.3654,-93.49518,America/Chicago
Star City,AR,33.94288,-91.84347,America/Chicago
Stuttgart,AR,34.50037,-91.55263,America/Chicago
Sulphur Springs,AR,34.18065,-92.12348,America/Chicago
Texarkana,AR,33.44179,-94.03769,America/Chicago
Tontitown,AR,36.17786,-94.23354,America/Chicago
Trumann,AR,35.67369,-90.50733,America/Chicago
Tuckerman,AR,35.73063,-91.19846,America/Chicago
Van Buren,AR,35.43676,-94.34827,America/Chicago
Vilonia,AR,35.08398,-92.20793,America/Chicago
Waldo,AR,33.35151,-93.29573,America/Chicago
Waldron,AR,34.89843,-94.09076,America/Chicago
Walnut Ridge,AR,36.0684,-90.95595,America/Chicago
Ward,AR,35.03036,-91.95042,America/Chicago
Warren,AR,33.61261,-92.06458,America/Chicago
West Crossett,AR,33.14096,-91.99402,America/Chicago
West Fork,AR,35.92425,-94.18854,America/Chicago
West Helena,AR,34.55066,-90.64177,America/Chicago
West Memphis,AR,35.14648,-90.18454,America/Chicago
White Hall,AR,34.27399,-92.09098,America/Chicago
Wrightsville,AR,34.60232,-92.21681,America/Chicago
Wynne,AR,35.22453,-90.78678,America/Chicago
Yellville,AR,36.22618,-92.68489,America/Chicago
Ahwatukee Foothills,AZ,33.34171,-111.98403,America/Phoenix
Ajo,AZ,32.37172,-112.86071,America/Phoenix
Alhambra,AZ,33.49838,-112.13432,America/Phoenix
Anthem,AZ,33.86726,-112.14682,America/Phoenix
Apache Junction,AZ,33.41505,-111.54958,America/Phoenix
Arivaca Junction,AZ,31.72731,-111.0612,America/Phoenix
Arizona City,AZ,32.75589,-111.67096,America/Phoenix
Avenue B and C,AZ,32.71904,-114.66005,America/Phoenix
Avondale,AZ,33.4356,-112.3496,America/Phoenix
Avra Valley,AZ,32.43785,-111.31539,America/Phoenix
Bagdad,AZ,34.58113,-113.20464,America/Phoenix
Beaver Dam,AZ,36.89942,-113.93274,America/Phoenix
Benson,AZ,31.96786,-110.29452,America/Phoenix
Big Park,AZ,34.7803,-111.76265,America/Phoenix
Bisbee,AZ,31.44815,-109.92841,America/Phoenix
Black Canyon City,AZ,34.07087,-112.15071,America/Phoenix
Blackwater,AZ,33.03117,-111.58263,America/Phoenix
Buckeye,AZ,33.37032,-112.58378,America/Phoenix
Bullhead City,AZ,35.14778,-114.5683,America/Phoenix
Bylas,AZ,33.13428,-110.12004,America/Phoenix
Cactus Flat,AZ,32.7584,-109.71619,America/Phoenix
Camp Verde,AZ,34.56364,-111.85432,America/Phoenix
Canyon Day,AZ,33.78477,-110.02649,America/Phoenix
Carefree,AZ,33.82226,-111.9182,America/Phoenix
Casa Blanca,AZ,33.12033,-111.88819,America/Phoenix
Casa Grande,AZ,32.8795,-111.75735,America/Phoenix
Casas Adobes,AZ,32.32341,-110.9951,America/Phoenix
Catalina,AZ,32.50556,-110.92111,America/Phoenix
Catalina Foothills,AZ,32.29785,-110.9187,America/Phoenix
Cave Creek,AZ,33.83333,-111.95083,America/Phoenix
Centennial Park,AZ,36.95381,-112.98132,America/Phoenix
Central City,AZ,33.44001,-112.05805,America/Phoenix
Central Heights-Midland City,AZ,33.40372,-110.81541,America/Phoenix
Chandler,AZ,33.30616,-111.84125,America/Phoenix
Chinle,AZ,36.15445,-109.55261,America/Denver
Chino Valley,AZ,34.75752,-112.45378,America/Phoenix
Cibecue,AZ,34.04477,-110.48539,America/Phoenix
Cienega Springs,AZ,34.18863,-114.22467,America/Phoenix
Citrus Park,AZ,33.54865,-112.44433,America/Phoenix
Clarkdale,AZ,34.77113,-112.05794,America/Phoenix
Claypool,AZ,33.41117,-110.84261,America/Phoenix
Clifton,AZ,33.0509,-109.29618,America/Phoenix
Colorado City,AZ,36.99026,-112.97577,America/Phoenix
Congress,AZ,34.16253,-112.85074,America/Phoenix
Coolidge,AZ,32.97784,-111.51762,America/Phoenix
Cordes Lakes,AZ,34.30781,-112.10349,America/Phoenix
Cornville,AZ,34.7178,-111.92154,America/Phoenix
Corona de Tucson,AZ,31.96536,-110.77564,America/Phoenix
Cottonwood,AZ,34.73919,-112.00988,America/Phoenix
Deer Valley,AZ,33.68393,-112.13488,America/Phoenix
Desert Hills,AZ,34.5539,-114.37246,America/Phoenix
Dewey-Humboldt,AZ,34.53,-112.24222,America/Phoenix
Dilkon,AZ,35.38529,-110.32068,America/Denver
Dolan Springs,AZ,35.59194,-114.27329,America/Phoenix
Donovan Estates,AZ,32.70935,-114.67822,America/Phoenix
Douglas,AZ,31.34455,-109.54534,America/Phoenix
Drexel Heights,AZ,32.14119,-111.02843,America/Phoenix
Eagar,AZ,34.11124,-109.29238,America/Phoenix
East Sahuarita,AZ,31.94286,-110.92842,America/Phoenix
Ehrenberg,AZ,33.60419,-114.52523,America/Phoenix
El Mirage,AZ,33.61309,-112.3246,America/Phoenix
Eloy,AZ,32.7559,-111.55484,America/Phoenix
Encanto,AZ,33.47937,-112.07823,America/Phoenix
First Mesa,AZ,35.83667,-110.38152,America/Phoenix
Flagstaff,AZ,35.19807,-111.65127,America/Phoenix
Florence,AZ,33.03145,-111.38734,America/Phoenix
Flowing Wells,AZ,32.29396,-111.00982,America/Phoenix
Fort Defiance,AZ,35.74446,-109.07648,America/Denver
Fortuna Foothills,AZ,32.65783,-114.41189,America/Phoenix
Fountain Hills,AZ,33.61171,-111.71736,America/Phoenix
Fredonia,AZ,36.94554,-112.52659,America/Phoenix
Ganado,AZ,35.7114,-109.54205,America/Denver
Gila Bend,AZ,32.94782,-112.71683,America/Phoenix
Gilbert,AZ,33.35283,-111.78903,America/Phoenix
Glendale,AZ,33.53865,-112.18599,America/Phoenix
Globe,AZ,33.39422,-110.7865,America/Phoenix
Gold Camp,AZ,33.29367,-111.30429,America/Phoenix
Gold Canyon,AZ,33.37145,-111.43691,America/Phoenix
Golden Shores,AZ,34.78188,-114.47775,America/Phoenix
Golden Valley,AZ,35.22333,-114.22301,America/Phoenix
Goodyear,AZ,33.43532,-112.35821,America/Phoenix
Grand Canyon,AZ,36.05443,-112.13934,America/Phoenix
Grand Canyon Village,AZ,36.04637,-112.15406,America/Phoenix
Green Valley,AZ,31.85425,-110.9937,America/Phoenix
Guadalupe,AZ,33.37088,-111.96292,America/Phoenix
Heber-Overgaard,AZ,34.41414,-110.56956,America/Phoenix
Holbrook,AZ,34.90225,-110.15818,America/Phoenix
Houck,AZ,35.28308,-109.20704,America/Denver
Huachuca City,AZ,31.62787,-110.33397,America/Phoenix
Joseph City,AZ,34.95586,-110.33401,America/Phoenix
Kachina Village,AZ,35.09696,-111.69266,America/Phoenix
Kaibito,AZ,36.59722,-111.07431,America/Denver
Kayenta,AZ,36.72778,-110.25458,America/Denver
Kearny,AZ,33.05701,-110.91067,America/Phoenix
Kingman,AZ,35.18944,-114.05301,America/Phoenix
Lake Havasu City,AZ,34.4839,-114.32245,America/Phoenix
Lake Montezuma,AZ,34.63224,-111.77793,America/Phoenix
Lake of the Woods,AZ,34.16393,-109.98955,America/Phoenix
Laveen,AZ,33.36282,-112.16932,America/Phoenix
LeChee,AZ,35.03224,-110.75291,America/Phoenix
LeChee,AZ,36.86211,-111.44063,America/Phoenix
Linden,AZ,34.28504,-110.15706,America/Phoenix
Litchfield Park,AZ,33.49337,-112.35794,America/Phoenix
Lukachukai,AZ,36.41695,-109.22871,America/Denver
Mammoth,AZ,32.72257,-110.64065,America/Phoenix
Many Farms,AZ,36.35278,-109.61789,America/Denver
Marana,AZ,32.43674,-111.22538,America/Phoenix
Maricopa,AZ,33.05811,-112.04764,America/Phoenix
Maryvale,AZ,33.50199,-112.17765,America/Phoenix
Mayer,AZ,34.39781,-112.23627,America/Phoenix
Meadview,AZ,36.00221,-114.06829,America/Phoenix
Mesa,AZ,33.42227,-111.82264,America/Phoenix
Mescal,AZ,31.99008,-110.43535,America/Phoenix
Miami,AZ,33.39922,-110.86872,America/Phoenix
Mohave Valley,AZ,34.93306,-114.58885,America/Phoenix
Morenci,AZ,33.052,-109.328,America/Phoenix
Mountainaire,AZ,35.08529,-111.66599,America/Phoenix
Naco,AZ,31.33538,-109.94813,America/Phoenix
New Kingman-Butler,AZ,35.26504,-114.03226,America/Phoenix
New River,AZ,33.91587,-112.13599,America/Phoenix
Nogales,AZ,31.34038,-110.93425,America/Phoenix
North Fork,AZ,34.00167,-109.96355,America/Phoenix
Oracle,AZ,32.61091,-110.77093,America/Phoenix
Oro Valley,AZ,32.39091,-110.96649,America/Phoenix
Page,AZ,36.91472,-111.45583,America/Phoenix
Paradise Valley,AZ,33.53115,-111.94265,America/Phoenix
Parker,AZ,34.15002,-114.28912,America/Phoenix
Parks,AZ,35.26057,-111.94877,America/Phoenix
Paulden,AZ,34.88558,-112.46823,America/Phoenix
Payson,AZ,34.23087,-111.32514,America/Phoenix
Peach Springs,AZ,35.52916,-113.42549,America/Phoenix
Peoria,AZ,33.5806,-112.23738,America/Phoenix
Peridot,AZ,33.31034,-110.45538,America/Phoenix
Phoenix,AZ,33.44838,-112.07404,America/Phoenix
Picture Rocks,AZ,32.34591,-111.24621,America/Phoenix
Pima,AZ,32.89656,-109.82835,America/Phoenix
Pine,AZ,34.38447,-111.45514,America/Phoenix
Pinetop-Lakeside,AZ,34.14254,-109.96038,America/Phoenix
Pirtleville,AZ,31.35716,-109.56352,America/Phoenix
Prescott,AZ,34.54002,-112.4685,America/Phoenix
Prescott Valley,AZ,34.61002,-112.31572,America/Phoenix
Quartzsite,AZ,33.66391,-114.22995,America/Phoenix
Queen Creek,AZ,33.24866,-111.6343,America/Phoenix
Rio Rico,AZ,31.47148,-110.97648,America/Phoenix
Rio Verde,AZ,33.72254,-111.67569,America/Phoenix
Sacaton,AZ,33.07672,-111.7393,America/Phoenix
Saddlebrooke,AZ,32.53945,-110.90057,America/Phoenix
Safford,AZ,32.83395,-109.70758,America/Phoenix
Sahuarita,AZ,31.95758,-110.95565,America/Phoenix
Saint David,AZ,31.90425,-110.21424,America/Phoenix
Saint Johns,AZ,34.50587,-109.36093,America/Phoenix
Saint Michaels,AZ,35.64474,-109.09565,America/Denver
Salome,AZ,33.78114,-113.61465,America/Phoenix
San Carlos,AZ,33.34562,-110.45504,America/Phoenix
San Carlos,AZ,33.34588,-111.8507,America/Phoenix
San Luis,AZ,32.487,-114.78218,America/Phoenix
San Manuel,AZ,32.59979,-110.63093,America/Phoenix
San Tan Valley,AZ,33.1911,-111.528,America/Phoenix
Scenic,AZ,36.79359,-114.01275,America/Phoenix
Scottsdale,AZ,33.50921,-111.89903,America/Phoenix
Sedona,AZ,34.86974,-111.76099,America/Phoenix
Sells,AZ,31.91202,-111.88123,America/Phoenix
Show Low,AZ,34.25421,-110.02983,America/Phoenix
Sierra Vista,AZ,31.55454,-110.30369,America/Phoenix
Sierra Vista Southeast,AZ,31.45385,-110.21637,America/Phoenix
Six Shooter Canyon,AZ,33.36678,-110.7746,America/Phoenix
Snowflake,AZ,34.51337,-110.07845,America/Phoenix
Somerton,AZ,32.59644,-114.70968,America/Phoenix
South Tucson,AZ,32.19952,-110.96842,America/Phoenix
Spring Valley,AZ,34.34503,-112.15905,America/Phoenix
Springerville,AZ,34.13355,-109.28834,America/Phoenix
Star Valley,AZ,34.25504,-111.25847,America/Phoenix
Summit,AZ,32.06702,-110.95148,America/Phoenix
Sun City,AZ,33.59754,-112.27182,America/Phoenix
Sun City West,AZ,33.66198,-112.34127,America/Phoenix
Sun Lakes,AZ,33.21116,-111.87542,America/Phoenix
Sun Valley,AZ,34.2542,-111.26125,America/Phoenix
Superior,AZ,33.29395,-111.09623,America/Phoenix
Surprise,AZ,33.63059,-112.33322,America/Phoenix
Swift Trail Junction,AZ,32.72979,-109.71397,America/Phoenix
Tanque Verde,AZ,32.25174,-110.73731,America/Phoenix
Taylor,AZ,34.46504,-110.09123,America/Phoenix
Tempe,AZ,33.41477,-111.90931,America/Phoenix
Tempe Junction,AZ,33.41421,-111.94348,America/Phoenix
Thatcher,AZ,32.84923,-109.75925,America/Phoenix
Three Points,AZ,32.07675,-111.31371,America/Phoenix
Tolleson,AZ,33.45004,-112.25932,America/Phoenix
Tombstone,AZ,31.71287,-110.06758,America/Phoenix
Tonto Basin,AZ,33.83171,-111.29457,America/Phoenix
Tortolita,AZ,32.41035,-111.01732,America/Phoenix
Tsaile,AZ,36.3033,-109.21566,America/Denver
Tuba City,AZ,36.13499,-111.23986,America/Denver
Tubac,AZ,31.61259,-111.04592,America/Phoenix
Tucson,AZ,32.22174,-110.92648,America/Phoenix
Tucson Estates,AZ,32.18758,-111.09093,America/Phoenix
Vail,AZ,32.04786,-110.71203,America/Phoenix
Valencia West,AZ,32.13238,-111.11414,America/Phoenix
Valle Vista,AZ,35.41088,-113.86271,America/Phoenix
Verde Village,AZ,34.7105,-112.01152,America/Phoenix
Village of Oak Creek (Big Park),AZ,34.7809,-111.76227,America/Phoenix
Wellton,AZ,32.67283,-114.14688,America/Phoenix
West Sedona,AZ,34.86724,-111.80543,America/Phoenix
Whetstone,AZ,31.69251,-110.35013,America/Phoenix
White Mountain Lake,AZ,34.34865,-109.99789,America/Phoenix
Whiteriver,AZ,33.83699,-109.96427,America/Phoenix
Wickenburg,AZ,33.96864,-112.72962,America/Phoenix
Willcox,AZ,32.25285,-109.83201,America/Phoenix
Williams,AZ,35.24946,-112.191,America/Phoenix
Williamson,AZ,34.69002,-112.54101,America/Phoenix
Willow Valley,AZ,34.91195,-114.60663,America/Phoenix
Window Rock,AZ,35.68057,-109.05259,America/Denver
Winslow,AZ,35.02419,-110.69736,America/Phoenix
Youngtown,AZ,33.59393,-112.30294,America/Phoenix
Yuma,AZ,32.72532,-114.6244,America/Phoenix
Acalanes Ridge,CA,37.90472,-122.07857,America/Los_Angeles
Acton,CA,34.46999,-118.19674,America/Los_Angeles
Adelanto,CA,34.58277,-117.40922,America/Los_Angeles
Agoura,CA,34.14306,-118.73787,America/Los_Angeles
Agoura Hills,CA,34.13639,-118.77453,America/Los_Angeles
Agua Caliente,CA,38.32408,-122.48804,America/Los_Angeles
Agua Dulce,CA,34.49638,-118.32563,America/Los_Angeles
Aguanga,CA,33.44281,-116.86502,America/Los_Angeles
Ahwahnee,CA,37.3655,-119.72627,America/Los_Angeles
Alameda,CA,37.77099,-122.26087,America/Los_Angeles
Alamo,CA,37.8502,-122.03218,America/Los_Angeles
Albany,CA,37.88687,-122.29775,America/Los_Angeles
Alhambra,CA,34.09529,-118.12701,America/Los_Angeles
Aliso Viejo,CA,33.56504,-117.72712,America/Los_Angeles
Allendale,CA,38.44463,-121.94302,America/Los_Angeles
Alondra Park,CA,33.88946,-118.33091,America/Los_Angeles
Alpaugh,CA,35.88773,-119.48734,America/Los_Angeles
Alpine,CA,32.83505,-116.76641,America/Los_Angeles
Alta Sierra,CA,35.73126,-118.5539,America/Los_Angeles
Alta Sierra,CA,39.14156,-121.05384,America/Los_Angeles
Altadena,CA,34.18973,-118.13118,America/Los_Angeles
Alturas,CA,41.48714,-120.54349,America/Los_Angeles
Alum Rock,CA,37.36605,-121.82718,America/Los_Angeles
American Canyon,CA,38.17492,-122.2608,America/Los_Angeles
Amesti,CA,36.96356,-121.77912,America/Los_Angeles
Anaheim,CA,33.83529,-117.9145,America/Los_Angeles
Anderson,CA,40.44821,-122.29778,America/Los_Angeles
Angels Camp,CA,38.06826,-120.53965,America/Los_Angeles
Angwin,CA,38.57574,-122.44998,America/Los_Angeles
Antelope,CA,38.70824,-121.32995,America/Los_Angeles
Antioch,CA,38.00492,-121.80579,America/Los_Angeles
Anza,CA,33.55503,-116.67363,America/Los_Angeles
Apple Valley,CA,34.50083,-117.18588,America/Los_Angeles
Aptos,CA,36.97717,-121.8994,America/Los_Angeles
Aptos Hills-Larkin Valley,CA,36.96064,-121.83404,America/Los_Angeles
Arbuckle,CA,39.0174,-122.05775,America/Los_Angeles
Arcadia,CA,34.13973,-118.03534,America/Los_Angeles
Arcata,CA,40.86652,-124.08284,America/Los_Angeles
Arden-Arcade,CA,38.6025,-121.37854,America/Los_Angeles
Armona,CA,36.31578,-119.70846,America/Los_Angeles
Arnold,CA,38.25547,-120.35103,America/Los_Angeles
Aromas,CA,36.88856,-121.643,America/Los_Angeles
Arroyo Grande,CA,35.11859,-120.59073,America/Los_Angeles
Artesia,CA,33.86585,-118.08312,America/Los_Angeles
Arvin,CA,35.20913,-118.82843,America/Los_Angeles
Ashland,CA,37.69465,-122.11385,America/Los_Angeles
Atascadero,CA,35.48942,-120.67073,America/Los_Angeles
Atherton,CA,37.46133,-122.19774,America/Los_Angeles
Atwater,CA,37.34772,-120.60908,America/Los_Angeles
Atwater Village,CA,34.1164,-118.25646,America/Los_Angeles
Auberry,CA,37.08078,-119.48541,America/Los_Angeles
Auburn,CA,38.89657,-121.07689,America/Los_Angeles
Auburn Lake Trails,CA,38.91434,-120.95244,America/Los_Angeles
August,CA,37.97881,-121.26217,America/Los_Angeles
Avalon,CA,33.34281,-118.32785,America/Los_Angeles
Avenal,CA,36.00412,-120.12903,America/Los_Angeles
Avila Beach,CA,35.17998,-120.73184,America/Los_Angeles
Avocado Heights,CA,34.03612,-117.99118,America/Los_Angeles
Azusa,CA,34.13362,-117.90756,America/Los_Angeles
Bakersfield,CA,35.37329,-119.01871,America/Los_Angeles
Baldwin Park,CA,34.08529,-117.9609,America/Los_Angeles
Banning,CA,33.92557,-116.87641,America/Los_Angeles
Barstow,CA,34.89859,-117.02282,America/Los_Angeles
Barstow Heights,CA,34.86971,-117.05615,America/Los_Angeles
Bay Point,CA,38.02909,-121.96163,America/Los_Angeles
Bayside,CA,40.84235,-124.06367,America/Los_Angeles
Bayview,CA,40.77263,-124.18395,America/Los_Angeles
Bayview,CA,38.00702,-122.31878,America/Los_Angeles
Bayview-Hunters Point,CA,37.72855,-122.38107,America/Los_Angeles
Beale Air Force Base,CA,39.10917,-121.35444,America/Los_Angeles
Bear Valley Springs,CA,35.15913,-118.62842,America/Los_Angeles
Beaumont,CA,33.92946,-116.97725,America/Los_Angeles
Bel Air,CA,34.08334,-118.44869,America/Los_Angeles
Bell,CA,33.97751,-118.18702,America/Los_Angeles
Bell Gardens,CA,33.96529,-118.15146,America/Los_Angeles
Bella Vista,CA,40.64071,-122.2325,America/Los_Angeles
Bellflower,CA,33.88168,-118.11701,America/Los_Angeles
Belmont,CA,37.52021,-122.2758,America/Los_Angeles
Belvedere,CA,34.04057,-118.16924,America/Los_Angeles
Belvedere,CA,37.8727,-122.46442,America/Los_Angeles
Ben Lomond,CA,37.08911,-122.08635,America/Los_Angeles
Benicia,CA,38.04937,-122.15858,America/Los_Angeles
Berkeley,CA,37.87159,-122.27275,America/Los_Angeles
Bermuda Dunes,CA,33.7428,-116.28918,America/Los_Angeles
Berry Creek,CA,39.64516,-121.4033,America/Los_Angeles
Bertsch-Oceanview,CA,41.7525,-124.15875,America/Los_Angeles
Bethel Island,CA,38.01492,-121.64051,America/Los_Angeles
Beverly Hills,CA,34.07362,-118.40036,America/Los_Angeles
Big Bear City,CA,34.26112,-116.84503,America/Los_Angeles
Big Bear Lake,CA,34.2439,-116.91142,America/Los_Angeles
Big Pine,CA,37.16493,-118.28955,America/Los_Angeles
Big River,CA,34.14002,-114.36134,America/Los_Angeles
Biggs,CA,39.41239,-121.71275,America/Los_Angeles
Biola,CA,36.80217,-120.01627,America/Los_Angeles
Bishop,CA,37.36354,-118.39511,America/Los_Angeles
Black Point-Green Point,CA,38.11547,-122.51318,America/Los_Angeles
Blackhawk,CA,37.82076,-121.90774,America/Los_Angeles
Bloomington,CA,34.07029,-117.39588,America/Los_Angeles
Blue Lake,CA,40.88291,-123.98395,America/Los_Angeles
Blythe,CA,33.6103,-114.59635,America/Los_Angeles
Bodega Bay,CA,38.33325,-123.04806,America/Los_Angeles
Bodfish,CA,35.58801,-118.49203,America/Los_Angeles
Bolinas,CA,37.90937,-122.68637,America/Los_Angeles
Bonadelle Ranchos-Madera Ranchos,CA,36.98467,-119.87463,America/Los_Angeles
Bonita,CA,32.65783,-117.03003,America/Los_Angeles
Bonny Doon,CA,37.04162,-122.15052,America/Los_Angeles
Bonsall,CA,33.28892,-117.22559,America/Los_Angeles
Boonville,CA,39.00907,-123.36612,America/Los_Angeles
Boron,CA,34.99942,-117.64978,America/Los_Angeles
Boronda,CA,36.69885,-121.67495,America/Los_Angeles
Borrego Springs,CA,33.25587,-116.37501,America/Los_Angeles
Bostonia,CA,32.80755,-116.93642,America/Los_Angeles
Boulder Creek,CA,37.12606,-122.12219,America/Los_Angeles
Boyes Hot Springs,CA,38.3138,-122.48193,America/Los_Angeles
Boyle Heights,CA,34.0339,-118.20535,America/Los_Angeles
Bradbury,CA,34.14695,-117.9709,America/Los_Angeles
Brawley,CA,32.97866,-115.53027,America/Los_Angeles
Brea,CA,33.91668,-117.90006,America/Los_Angeles
Brentwood,CA,37.93187,-121.69579,America/Los_Angeles
Brentwood,CA,34.05195,-118.47397,America/Los_Angeles
Bret Harte,CA,37.60207,-121.00519,America/Los_Angeles
Bridgeport,CA,38.25575,-119.23127,America/Los_Angeles
Brisbane,CA,37.68077,-122.39997,America/Los_Angeles
Broadmoor,CA,37.6866,-122.48275,America/Los_Angeles
Brookdale,CA,37.10634,-122.10608,America/Los_Angeles
Brooktrails,CA,39.44377,-123.38529,America/Los_Angeles
Buckhorn,CA,38.45216,-120.52854,America/Los_Angeles
Buellton,CA,34.6136,-120.19265,America/Los_Angeles
Buena Park,CA,33.86751,-117.99812,America/Los_Angeles
Buena Vista,CA,37.32133,-121.91662,America/Los_Angeles
Burbank,CA,34.18084,-118.30897,America/Los_Angeles
Burbank,CA,37.32328,-121.93162,America/Los_Angeles
Burlingame,CA,37.5841,-122.36608,America/Los_Angeles
Burney,CA,40.88238,-121.66082,America/Los_Angeles
Buttonwillow,CA,35.40052,-119.46956,America/Los_Angeles
Byron,CA,37.86715,-121.63801,America/Los_Angeles
Bystrom,CA,37.62076,-120.98577,America/Los_Angeles
Cabazon,CA,33.91752,-116.78724,America/Los_Angeles
Calabasas,CA,34.15778,-118.63842,America/Los_Angeles
Calexico,CA,32.67895,-115.49888,America/Los_Angeles
California City,CA,35.1258,-117.9859,America/Los_Angeles
Calimesa,CA,34.0039,-117.06198,America/Los_Angeles
Calipatria,CA,33.1256,-115.51415,America/Los_Angeles
Calistoga,CA,38.5788,-122.57971,America/Los_Angeles
Callender,CA,35.05303,-120.59628,America/Los_Angeles
Camarillo,CA,34.21639,-119.0376,America/Los_Angeles
Cambria,CA,35.56414,-121.08075,America/Los_Angeles
Cambrian Park,CA,37.25689,-121.93079,America/Los_Angeles
Cameron Park,CA,38.66879,-120.98716,America/Los_Angeles
Camino,CA,38.73824,-120.67493,America/Los_Angeles
Camp Meeker,CA,38.42519,-122.95944,America/Los_Angeles
Camp Pendleton North,CA,33.31465,-117.31603,America/Los_Angeles
Camp Pendleton South,CA,33.22844,-117.37929,America/Los_Angeles
Campbell,CA,37.28717,-121.94996,America/Los_Angeles
Campo,CA,32.60645,-116.46891,America/Los_Angeles
Canoga Park,CA,34.20112,-118.59814,America/Los_Angeles
Canyon Country,CA,34.42333,-118.47203,America/Los_Angeles
Canyon Lake,CA,33.68502,-117.27309,America/Los_Angeles
Capitola,CA,36.97523,-121.95329,America/Los_Angeles
Carlsbad,CA,33.15809,-117.35059,America/Los_Angeles
Carmel Valley Village,CA,36.50605,-121.76594,America/Los_Angeles
Carmel-by-the-Sea,CA,36.55524,-121.92329,America/Los_Angeles
Carmichael,CA,38.61713,-121.32828,America/Los_Angeles
Carpinteria,CA,34.39888,-119.51846,America/Los_Angeles
Carson,CA,33.83141,-118.28202,America/Los_Angeles
Caruthers,CA,36.54273,-119.8332,America/Los_Angeles
Casa Conejo,CA,34.18362,-118.94343,America/Los_Angeles
Casa de Oro-Mount Helix,CA,32.76397,-116.96877,America/Los_Angeles
Castaic,CA,34.48888,-118.62287,America/Los_Angeles
Castro Valley,CA,37.6941,-122.08635,America/Los_Angeles
Castroville,CA,36.76579,-121.758,America/Los_Angeles
Cathedral City,CA,33.77974,-116.46529,America/Los_Angeles
Cayucos,CA,35.44275,-120.89213,America/Los_Angeles
Cedar Ridge,CA,38.06576,-120.27686,America/Los_Angeles
Central Valley (historical),CA,40.68043,-122.37112,America/Los_Angeles
Century City,CA,34.05557,-118.41786,America/Los_Angeles
Ceres,CA,37.59493,-120.95771,America/Los_Angeles
Cerritos,CA,33.85835,-118.06479,America/Los_Angeles
Challenge-Brownsville,CA,39.46447,-121.26338,America/Los_Angeles
Channel Islands Beach,CA,34.15806,-119.22316,America/Los_Angeles
Charter Oak,CA,34.10306,-117.84589,America/Los_Angeles
Chatsworth,CA,34.25723,-118.6012,America/Los_Angeles
Cherry Valley,CA,33.97252,-116.97725,America/Los_Angeles
Cherryland,CA,37.67938,-122.1033,America/Los_Angeles
Chester,CA,40.30627,-121.23191,America/Los_Angeles
Chico,CA,39.72849,-121.83748,America/Los_Angeles
China Lake Acres,CA,35.64051,-117.76395,America/Los_Angeles
Chinatown,CA,37.79993,-122.27025,America/Los_Angeles
Chinatown,CA,37.7966,-122.40858,America/Los_Angeles
Chino,CA,34.01223,-117.68894,America/Los_Angeles
Chino Hills,CA,33.9938,-117.75888,America/Los_Angeles
Chowchilla,CA,37.123,-120.26018,America/Los_Angeles
Chualar,CA,36.57052,-121.51855,America/Los_Angeles
Chula Vista,CA,32.64005,-117.0842,America/Los_Angeles
Citrus,CA,34.11501,-117.89173,America/Los_Angeles
Citrus Heights,CA,38.70712,-121.28106,America/Los_Angeles
Claremont,CA,34.09668,-117.71978,America/Los_Angeles
Clay,CA,38.33602,-121.15939,America/Los_Angeles
Clayton,CA,37.94103,-121.93579,America/Los_Angeles
Clear Lake Riviera,CA,38.95406,-122.72082,America/Los_Angeles
Clearlake,CA,38.95823,-122.62637,America/Los_Angeles
Clearlake Oaks,CA,39.02628,-122.67193,America/Los_Angeles
Cloverdale,CA,38.80546,-123.01722,America/Los_Angeles
Clovis,CA,36.82523,-119.70292,America/Los_Angeles
Coachella,CA,33.6803,-116.17389,America/Los_Angeles
Coalinga,CA,36.13968,-120.36015,America/Los_Angeles
Coarsegold,CA,37.26217,-119.70098,America/Los_Angeles
Cobb,CA,38.82213,-122.72305,America/Los_Angeles
Colfax,CA,39.10073,-120.95328,America/Los_Angeles
Collierville,CA,38.21464,-121.26884,America/Los_Angeles
Colma,CA,37.67688,-122.45969,America/Los_Angeles
Colton,CA,34.0739,-117.31365,America/Los_Angeles
Columbia,CA,38.03631,-120.40131,America/Los_Angeles
Colusa,CA,39.21433,-122.00942,America/Los_Angeles
Commerce,CA,34.00057,-118.15979,America/Los_Angeles
Communications Hill,CA,37.289,-121.8551,America/Los_Angeles
Compton,CA,33.89585,-118.22007,America/Los_Angeles
Concord,CA,37.97798,-122.03107,America/Los_Angeles
Contra Costa Centre,CA,37.92752,-122.05786,America/Los_Angeles
Cool,CA,38.88722,-121.01472,America/Los_Angeles
Copperopolis,CA,37.98104,-120.64187,America/Los_Angeles
Corcoran,CA,36.09801,-119.5604,America/Los_Angeles
Corning,CA,39.92766,-122.17916,America/Los_Angeles
Corona,CA,33.87529,-117.56644,America/Los_Angeles
Coronado,CA,32.68589,-117.18309,America/Los_Angeles
Corralitos,CA,36.98856,-121.80634,America/Los_Angeles
Corte Madera,CA,37.92548,-122.52748,America/Los_Angeles
Costa Mesa,CA,33.64113,-117.91867,America/Los_Angeles
Cotati,CA,38.32686,-122.70721,America/Los_Angeles
Coto De Caza,CA,33.60419,-117.58699,America/Los_Angeles
Cottonwood,CA,38.65824,-121.97108,America/Los_Angeles
Cottonwood,CA,40.38571,-122.28084,America/Los_Angeles
Country Club,CA,37.96881,-121.34078,America/Los_Angeles
Covelo,CA,39.79327,-123.24922,America/Los_Angeles
Covina,CA,34.09001,-117.89034,America/Los_Angeles
Crescent City,CA,41.75595,-124.20175,America/Los_Angeles
Crest,CA,32.80727,-116.86808,America/Los_Angeles
Crestline,CA,34.24195,-117.2856,America/Los_Angeles
Crockett,CA,38.05242,-122.21302,America/Los_Angeles
Cudahy,CA,33.96057,-118.18535,America/Los_Angeles
Culver City,CA,34.02112,-118.39647,America/Los_Angeles
Cupertino,CA,37.323,-122.03218,America/Los_Angeles
Cutler,CA,36.52328,-119.28678,America/Los_Angeles
Cutten,CA,40.76985,-124.14284,America/Los_Angeles
Cypress,CA,33.81696,-118.03729,America/Los_Angeles
Cypress Village,CA,33.68787,-117.75916,America/Los_Angeles
Daly City,CA,37.70577,-122.46192,America/Los_Angeles
Dana Point,CA,33.46697,-117.69811,America/Los_Angeles
Danville,CA,37.82159,-121.99996,America/Los_Angeles
Davis,CA,38.54491,-121.74052,America/Los_Angeles
Day Valley,CA,37.03578,-121.86246,America/Los_Angeles
Death Valley,CA,36.23962,-116.81133,America/Los_Angeles
Deer Park,CA,38.68185,-120.82327,America/Los_Angeles
Deer Park,CA,38.53269,-122.4697,America/Los_Angeles
Del Aire,CA,33.91613,-118.36952,America/Los_Angeles
Del Mar,CA,32.95949,-117.26531,America/Los_Angeles
Del Monte Forest,CA,36.58635,-121.94746,America/Los_Angeles
Del Rey,CA,36.65912,-119.59374,America/Los_Angeles
Del Rey Oaks,CA,36.59329,-121.83495,America/Los_Angeles
Del Rio,CA,37.74354,-121.01188,America/Los_Angeles
Delano,CA,35.76884,-119.24705,America/Los_Angeles
Delhi,CA,37.43216,-120.77854,America/Los_Angeles
Denair,CA,37.52632,-120.79687,America/Los_Angeles
Descanso,CA,32.85283,-116.61585,America/Los_Angeles
Desert Edge,CA,33.92417,-116.44139,America/Los_Angeles
Desert Hot Springs,CA,33.96173,-116.50353,America/Los_Angeles
Desert Shores,CA,33.4042,-116.03972,America/Los_Angeles
Desert View Highlands,CA,34.59082,-118.15257,America/Los_Angeles
Diablo,CA,37.83493,-121.95801,America/Los_Angeles
Diamond Bar,CA,34.02862,-117.81034,America/Los_Angeles
Diamond Springs,CA,38.69463,-120.81494,America/Los_Angeles
Dinuba,CA,36.54328,-119.38707,America/Los_Angeles
Discovery Bay,CA,37.90854,-121.60023,America/Los_Angeles
Dixon,CA,38.44546,-121.8233,America/Los_Angeles
Dixon Lane-Meadow Creek,CA,37.38639,-118.41527,America/Los_Angeles
Dogtown,CA,38.21381,-121.08855,America/Los_Angeles
Dollar Point,CA,39.18796,-120.09991,America/Los_Angeles
Dos Palos,CA,36.98606,-120.62657,America/Los_Angeles
Downey,CA,33.94001,-118.13257,America/Los_Angeles
Downieville,CA,39.55934,-120.82689,America/Los_Angeles
Duarte,CA,34.13945,-117.97729,America/Los_Angeles
Dublin,CA,37.70215,-121.93579,America/Los_Angeles
Dunnigan,CA,38.88518,-121.96969,America/Los_Angeles
Dunsmuir,CA,41.20821,-122.27195,America/Los_Angeles
Durham,CA,39.64627,-121.79998,America/Los_Angeles
Earlimart,CA,35.88412,-119.27233,America/Los_Angeles
East Foothills,CA,37.38105,-121.81745,America/Los_Angeles
East Hemet,CA,33.74002,-116.93891,America/Los_Angeles
East La Mirada,CA,33.92446,-117.98895,America/Los_Angeles
East Los Angeles,CA,34.0239,-118.17202,America/Los_Angeles
East Oakdale,CA,37.78798,-120.80382,America/Los_Angeles
East Palo Alto,CA,37.46883,-122.14108,America/Los_Angeles
East Pasadena,CA,34.13814,-118.07384,America/Los_Angeles
East Porterville,CA,36.05745,-118.97566,America/Los_Angeles
East Quincy,CA,39.93406,-120.89801,America/Los_Angeles
East Rancho Dominguez,CA,33.89807,-118.19535,America/Los_Angeles
East Richmond Heights,CA,37.94492,-122.31358,America/Los_Angeles
East San Gabriel,CA,34.113,-118.085,America/Los_Angeles
East Sonora,CA,37.9777,-120.3613,America/Los_Angeles
Easton,CA,36.65023,-119.7907,America/Los_Angeles
Eastvale,CA,33.96358,-117.56418,America/Los_Angeles
Echo Park,CA,34.07808,-118.26066,America/Los_Angeles
Edwards Air Force Base,CA,34.91637,-117.93535,America/Los_Angeles
El Cajon,CA,32.79477,-116.96253,America/Los_Angeles
El Camino Real,CA,33.69662,-117.77668,America/Los_Angeles
El Centro,CA,32.792,-115.56305,America/Los_Angeles
El Cerrito,CA,37.91576,-122.31164,America/Los_Angeles
El Cerrito Corona,CA,33.84057,-117.52283,America/Los_Angeles
El Dorado Hills,CA,38.68574,-121.08217,America/Los_Angeles
El Granada,CA,37.50272,-122.46942,America/Los_Angeles
El Monte,CA,34.06862,-118.02757,America/Los_Angeles
El Rio,CA,34.23578,-119.16383,America/Los_Angeles
El Segundo,CA,33.91918,-118.41647,America/Los_Angeles
El Sobrante,CA,37.97715,-122.29525,America/Los_Angeles
El Verano,CA,38.29769,-122.49165,America/Los_Angeles
Eldridge,CA,38.3488,-122.51081,America/Los_Angeles
Elk Grove,CA,38.4088,-121.37162,America/Los_Angeles
Elkhorn,CA,36.8244,-121.7405,America/Los_Angeles
Elverta,CA,38.71379,-121.46273,America/Los_Angeles
Emerald Lake Hills,CA,37.46466,-122.26802,America/Los_Angeles
Emeryville,CA,37.83132,-122.28525,America/Los_Angeles
Empire,CA,37.63826,-120.90215,America/Los_Angeles
Encinitas,CA,33.03699,-117.29198,America/Los_Angeles
Encino,CA,34.15917,-118.50119,America/Los_Angeles
Escalon,CA,37.79781,-120.99792,America/Los_Angeles
Escondido,CA,33.11921,-117.08642,America/Los_Angeles
Esparto,CA,38.69213,-122.01719,America/Los_Angeles
Eucalyptus Hills,CA,32.87977,-116.94669,America/Los_Angeles
Eureka,CA,40.80207,-124.16367,America/Los_Angeles
Exeter,CA,36.29606,-119.14205,America/Los_Angeles
Fair Oaks,CA,38.64463,-121.27217,America/Los_Angeles
Fairbanks Ranch,CA,32.99393,-117.18726,America/Los_Angeles
Fairfax,CA,37.98715,-122.58887,America/Los_Angeles
Fairfield,CA,38.24936,-122.03997,America/Los_Angeles
Fairmead,CA,37.07633,-120.19295,America/Los_Angeles
Fairview,CA,37.67854,-122.0458,America/Los_Angeles
Fallbrook,CA,33.37642,-117.25115,America/Los_Angeles
Farmersville,CA,36.29773,-119.20678,America/Los_Angeles
Felton,CA,37.05134,-122.0733,America/Los_Angeles
Ferndale,CA,40.57624,-124.26394,America/Los_Angeles
Fetters Hot Springs-Agua Caliente,CA,38.3214,-122.48682,America/Los_Angeles
Fillmore,CA,34.39916,-118.91815,America/Los_Angeles
Firebaugh,CA,36.85884,-120.45601,America/Los_Angeles
Florence-Graham,CA,33.96772,-118.24438,America/Los_Angeles
Florin,CA,38.49602,-121.40884,America/Los_Angeles
Folsom,CA,38.67796,-121.17606,America/Los_Angeles
Fontana,CA,34.09223,-117.43505,America/Los_Angeles
Foothill Farms,CA,38.67877,-121.35114,America/Los_Angeles
Foothill Ranch,CA,33.68641,-117.66088,America/Los_Angeles
Ford City,CA,35.15441,-119.45623,America/Los_Angeles
Forest Meadows,CA,38.16851,-120.40659,America/Los_Angeles
Forest Ranch,CA,39.88211,-121.67275,America/Los_Angeles
Foresthill,CA,39.02018,-120.81799,America/Los_Angeles
Forestville,CA,38.47352,-122.89027,America/Los_Angeles
Fort Bragg,CA,39.44572,-123.80529,America/Los_Angeles
Fort Dick,CA,41.86789,-124.14897,America/Los_Angeles
Fort Irwin,CA,35.26275,-116.68475,America/Los_Angeles
Fortuna,CA,40.59819,-124.15728,America/Los_Angeles
Foster City,CA,37.55855,-122.27108,America/Los_Angeles
Fountain Valley,CA,33.70918,-117.95367,America/Los_Angeles
Fowler,CA,36.63051,-119.67847,America/Los_Angeles
Frazier Park,CA,34.82276,-118.94482,America/Los_Angeles
Freedom,CA,36.93523,-121.77301,America/Los_Angeles
Fremont,CA,37.54827,-121.98857,America/Los_Angeles
French Camp,CA,37.88409,-121.27106,America/Los_Angeles
Fresno,CA,36.74773,-119.77237,America/Los_Angeles
Fruitridge Pocket,CA,38.53265,-121.45581,America/Los_Angeles
Fullerton,CA,33.87029,-117.92534,America/Los_Angeles
Galt,CA,38.25464,-121.29995,America/Los_Angeles
Garden Acres,CA,37.96381,-121.22939,America/Los_Angeles
Garden Grove,CA,33.77391,-117.94145,America/Los_Angeles
Gardena,CA,33.88835,-118.30896,America/Los_Angeles
Garnet,CA,33.927,-116.477,America/Los_Angeles
Georgetown,CA,38.90684,-120.83855,America/Los_Angeles
Gerber,CA,40.05627,-122.15027,America/Los_Angeles
Gilroy,CA,37.00578,-121.56828,America/Los_Angeles
Glen Avon,CA,34.01168,-117.48477,America/Los_Angeles
Glendale,CA,34.14251,-118.25508,America/Los_Angeles
Glendora,CA,34.13612,-117.86534,America/Los_Angeles
Gold River,CA,38.62629,-121.24662,America/Los_Angeles
Golden Hills,CA,35.14247,-118.49036,America/Los_Angeles
Goleta,CA,34.43583,-119.82764,America/Los_Angeles
Gonzales,CA,36.50663,-121.44438,America/Los_Angeles
Good Hope,CA,33.76474,-117.26698,America/Los_Angeles
Goshen,CA,36.35106,-119.42012,America/Los_Angeles
Grand Terrace,CA,34.0339,-117.31365,America/Los_Angeles
Granite Bay,CA,38.76323,-121.16384,America/Los_Angeles
Granite Hills,CA,32.80311,-116.90475,America/Los_Angeles
Grass Valley,CA,39.21906,-121.06106,America/Los_Angeles
Graton,CA,38.4363,-122.86972,America/Los_Angeles
Green Acres,CA,33.73808,-117.07642,America/Los_Angeles
Green Valley,CA,34.62165,-118.41397,America/Los_Angeles
Green Valley,CA,38.25297,-122.16219,America/Los_Angeles
Greenacres,CA,35.38329,-119.10983,America/Los_Angeles
Greenfield,CA,35.26885,-119.00288,America/Los_Angeles
Greenfield,CA,36.3208,-121.24381,America/Los_Angeles
Greenville,CA,40.13961,-120.95107,America/Los_Angeles
Gridley,CA,39.36378,-121.69358,America/Los_Angeles
Grover Beach,CA,35.12164,-120.62128,America/Los_Angeles
Guadalupe,CA,34.97164,-120.57184,America/Los_Angeles
Guerneville,CA,38.50186,-122.99611,America/Los_Angeles
Gustine,CA,37.25772,-120.99882,America/Los_Angeles
Hacienda Heights,CA,33.99307,-117.96868,America/Los_Angeles
Half Moon Bay,CA,37.46355,-122.42859,America/Los_Angeles
Hamilton City,CA,39.74266,-122.01359,America/Los_Angeles
Hanford,CA,36.32745,-119.64568,America/Los_Angeles
Happy Camp,CA,41.79275,-123.3808,America/Los_Angeles
Harbison Canyon,CA,32.82033,-116.83002,America/Los_Angeles
Hartley,CA,38.41713,-121.94691,America/Los_Angeles
Hawaiian Gardens,CA,33.8314,-118.07284,America/Los_Angeles
Hawthorne,CA,33.9164,-118.35257,America/Los_Angeles
Hayfork,CA,40.55431,-123.18308,America/Los_Angeles
Hayward,CA,37.66882,-122.0808,America/Los_Angeles
Healdsburg,CA,38.61047,-122.86916,America/Los_Angeles
Heber,CA,32.73089,-115.52972,America/Los_Angeles
Hemet,CA,33.74761,-116.97307,America/Los_Angeles
Herald,CA,38.29575,-121.24439,America/Los_Angeles
Hercules,CA,38.01714,-122.28858,America/Los_Angeles
Hermosa Beach,CA,33.86224,-118.39952,America/Los_Angeles
Hesperia,CA,34.42639,-117.30088,America/Los_Angeles
Hidden Hills,CA,34.16028,-118.65231,America/Los_Angeles
Hidden Meadows,CA,33.22531,-117.11253,America/Los_Angeles
Hidden Valley Lake,CA,38.80796,-122.55832,America/Los_Angeles
Highgrove,CA,34.01585,-117.33338,America/Los_Angeles
Highland,CA,34.12834,-117.20865,America/Los_Angeles
Highlands-Baywood Park,CA,37.52272,-122.34506,America/Los_Angeles
Hillsborough,CA,37.5741,-122.37942,America/Los_Angeles
Hilmar-Irwin,CA,37.40454,-120.85042,America/Los_Angeles
Hollister,CA,36.85245,-121.4016,America/Los_Angeles
Hollywood,CA,34.09834,-118.32674,America/Los_Angeles
Holtville,CA,32.81116,-115.38026,America/Los_Angeles
Home Garden,CA,36.30328,-119.63624,America/Los_Angeles
Home Gardens,CA,33.87807,-117.52088,America/Los_Angeles
Homeland,CA,33.74308,-117.1092,America/Los_Angeles
Hughson,CA,37.59688,-120.86604,America/Los_Angeles
Humboldt Hill,CA,40.72596,-124.18978,America/Los_Angeles
Huntington Beach,CA,33.6603,-117.99923,America/Los_Angeles
Huntington Park,CA,33.98168,-118.22507,America/Los_Angeles
Huron,CA,36.20273,-120.10292,America/Los_Angeles
Hydesville,CA,40.54763,-124.09727,America/Los_Angeles
Idyllwild,CA,33.74002,-116.71891,America/Los_Angeles
Idyllwild-Pine Cove,CA,33.74429,-116.72587,America/Los_Angeles
Imperial,CA,32.84755,-115.56944,America/Los_Angeles
Imperial Beach,CA,32.58394,-117.11308,America/Los_Angeles
Indian Wells,CA,33.71791,-116.34311,America/Los_Angeles
Indio,CA,33.7207,-116.21677,America/Los_Angeles
Inglewood,CA,33.96168,-118.35313,America/Los_Angeles
Interlaken,CA,36.95134,-121.73384,America/Los_Angeles
Inverness,CA,38.10103,-122.85694,America/Los_Angeles
Inyokern,CA,35.6469,-117.81257,America/Los_Angeles
Ione,CA,38.35269,-120.93272,America/Los_Angeles
Irvine,CA,33.66946,-117.82311,America/Los_Angeles
Irvine Health and Science Complex,CA,33.65803,-117.76525,America/Los_Angeles
Irwindale,CA,34.10695,-117.93534,America/Los_Angeles
Isla Vista,CA,34.41333,-119.86097,America/Los_Angeles
Ivanhoe,CA,36.38717,-119.21789,America/Los_Angeles
Jackson,CA,38.3488,-120.7741,America/Los_Angeles
Jamestown,CA,37.95326,-120.4227,America/Los_Angeles
Jamul,CA,32.717,-116.87613,America/Los_Angeles
Janesville,CA,40.29656,-120.52411,America/Los_Angeles
Johnstonville,CA,40.38434,-120.58745,America/Los_Angeles
Joshua Tree,CA,34.13473,-116.31307,America/Los_Angeles
Julian,CA,33.07866,-116.60196,America/Los_Angeles
Jurupa Valley,CA,33.99251,-117.51644,America/Los_Angeles
Kelseyville,CA,38.97795,-122.83944,America/Los_Angeles
Kennedy,CA,37.92992,-121.25272,America/Los_Angeles
Kensington,CA,37.91048,-122.28025,America/Los_Angeles
Kentfield,CA,37.95215,-122.5572,America/Los_Angeles
Kenwood,CA,38.4138,-122.54609,America/Los_Angeles
Kerman,CA,36.72356,-120.05988,America/Los_Angeles
Kernville,CA,35.75467,-118.42536,America/Los_Angeles
Kettleman City,CA,36.00829,-119.9618,America/Los_Angeles
Keyes,CA,37.5566,-120.91549,America/Los_Angeles
King City,CA,36.21274,-121.12603,America/Los_Angeles
Kings Beach,CA,39.23768,-120.02658,America/Los_Angeles
Kingsburg,CA,36.51384,-119.55402,America/Los_Angeles
Knightsen,CA,37.96881,-121.66801,America/Los_Angeles
Koreatown,CA,34.05779,-118.30091,America/Los_Angeles
La Cañada Flintridge,CA,34.19917,-118.18785,America/Los_Angeles
La Crescenta-Montrose,CA,34.23216,-118.23529,America/Los_Angeles
La Habra,CA,33.93196,-117.94617,America/Los_Angeles
La Habra Heights,CA,33.96085,-117.95062,America/Los_Angeles
La Jolla,CA,32.84727,-117.2742,America/Los_Angeles
La Mesa,CA,32.76783,-117.02308,America/Los_Angeles
La Mirada,CA,33.91724,-118.01201,America/Los_Angeles
La Palma,CA,33.8464,-118.04673,America/Los_Angeles
La Presa,CA,32.70811,-116.99725,America/Los_Angeles
La Puente,CA,34.02001,-117.94951,America/Los_Angeles
La Quinta,CA,33.66336,-116.31001,America/Los_Angeles
La Riviera,CA,38.56685,-121.3569,America/Los_Angeles
La Selva Beach,CA,36.93662,-121.86468,America/Los_Angeles
La Verne,CA,34.10084,-117.76784,America/Los_Angeles
Ladera,CA,37.39994,-122.1983,America/Los_Angeles
Ladera Heights,CA,33.99418,-118.37535,America/Los_Angeles
Ladera Ranch,CA,33.57086,-117.63561,America/Los_Angeles
Lafayette,CA,37.88576,-122.11802,America/Los_Angeles
Laguna,CA,38.42102,-121.42384,America/Los_Angeles
Laguna Beach,CA,33.54225,-117.78311,America/Los_Angeles
Laguna Hills,CA,33.61252,-117.71283,America/Los_Angeles
Laguna Niguel,CA,33.52253,-117.70755,America/Los_Angeles
Laguna Woods,CA,33.6103,-117.72533,America/Los_Angeles
Lagunitas-Forest Knolls,CA,38.01793,-122.69124,America/Los_Angeles
Lake Arrowhead,CA,34.24834,-117.18921,America/Los_Angeles
Lake Elsinore,CA,33.66808,-117.32726,America/Los_Angeles
Lake Forest,CA,33.64697,-117.68922,America/Los_Angeles
Lake Isabella,CA,35.61801,-118.47314,America/Los_Angeles
Lake Los Angeles,CA,34.61249,-117.82812,America/Los_Angeles
Lake Nacimiento,CA,35.7283,-120.87963,America/Los_Angeles
Lake San Marcos,CA,33.12615,-117.20837,America/Los_Angeles
Lake Wildwood,CA,39.23295,-121.20051,America/Los_Angeles
Lake of the Pines,CA,39.03962,-121.05661,America/Los_Angeles
Lakeland Village,CA,33.63863,-117.34393,America/Los_Angeles
Lakeport,CA,39.04295,-122.91583,America/Los_Angeles
Lakeside,CA,32.85727,-116.92225,America/Los_Angeles
Lakeview,CA,33.83863,-117.11809,America/Los_Angeles
Lakewood,CA,33.85363,-118.13396,America/Los_Angeles
Lamont,CA,35.25968,-118.91427,America/Los_Angeles
Lancaster,CA,34.69804,-118.13674,America/Los_Angeles
Larchmont,CA,34.07974,-118.31758,America/Los_Angeles
Larkfield-Wikiup,CA,38.51342,-122.75094,America/Los_Angeles
Larkspur,CA,37.93409,-122.53525,America/Los_Angeles
Las Flores,CA,34.03723,-118.63592,America/Los_Angeles
Las Flores,CA,33.58808,-117.62672,America/Los_Angeles
Las Lomas,CA,36.86523,-121.73495,America/Los_Angeles
Lathrop,CA,37.8227,-121.27661,America/Los_Angeles
Laton,CA,36.43328,-119.6868,America/Los_Angeles
Lawndale,CA,33.88724,-118.35257,America/Los_Angeles
Laytonville,CA,39.68821,-123.48279,America/Los_Angeles
Le Grand,CA,37.22855,-120.24823,America/Los_Angeles
Lebec,CA,34.84164,-118.86482,America/Los_Angeles
Lemon Grove,CA,32.74255,-117.03142,America/Los_Angeles
Lemoore,CA,36.30078,-119.78291,America/Los_Angeles
Lemoore Station,CA,36.26326,-119.90476,America/Los_Angeles
Lennox,CA,33.93807,-118.35258,America/Los_Angeles
Lenwood,CA,34.87665,-117.10393,America/Los_Angeles
Leona Valley,CA,34.61832,-118.28813,America/Los_Angeles
Lewiston,CA,40.70737,-122.80752,America/Los_Angeles
Lexington Hills,CA,37.16467,-121.97301,America/Los_Angeles
Lincoln,CA,38.89156,-121.29301,America/Los_Angeles
Lincoln Village,CA,38.0052,-121.32828,America/Los_Angeles
Linda,CA,39.12767,-121.5508,America/Los_Angeles
Linden,CA,38.02131,-121.08383,America/Los_Angeles
Lindsay,CA,36.20301,-119.08816,America/Los_Angeles
Littlerock,CA,34.5211,-117.98368,America/Los_Angeles
Live Oak,CA,36.98356,-121.98052,America/Los_Angeles
Live Oak,CA,39.27572,-121.65997,America/Los_Angeles
Livermore,CA,37.68187,-121.76801,America/Los_Angeles
Livingston,CA,37.38688,-120.72353,America/Los_Angeles
Lockeford,CA,38.16353,-121.14994,America/Los_Angeles
Lodi,CA,38.1302,-121.27245,America/Los_Angeles
Loma Linda,CA,34.04835,-117.26115,America/Los_Angeles
Loma Rica,CA,39.31183,-121.41774,America/Los_Angeles
Lomita,CA,33.79224,-118.31507,America/Los_Angeles
Lompico,CA,37.1055,-122.05274,America/Los_Angeles
Lompoc,CA,34.63915,-120.45794,America/Los_Angeles
London,CA,36.47606,-119.44318,America/Los_Angeles
Lone Pine,CA,36.60626,-118.06462,America/Los_Angeles
Long Beach,CA,33.76696,-118.18923,America/Los_Angeles
Longwood - Winton Grove,CA,37.65934,-122.10926,America/Los_Angeles
Loomis,CA,38.82129,-121.193,America/Los_Angeles
Los Alamitos,CA,33.80307,-118.07256,America/Los_Angeles
Los Alamos,CA,34.74443,-120.27821,America/Los_Angeles
Los Altos,CA,37.38522,-122.11413,America/Los_Angeles
Los Altos Hills,CA,37.37966,-122.13746,America/Los_Angeles
Los Angeles,CA,34.05223,-118.24368,America/Los_Angeles
Los Banos,CA,37.05828,-120.84992,America/Los_Angeles
Los Gatos,CA,37.22661,-121.97468,America/Los_Angeles
Los Molinos,CA,40.02127,-122.10027,America/Los_Angeles
Los Olivos,CA,34.66776,-120.11487,America/Los_Angeles
Los Osos,CA,35.31109,-120.8324,America/Los_Angeles
Los Serranos,CA,33.97279,-117.70811,America/Los_Angeles
Lost Hills,CA,35.61635,-119.69429,America/Los_Angeles
Lower Lake,CA,38.91045,-122.61026,America/Los_Angeles
Loyola,CA,37.35133,-122.10052,America/Los_Angeles
Lucas Valley-Marinwood,CA,38.04011,-122.5755,America/Los_Angeles
Lucerne,CA,36.38078,-119.6643,America/Los_Angeles
Lucerne,CA,39.09017,-122.79638,America/Los_Angeles
Lucerne Valley,CA,34.44389,-116.96781,America/Los_Angeles
Lynwood,CA,33.93029,-118.21146,America/Los_Angeles
Madera,CA,36.96134,-120.06072,America/Los_Angeles
Madera Acres,CA,37.01911,-120.06683,America/Los_Angeles
Magalia,CA,39.81211,-121.57831,America/Los_Angeles
Malibu,CA,34.02577,-118.7804,America/Los_Angeles
Mammoth Lakes,CA,37.64855,-118.97208,America/Los_Angeles
Manhattan Beach,CA,33.88474,-118.41091,America/Los_Angeles
Manteca,CA,37.79743,-121.21605,America/Los_Angeles
March Air Force Base,CA,33.89209,-117.2631,America/Los_Angeles
Maricopa,CA,35.05886,-119.40095,America/Los_Angeles
Marin City,CA,37.86854,-122.50914,America/Los_Angeles
Marina,CA,36.6844,-121.80217,America/Los_Angeles
Marina del Rey,CA,33.98162,-118.45371,America/Los_Angeles
Mariposa,CA,37.48494,-119.96628,America/Los_Angeles
Martinez,CA,38.01937,-122.13413,America/Los_Angeles
Marysville,CA,39.14573,-121.59135,America/Los_Angeles
Matheny,CA,36.17066,-119.35158,America/Los_Angeles
Maxwell,CA,39.27628,-122.19137,America/Los_Angeles
Mayflower Village,CA,34.11501,-118.00979,America/Los_Angeles
Maywood,CA,33.98668,-118.18535,America/Los_Angeles
McCloud,CA,41.25571,-122.13945,America/Los_Angeles
McFarland,CA,35.67801,-119.22927,America/Los_Angeles
McKinleyville,CA,40.94652,-124.10062,America/Los_Angeles
Mead Valley,CA,33.83335,-117.29615,America/Los_Angeles
Meadow Vista,CA,39.00101,-121.02189,America/Los_Angeles
Meadowbrook,CA,33.72578,-117.28509,America/Los_Angeles
Mecca,CA,33.57219,-116.0782,America/Los_Angeles
Meiners Oaks,CA,34.44694,-119.27928,America/Los_Angeles
Mendota,CA,36.75356,-120.38156,America/Los_Angeles
Menifee,CA,33.72835,-117.14642,America/Los_Angeles
Menlo Park,CA,37.45383,-122.18219,America/Los_Angeles
Mentone,CA,34.07001,-117.13448,America/Los_Angeles
Merced,CA,37.30216,-120.48297,America/Los_Angeles
Mesa Verde,CA,33.60586,-114.73107,America/Los_Angeles
Mid-City,CA,34.04126,-118.36058,America/Los_Angeles
Middletown,CA,38.7524,-122.61499,America/Los_Angeles
Midpines,CA,37.54438,-119.92045,America/Los_Angeles
Midway City,CA,33.74474,-117.98923,America/Los_Angeles
Mill Valley,CA,37.90604,-122.54498,America/Los_Angeles
Millbrae,CA,37.59855,-122.38719,America/Los_Angeles
Milpitas,CA,37.42827,-121.90662,America/Los_Angeles
Minkler,CA,36.72384,-119.45818,America/Los_Angeles
Mira Mesa,CA,32.9156,-117.14392,America/Los_Angeles
Mira Monte,CA,34.43361,-119.28511,America/Los_Angeles
Mission Canyon,CA,34.45083,-119.71291,America/Los_Angeles
Mission District,CA,37.75993,-122.41914,America/Los_Angeles
Mission Hills,CA,34.68609,-120.43683,America/Los_Angeles
Mission Viejo,CA,33.60002,-117.672,America/Los_Angeles
Modesto,CA,37.6391,-120.99688,America/Los_Angeles
Mojave,CA,35.05247,-118.17396,America/Los_Angeles
Mono Vista,CA,37.9977,-120.26991,America/Los_Angeles
Monrovia,CA,34.14806,-117.99895,America/Los_Angeles
Montague,CA,41.7282,-122.5278,America/Los_Angeles
Montalvin,CA,37.99548,-122.33275,America/Los_Angeles
Montara,CA,37.54216,-122.51609,America/Los_Angeles
Montclair,CA,34.07751,-117.68978,America/Los_Angeles
Monte Rio,CA,38.46547,-123.00889,America/Los_Angeles
Monte Sereno,CA,37.23633,-121.99246,America/Los_Angeles
Montebello,CA,34.00946,-118.10535,America/Los_Angeles
Montecito,CA,34.43666,-119.63208,America/Los_Angeles
Monterey,CA,36.60024,-121.89468,America/Los_Angeles
Monterey Park,CA,34.06251,-118.12285,America/Los_Angeles
Monument Hills,CA,38.66429,-121.87566,America/Los_Angeles
Moorpark,CA,34.28556,-118.88204,America/Los_Angeles
Morada,CA,38.03853,-121.24578,America/Los_Angeles
Moraga,CA,37.83493,-122.12969,America/Los_Angeles
Moreno Valley,CA,33.93752,-117.23059,America/Los_Angeles
Morgan Hill,CA,37.1305,-121.65439,America/Los_Angeles
Morongo Valley,CA,34.04695,-116.58085,America/Los_Angeles
Morro Bay,CA,35.36581,-120.8499,America/Los_Angeles
Moss Beach,CA,37.52744,-122.51331,America/Los_Angeles
Mount Hermon,CA,37.05106,-122.05857,America/Los_Angeles
Mount Shasta,CA,41.31024,-122.31225,America/Los_Angeles
Mountain House,CA,37.78326,-121.54273,America/Los_Angeles
Mountain Ranch,CA,38.22825,-120.54076,America/Los_Angeles
Mountain View,CA,38.00881,-122.11746,America/Los_Angeles
Mountain View,CA,37.38605,-122.08385,America/Los_Angeles
Mountain View Acres,CA,34.49666,-117.34894,America/Los_Angeles
Murphys,CA,38.13762,-120.46105,America/Los_Angeles
Murrieta,CA,33.55391,-117.21392,America/Los_Angeles
Murrieta Hot Springs,CA,33.56058,-117.15809,America/Los_Angeles
Muscoy,CA,34.15418,-117.34421,America/Los_Angeles
Myrtletown,CA,40.78874,-124.13034,America/Los_Angeles
Napa,CA,38.29714,-122.28553,America/Los_Angeles
National City,CA,32.67811,-117.0992,America/Los_Angeles
Needles,CA,34.84806,-114.61413,America/Los_Angeles
Nevada City,CA,39.26173,-121.01779,America/Los_Angeles
Newark,CA,37.52966,-122.04024,America/Los_Angeles
Newcastle,CA,38.87407,-121.13328,America/Los_Angeles
Newman,CA,37.31383,-121.02076,America/Los_Angeles
Newport Beach,CA,33.61891,-117.92895,America/Los_Angeles
Nice,CA,39.12323,-122.84833,America/Los_Angeles
Niland,CA,33.24004,-115.51888,America/Los_Angeles
Nipomo,CA,35.04275,-120.476,America/Los_Angeles
Noe Valley,CA,37.75018,-122.43369,America/Los_Angeles
Norco,CA,33.93113,-117.54866,America/Los_Angeles
North Auburn,CA,38.93129,-121.08189,America/Los_Angeles
North Edwards,CA,35.01664,-117.83284,America/Los_Angeles
North El Monte,CA,34.10279,-118.02423,America/Los_Angeles
North Fair Oaks,CA,37.47438,-122.19663,America/Los_Angeles
North Highlands,CA,38.68574,-121.37217,America/Los_Angeles
North Hills,CA,34.23639,-118.48472,America/Los_Angeles
North Hollywood,CA,34.17223,-118.37897,America/Los_Angeles
North Lakeport,CA,39.08831,-122.90538,America/Los_Angeles
North Richmond,CA,37.95881,-122.36747,America/Los_Angeles
North Tustin,CA,33.76446,-117.79394,America/Los_Angeles
Northridge,CA,34.22834,-118.53675,America/Los_Angeles
Northwood,CA,33.71372,-117.76091,America/Los_Angeles
Norwalk,CA,33.90224,-118.08173,America/Los_Angeles
Novato,CA,38.10742,-122.5697,America/Los_Angeles
Nuevo,CA,33.80141,-117.14587,America/Los_Angeles
Oak Creek,CA,33.67398,-117.77123,America/Los_Angeles
Oak Hills,CA,34.38313,-117.38135,America/Los_Angeles
Oak Park,CA,34.17917,-118.76287,America/Los_Angeles
Oak View,CA,34.4,-119.30011,America/Los_Angeles
Oakdale,CA,37.76659,-120.84715,America/Los_Angeles
Oakhurst,CA,37.328,-119.64932,America/Los_Angeles
Oakland,CA,37.80437,-122.2708,America/Los_Angeles
Oakley,CA,37.99742,-121.71245,America/Los_Angeles
Oasis,CA,33.46586,-116.09889,America/Los_Angeles
Occidental,CA,38.40741,-122.94833,America/Los_Angeles
Oceano,CA,35.09886,-120.61239,America/Los_Angeles
Oceanside,CA,33.19587,-117.37948,America/Los_Angeles
Oildale,CA,35.41968,-119.01955,America/Los_Angeles
Ojai,CA,34.44805,-119.24289,America/Los_Angeles
Old Fig Garden,CA,36.79885,-119.80515,America/Los_Angeles
Olivehurst,CA,39.09545,-121.55219,America/Los_Angeles
Ontario,CA,34.06334,-117.65089,America/Los_Angeles
Orange,CA,33.78779,-117.85311,America/Los_Angeles
Orange Cove,CA,36.62439,-119.31373,America/Los_Angeles
Orangevale,CA,38.67851,-121.22578,America/Los_Angeles
Orcutt,CA,34.86526,-120.436,America/Los_Angeles
Orinda,CA,37.87715,-122.17969,America/Los_Angeles
Orland,CA,39.74738,-122.19637,America/Los_Angeles
Orosi,CA,36.54495,-119.28734,America/Los_Angeles
Oroville,CA,39.51394,-121.55776,America/Los_Angeles
Oroville East,CA,39.51126,-121.47519,America/Los_Angeles
Oxnard,CA,34.1975,-119.17705,America/Los_Angeles
Pacheco,CA,37.98353,-122.07524,America/Los_Angeles
Pacific Grove,CA,36.61774,-121.91662,America/Los_Angeles
Pacific Palisades,CA,34.04806,-118.52647,America/Los_Angeles
Pacifica,CA,37.61383,-122.48692,America/Los_Angeles
Pajaro,CA,36.90412,-121.74856,America/Los_Angeles
Palermo,CA,39.43544,-121.53802,America/Los_Angeles
Palm Desert,CA,33.72255,-116.37697,America/Los_Angeles
Palm Springs,CA,33.8303,-116.54529,America/Los_Angeles
Palmdale,CA,34.57943,-118.11646,America/Los_Angeles
Palo Alto,CA,37.44188,-122.14302,America/Los_Angeles
Palo Cedro,CA,40.56376,-122.23889,America/Los_Angeles
Palos Verdes Estates,CA,33.80105,-118.39245,America/Los_Angeles
Paradise,CA,39.75961,-121.62192,America/Los_Angeles
Paramount,CA,33.88946,-118.15979,America/Los_Angeles
Parksdale,CA,36.94717,-120.02294,America/Los_Angeles
Parkside,CA,37.74197,-122.4863,America/Los_Angeles
Parkway,CA,38.49602,-121.45884,America/Los_Angeles
Parkwood,CA,36.92689,-120.04461,America/Los_Angeles
Parlier,CA,36.61162,-119.52707,America/Los_Angeles
Pasadena,CA,34.14778,-118.14452,America/Los_Angeles
Pasatiempo,CA,37.00439,-122.0258,America/Los_Angeles
Paso Robles,CA,35.62664,-120.691,America/Los_Angeles
Patterson,CA,37.4716,-121.12966,America/Los_Angeles
Patterson Tract,CA,36.37952,-119.2956,America/Los_Angeles
Pedley,CA,33.97529,-117.47588,America/Los_Angeles
Penn Valley,CA,39.196,-121.19107,America/Los_Angeles
Penngrove,CA,38.29964,-122.66665,America/Los_Angeles
Perris,CA,33.78252,-117.22865,America/Los_Angeles
Petaluma,CA,38.23242,-122.63665,America/Los_Angeles
Phelan,CA,34.42611,-117.57228,America/Los_Angeles
Phoenix Lake,CA,38.00594,-120.30702,America/Los_Angeles
Pico Rivera,CA,33.98307,-118.09673,America/Los_Angeles
Piedmont,CA,37.82437,-122.23163,America/Los_Angeles
Pine Grove,CA,38.41297,-120.65882,America/Los_Angeles
Pine Hills,CA,40.73318,-124.15228,America/Los_Angeles
Pine Mountain Club,CA,34.84637,-119.14955,America/Los_Angeles
Pine Valley,CA,32.82144,-116.52918,America/Los_Angeles
Pinole,CA,38.00437,-122.29886,America/Los_Angeles
Pioneer,CA,38.43186,-120.57187,America/Los_Angeles
Piru,CA,34.41527,-118.79398,America/Los_Angeles
Pismo Beach,CA,35.14275,-120.64128,America/Los_Angeles
Pittsburg,CA,38.02798,-121.88468,America/Los_Angeles
Pixley,CA,35.96856,-119.29178,America/Los_Angeles
Piñon Hills,CA,34.43333,-117.64672,America/Los_Angeles
Placentia,CA,33.87224,-117.87034,America/Los_Angeles
Placerville,CA,38.72963,-120.79855,America/Los_Angeles
Planada,CA,37.29077,-120.31852,America/Los_Angeles
Pleasant Hill,CA,37.94798,-122.0608,America/Los_Angeles
Pleasanton,CA,37.66243,-121.87468,America/Los_Angeles
Plumas Lake,CA,39.02073,-121.55802,America/Los_Angeles
Pollock Pines,CA,38.76158,-120.58611,America/Los_Angeles
Pomona,CA,34.05529,-117.75228,America/Los_Angeles
Poplar-Cotton Center,CA,36.05635,-119.14919,America/Los_Angeles
Port Hueneme,CA,34.14778,-119.19511,America/Los_Angeles
Porterville,CA,36.06523,-119.01677,America/Los_Angeles
Portola,CA,39.81046,-120.4691,America/Los_Angeles
Portola Hills,CA,33.67919,-117.63116,America/Los_Angeles
Portola Valley,CA,37.38411,-122.23524,America/Los_Angeles
Poway,CA,32.96282,-117.03586,America/Los_Angeles
Prunedale,CA,36.77579,-121.66967,America/Los_Angeles
Quail Hill,CA,33.65114,-117.77551,America/Los_Angeles
Quail Valley,CA,33.70697,-117.24504,America/Los_Angeles
Quartz Hill,CA,34.64526,-118.21813,America/Los_Angeles
Quincy,CA,39.93682,-120.94647,America/Los_Angeles
Rainbow,CA,33.41031,-117.14781,America/Los_Angeles
Ramona,CA,33.04171,-116.86808,America/Los_Angeles
Rancho Calaveras,CA,38.12742,-120.85827,America/Los_Angeles
Rancho Cordova,CA,38.58907,-121.30273,America/Los_Angeles
Rancho Cucamonga,CA,34.1064,-117.59311,America/Los_Angeles
Rancho Mirage,CA,33.73974,-116.41279,America/Los_Angeles
Rancho Murieta,CA,38.50185,-121.09467,America/Los_Angeles
Rancho Palos Verdes,CA,33.74446,-118.38702,America/Los_Angeles
Rancho Penasquitos,CA,32.95949,-117.11531,America/Los_Angeles
Rancho San Diego,CA,32.74727,-116.9353,America/Los_Angeles
Rancho Santa Fe,CA,33.02032,-117.20281,America/Los_Angeles
Rancho Santa Margarita,CA,33.64086,-117.6031,America/Los_Angeles
Rancho Tehama Reserve,CA,40.01569,-122.40072,America/Los_Angeles
Red Bluff,CA,40.17849,-122.23583,America/Los_Angeles
Red Corral,CA,38.41165,-120.60552,America/Los_Angeles
Redding,CA,40.58654,-122.39168,America/Los_Angeles
Redlands,CA,34.05557,-117.18254,America/Los_Angeles
Redondo Beach,CA,33.84918,-118.38841,America/Los_Angeles
Redway,CA,40.12014,-123.82336,America/Los_Angeles
Redwood City,CA,37.48522,-122.23635,America/Los_Angeles
Redwood Shores,CA,37.53188,-122.24802,America/Los_Angeles
Redwood Valley,CA,39.26544,-123.20445,America/Los_Angeles
Reedley,CA,36.59634,-119.4504,America/Los_Angeles
Reseda,CA,34.20112,-118.53647,America/Los_Angeles
Rialto,CA,34.1064,-117.37032,America/Los_Angeles
Richgrove,CA,35.79662,-119.10788,America/Los_Angeles
Richmond,CA,37.93576,-122.34775,America/Los_Angeles
Ridgecrest,CA,35.62246,-117.6709,America/Los_Angeles
Ridgemark,CA,36.81246,-121.36577,America/Los_Angeles
Rio Del Mar,CA,36.96828,-121.90023,America/Los_Angeles
Rio Dell,CA,40.4993,-124.10644,America/Los_Angeles
Rio Linda,CA,38.69101,-121.44857,America/Los_Angeles
Rio Vista,CA,38.16389,-121.69583,America/Los_Angeles
Ripon,CA,37.74159,-121.12438,America/Los_Angeles
Riverbank,CA,37.73604,-120.93549,America/Los_Angeles
Riverdale,CA,36.43106,-119.85958,America/Los_Angeles
Riverdale Park,CA,37.60938,-121.05188,America/Los_Angeles
Riverside,CA,33.95335,-117.39616,America/Los_Angeles
Rocklin,CA,38.79073,-121.23578,America/Los_Angeles
Rodeo,CA,38.03298,-122.26691,America/Los_Angeles
Rohnert Park,CA,38.33964,-122.7011,America/Los_Angeles
Rolling Hills,CA,33.75739,-118.35752,America/Los_Angeles
Rolling Hills Estates,CA,33.78779,-118.35813,America/Los_Angeles
Rollingwood,CA,37.9652,-122.32997,America/Los_Angeles
Romoland,CA,33.74585,-117.17503,America/Los_Angeles
Rosamond,CA,34.86414,-118.16341,America/Los_Angeles
Rosedale,CA,35.38357,-119.14538,America/Los_Angeles
Roseland,CA,38.42213,-122.72804,America/Los_Angeles
Rosemead,CA,34.08057,-118.07285,America/Los_Angeles
Rosemont,CA,38.55185,-121.36467,America/Los_Angeles
Roseville,CA,38.75212,-121.28801,America/Los_Angeles
Ross,CA,37.96242,-122.55498,America/Los_Angeles
Rossmoor,CA,33.78557,-118.08506,America/Los_Angeles
Rowland Heights,CA,33.97612,-117.90534,America/Los_Angeles
Rubidoux,CA,33.99613,-117.4056,America/Los_Angeles
Running Springs,CA,34.20779,-117.1092,America/Los_Angeles
Sacramento,CA,38.58157,-121.4944,America/Los_Angeles
Saint Helena,CA,38.50519,-122.47026,America/Los_Angeles
Salida,CA,37.70576,-121.08494,America/Los_Angeles
Salinas,CA,36.67774,-121.6555,America/Los_Angeles
Salton City,CA,33.29865,-115.95611,America/Los_Angeles
San Andreas,CA,38.19603,-120.68049,America/Los_Angeles
San Anselmo,CA,37.97465,-122.56164,America/Los_Angeles
San Antonio Heights,CA,34.15556,-117.65644,America/Los_Angeles
San Bernardino,CA,34.10834,-117.28977,America/Los_Angeles
San Bruno,CA,37.63049,-122.41108,America/Los_Angeles
San Carlos,CA,37.50716,-122.26052,America/Los_Angeles
San Clemente,CA,33.42697,-117.61199,America/Los_Angeles
San Diego,CA,32.71571,-117.16472,America/Los_Angeles
San Diego Country Estates,CA,33.00671,-116.78364,America/Los_Angeles
San Dimas,CA,34.10668,-117.80673,America/Los_Angeles
San Fernando,CA,34.28195,-118.43897,America/Los_Angeles
San Francisco,CA,37.77493,-122.41942,America/Los_Angeles
San Gabriel,CA,34.09611,-118.10583,America/Los_Angeles
San Jacinto,CA,33.78391,-116.95864,America/Los_Angeles
San Joaquin,CA,36.60662,-120.18904,America/Los_Angeles
San Joaquin Hills,CA,33.61169,-117.83672,America/Los_Angeles
San Jose,CA,37.33939,-121.89496,America/Los_Angeles
San Juan Bautista,CA,36.84551,-121.538,America/Los_Angeles
San Juan Capistrano,CA,33.50169,-117.66255,America/Los_Angeles
San Leandro,CA,37.72493,-122.15608,America/Los_Angeles
San Lorenzo,CA,37.67412,-122.13321,America/Los_Angeles
San Luis Obispo,CA,35.28275,-120.65962,America/Los_Angeles
San Marcos,CA,33.14337,-117.16614,America/Los_Angeles
San Marino,CA,34.1214,-118.10646,America/Los_Angeles
San Martin,CA,37.08495,-121.61022,America/Los_Angeles
San Mateo,CA,37.56299,-122.32553,America/Los_Angeles
San Miguel,CA,35.75247,-120.69628,America/Los_Angeles
San Pablo,CA,37.96215,-122.34553,America/Los_Angeles
San Pasqual,CA,33.09171,-116.95392,America/Los_Angeles
San Pedro,CA,33.73585,-118.29229,America/Los_Angeles
San Rafael,CA,37.97353,-122.53109,America/Los_Angeles
San Ramon,CA,37.77993,-121.97802,America/Los_Angeles
Sanger,CA,36.70801,-119.55597,America/Los_Angeles
Santa Ana,CA,33.74557,-117.86783,America/Los_Angeles
Santa Barbara,CA,34.42083,-119.69819,America/Los_Angeles
Santa Clara,CA,37.35411,-121.95524,America/Los_Angeles
Santa Clarita,CA,34.39166,-118.54259,America/Los_Angeles
Santa Cruz,CA,36.97412,-122.0308,America/Los_Angeles
Santa Fe Springs,CA,33.94724,-118.08535,America/Los_Angeles
Santa Margarita,CA,35.38997,-120.60906,America/Los_Angeles
Santa Maria,CA,34.95303,-120.43572,America/Los_Angeles
Santa Monica,CA,34.01949,-118.49138,America/Los_Angeles
Santa Paula,CA,34.35417,-119.05927,America/Los_Angeles
Santa Rosa,CA,38.44047,-122.71443,America/Los_Angeles
Santa Susana,CA,34.257,-118.669,America/Los_Angeles
Santa Venetia,CA,37.99853,-122.52525,America/Los_Angeles
Santa Ynez,CA,34.61443,-120.07987,America/Los_Angeles
Santee,CA,32.83838,-116.97392,America/Los_Angeles
Saranap,CA,37.88492,-122.07607,America/Los_Angeles
Saratoga,CA,37.26383,-122.02301,America/Los_Angeles
Saticoy,CA,34.28306,-119.14983,America/Los_Angeles
Sausalito,CA,37.85909,-122.48525,America/Los_Angeles
Sawtelle,CA,34.0363,-118.44949,America/Los_Angeles
Scotts Valley,CA,37.05106,-122.01468,America/Los_Angeles
Sea Ranch,CA,38.71519,-123.45445,America/Los_Angeles
Seacliff,CA,36.97412,-121.91579,America/Los_Angeles
Seal Beach,CA,33.74141,-118.10479,America/Los_Angeles
Searles Valley,CA,35.76745,-117.40395,America/Los_Angeles
Seaside,CA,36.61107,-121.85162,America/Los_Angeles
Sebastopol,CA,38.40214,-122.82388,America/Los_Angeles
Sedco Hills,CA,33.64169,-117.29087,America/Los_Angeles
Seeley,CA,32.79311,-115.69111,America/Los_Angeles
Selma,CA,36.57078,-119.61208,America/Los_Angeles
Seven Trees,CA,37.28605,-121.83856,America/Los_Angeles
Shackelford,CA,37.61382,-120.99271,America/Los_Angeles
Shadow Hills,CA,34.26195,-118.35175,America/Los_Angeles
Shafter,CA,35.50051,-119.27178,America/Los_Angeles
Shandon,CA,35.65525,-120.37543,America/Los_Angeles
Shasta,CA,40.59932,-122.49196,America/Los_Angeles
Shasta Lake,CA,40.68043,-122.37084,America/Los_Angeles
Sheridan,CA,38.97962,-121.37551,America/Los_Angeles
Sherman Oaks,CA,34.15112,-118.44925,America/Los_Angeles
Shingle Springs,CA,38.66574,-120.92605,America/Los_Angeles
Shingletown,CA,40.49238,-121.88916,America/Los_Angeles
Sierra Madre,CA,34.16167,-118.05285,America/Los_Angeles
Signal Hill,CA,33.80446,-118.16785,America/Los_Angeles
Silver Lake,CA,34.08668,-118.27023,America/Los_Angeles
Silver Lakes,CA,34.74558,-117.34098,America/Los_Angeles
Simi Valley,CA,34.26945,-118.78148,America/Los_Angeles
Sky Valley,CA,33.89001,-116.35251,America/Los_Angeles
Sleepy Hollow,CA,38.01048,-122.58442,America/Los_Angeles
Soda Bay,CA,39.00101,-122.78916,America/Los_Angeles
Solana Beach,CA,32.99115,-117.27115,America/Los_Angeles
Soledad,CA,36.42469,-121.32632,America/Los_Angeles
Solvang,CA,34.59582,-120.13765,America/Los_Angeles
Somerset,CA,38.64768,-120.68576,America/Los_Angeles
Sonoma,CA,38.29186,-122.45804,America/Los_Angeles
Sonora,CA,37.98409,-120.38214,America/Los_Angeles
Soquel,CA,36.98801,-121.95663,America/Los_Angeles
Sorrento Valley,CA,32.89991,-117.19451,America/Los_Angeles
Soulsbyville,CA,37.98465,-120.2638,America/Los_Angeles
South Dos Palos,CA,36.96439,-120.65324,America/Los_Angeles
South El Monte,CA,34.05195,-118.04673,America/Los_Angeles
South Gate,CA,33.95474,-118.21202,America/Los_Angeles
South Lake Tahoe,CA,38.93324,-119.98435,America/Los_Angeles
South Oroville,CA,39.481,-121.536,America/Los_Angeles
South Pasadena,CA,34.11612,-118.15035,America/Los_Angeles
South San Francisco,CA,37.65466,-122.40775,America/Los_Angeles
South San Gabriel,CA,34.04915,-118.09462,America/Los_Angeles
South San Jose Hills,CA,34.01279,-117.90478,America/Los_Angeles
South Taft,CA,35.13469,-119.45623,America/Los_Angeles
South Whittier,CA,33.95015,-118.03917,America/Los_Angeles
South Yuba City,CA,39.11656,-121.63913,America/Los_Angeles
Spring Valley,CA,32.74477,-116.99892,America/Los_Angeles
Spring Valley Lake,CA,34.49364,-117.26832,America/Los_Angeles
Stallion Springs,CA,35.08886,-118.64259,America/Los_Angeles
Stanford,CA,37.42411,-122.16608,America/Los_Angeles
Stanton,CA,33.80252,-117.99312,America/Los_Angeles
Stevenson Ranch,CA,34.39048,-118.57372,America/Los_Angeles
Stockton,CA,37.9577,-121.29078,America/Los_Angeles
Stonegate,CA,33.70534,-117.74009,America/Los_Angeles
Stratford,CA,36.1894,-119.82319,America/Los_Angeles
Strathmore,CA,36.14551,-119.06066,America/Los_Angeles
Strawberry,CA,37.89687,-122.50886,America/Los_Angeles
Studio City,CA,34.14862,-118.39647,America/Los_Angeles
Suisun,CA,38.23825,-122.04024,America/Los_Angeles
Summerland,CA,34.42138,-119.59652,America/Los_Angeles
Sun City,CA,33.70919,-117.19726,America/Los_Angeles
Sun Village,CA,34.55952,-117.95676,America/Los_Angeles
Sunland,CA,34.26695,-118.3023,America/Los_Angeles
Sunnyside,CA,36.731,-119.695,America/Los_Angeles
Sunnyside-Tahoe City,CA,39.15023,-120.1612,America/Los_Angeles
Sunnyslope,CA,34.01196,-117.43338,America/Los_Angeles
Sunnyvale,CA,37.36883,-122.03635,America/Los_Angeles
Susanville,CA,40.41628,-120.65301,America/Los_Angeles
Sutter,CA,39.15989,-121.75275,America/Los_Angeles
Sutter Creek,CA,38.39297,-120.80244,America/Los_Angeles
Sylmar,CA,34.30778,-118.44925,America/Los_Angeles
Taft,CA,35.14247,-119.45651,America/Los_Angeles
Taft Heights,CA,35.13469,-119.47262,America/Los_Angeles
Taft Mosswood,CA,37.91385,-121.28316,America/Los_Angeles
Tahoe Vista,CA,39.23991,-120.05102,America/Los_Angeles
Tahoma,CA,39.06741,-120.12824,America/Los_Angeles
Talmage,CA,39.13323,-123.16778,America/Los_Angeles
Tamalpais Valley,CA,37.87965,-122.54581,America/Los_Angeles
Tamalpais-Homestead Valley,CA,37.87834,-122.53625,America/Los_Angeles
Tara Hills,CA,37.99353,-122.31636,America/Los_Angeles
Tarpey Village,CA,36.79301,-119.70097,America/Los_Angeles
Tehachapi,CA,35.13219,-118.44897,America/Los_Angeles
Temecula,CA,33.49364,-117.14836,America/Los_Angeles
Temelec,CA,38.26658,-122.49276,America/Los_Angeles
Temple City,CA,34.10723,-118.05785,America/Los_Angeles
Templeton,CA,35.54969,-120.706,America/Los_Angeles
Terra Bella,CA,35.96245,-119.04427,America/Los_Angeles
Teviston,CA,35.92894,-119.27831,America/Los_Angeles
Thermal,CA,33.6403,-116.13945,America/Los_Angeles
Thermalito,CA,39.51128,-121.58692,America/Los_Angeles
Thornton,CA,38.22603,-121.42467,America/Los_Angeles
Thousand Oaks,CA,34.17056,-118.83759,America/Los_Angeles
Thousand Palms,CA,33.82002,-116.39029,America/Los_Angeles
Three Rivers,CA,36.43884,-118.90454,America/Los_Angeles
Tiburon,CA,37.87354,-122.45664,America/Los_Angeles
Tierra Buena,CA,39.14878,-121.66691,America/Los_Angeles
Tipton,CA,36.0594,-119.31206,America/Los_Angeles
Topanga,CA,34.09362,-118.60147,America/Los_Angeles
Toro Canyon,CA,34.42,-119.56707,America/Los_Angeles
Torrance,CA,33.83585,-118.34063,America/Los_Angeles
Trabuco Canyon,CA,33.66252,-117.59033,America/Los_Angeles
Tracy,CA,37.73987,-121.42618,America/Los_Angeles
Truckee,CA,39.32796,-120.18325,America/Los_Angeles
Tujunga,CA,34.25223,-118.28841,America/Los_Angeles
Tulare,CA,36.20773,-119.34734,America/Los_Angeles
Tuolumne City,CA,37.9627,-120.2413,America/Los_Angeles
Turlock,CA,37.49466,-120.84659,America/Los_Angeles
Turtle Rock,CA,33.64335,-117.81015,America/Los_Angeles
Tustin,CA,33.74585,-117.82617,America/Los_Angeles
Tustin Legacy,CA,33.70006,-117.82588,America/Los_Angeles
Twain Harte,CA,38.03965,-120.23269,America/Los_Angeles
Twentynine Palms,CA,34.13556,-116.05417,America/Los_Angeles
Twin Lakes,CA,36.96745,-121.99802,America/Los_Angeles
UC Irvine,CA,33.63967,-117.84164,America/Los_Angeles
Ukiah,CA,39.15017,-123.20778,America/Los_Angeles
Union City,CA,37.59577,-122.01913,America/Los_Angeles
Universal City,CA,34.1389,-118.35341,America/Los_Angeles
University Park,CA,33.66246,-117.80953,America/Los_Angeles
University Town Center,CA,33.65157,-117.83427,America/Los_Angeles
Upland,CA,34.09751,-117.64839,America/Los_Angeles
Upper Lake,CA,39.16461,-122.91055,America/Los_Angeles
Vacaville,CA,38.35658,-121.98774,America/Los_Angeles
Val Verde,CA,34.445,-118.65759,America/Los_Angeles
Valencia,CA,34.44361,-118.60953,America/Los_Angeles
Valinda,CA,34.04529,-117.94367,America/Los_Angeles
Valle Vista,CA,33.7478,-116.89336,America/Los_Angeles
Vallejo,CA,38.10409,-122.25664,America/Los_Angeles
Valley Center,CA,33.21837,-117.0342,America/Los_Angeles
Valley Glen,CA,34.18568,-118.42032,America/Los_Angeles
Valley Springs,CA,38.19159,-120.8291,America/Los_Angeles
Van Nuys,CA,34.18667,-118.44897,America/Los_Angeles
Vandenberg Space Force Base,CA,34.7483,-120.51817,America/Los_Angeles
Vandenberg Village,CA,34.70832,-120.46766,America/Los_Angeles
Venice,CA,33.99084,-118.46008,America/Los_Angeles
Ventura,CA,34.27834,-119.29317,America/Los_Angeles
Vermont Square,CA,34.00204,-118.29896,America/Los_Angeles
Victorville,CA,34.53611,-117.29116,America/Los_Angeles
View Park-Windsor Hills,CA,33.99551,-118.34835,America/Los_Angeles
Villa Park,CA,33.81446,-117.81311,America/Los_Angeles
Vincent,CA,34.50055,-118.11646,America/Los_Angeles
Vincent,CA,34.09836,-117.92383,America/Los_Angeles
Vine Hill,CA,38.00853,-122.09608,America/Los_Angeles
Vineyard,CA,38.46449,-121.34692,America/Los_Angeles
Visalia,CA,36.33023,-119.29206,America/Los_Angeles
Visitacion Valley,CA,37.71715,-122.40433,America/Los_Angeles
Vista,CA,33.20004,-117.24254,America/Los_Angeles
Vista Santa Rosa,CA,33.6278,-116.21806,America/Los_Angeles
Waldon,CA,37.92631,-122.05552,America/Los_Angeles
Walnut,CA,34.02029,-117.86534,America/Los_Angeles
Walnut Creek,CA,37.90631,-122.06496,America/Los_Angeles
Walnut Grove,CA,38.24214,-121.51162,America/Los_Angeles
Walnut Park,CA,33.96807,-118.22507,America/Los_Angeles
Walnut Village,CA,33.70972,-117.79655,America/Los_Angeles
Wasco,CA,35.59412,-119.34095,America/Los_Angeles
Waterford,CA,37.64132,-120.76048,America/Los_Angeles
Watsonville,CA,36.91023,-121.75689,America/Los_Angeles
Weaverville,CA,40.73098,-122.94197,America/Los_Angeles
Weed,CA,41.42265,-122.38613,America/Los_Angeles
Weedpatch,CA,35.23802,-118.9151,America/Los_Angeles
Weldon,CA,35.66579,-118.29036,America/Los_Angeles
West Athens,CA,33.92335,-118.30341,America/Los_Angeles
West Bishop,CA,37.36104,-118.45511,America/Los_Angeles
West Carson,CA,33.82168,-118.29257,America/Los_Angeles
West Covina,CA,34.06862,-117.93895,America/Los_Angeles
West Hills,CA,34.19731,-118.64398,America/Los_Angeles
West Hollywood,CA,34.09001,-118.36174,America/Los_Angeles
West Menlo Park,CA,37.43355,-122.20302,America/Los_Angeles
West Modesto,CA,37.61754,-121.03914,America/Los_Angeles
West Park,CA,36.71023,-119.85126,America/Los_Angeles
West Puente Valley,CA,34.05168,-117.9684,America/Los_Angeles
West Rancho Dominguez,CA,33.8939,-118.27063,America/Los_Angeles
West Sacramento,CA,38.58046,-121.53023,America/Los_Angeles
West Whittier-Los Nietos,CA,33.976,-118.06909,America/Los_Angeles
Westhaven-Moonstone,CA,41.04489,-124.10239,America/Los_Angeles
Westlake Village,CA,34.14584,-118.80565,America/Los_Angeles
Westminster,CA,33.75918,-118.00673,America/Los_Angeles
Westmont,CA,33.9414,-118.3023,America/Los_Angeles
Westmorland,CA,33.03727,-115.62138,America/Los_Angeles
Westpark,CA,33.68527,-117.81371,America/Los_Angeles
Westwood,CA,34.05612,-118.43063,America/Los_Angeles
Westwood,CA,40.306,-121.00579,America/Los_Angeles
Wheatland,CA,39.00989,-121.42301,America/Los_Angeles
Whittier,CA,33.97918,-118.03284,America/Los_Angeles
Wildomar,CA,33.59891,-117.28004,America/Los_Angeles
Williams,CA,39.15461,-122.14942,America/Los_Angeles
Willits,CA,39.40961,-123.35557,America/Los_Angeles
Willow Creek,CA,40.93958,-123.63144,America/Los_Angeles
Willowbrook,CA,33.91696,-118.25507,America/Los_Angeles
Willows,CA,39.52433,-122.19359,America/Los_Angeles
Wilmington,CA,33.78002,-118.26257,America/Los_Angeles
Wilton,CA,38.41186,-121.27217,America/Los_Angeles
Winchester,CA,33.70697,-117.08447,America/Los_Angeles
Windsor,CA,38.54713,-122.81638,America/Los_Angeles
Winnetka,CA,34.21334,-118.57203,America/Los_Angeles
Winter Gardens,CA,32.83116,-116.93336,America/Los_Angeles
Winters,CA,38.52491,-121.9708,America/Los_Angeles
Winton,CA,37.38938,-120.61325,America/Los_Angeles
Wofford Heights,CA,35.7069,-118.4562,America/Los_Angeles
Woodacre,CA,38.0127,-122.64526,America/Los_Angeles
Woodbridge,CA,38.15408,-121.30134,America/Los_Angeles
Woodbridge,CA,33.67724,-117.79442,America/Los_Angeles
Woodcrest,CA,33.88224,-117.35727,America/Los_Angeles
Woodlake,CA,36.41356,-119.09872,America/Los_Angeles
Woodland,CA,38.67852,-121.7733,America/Los_Angeles
Woodland Hills,CA,34.16834,-118.60592,America/Los_Angeles
Woodside,CA,37.42994,-122.25386,America/Los_Angeles
Woodville,CA,36.09356,-119.199,America/Los_Angeles
Wrightwood,CA,34.36083,-117.63339,America/Los_Angeles
Yokuts Valley,CA,36.74023,-119.24679,America/Los_Angeles
Yorba Linda,CA,33.88863,-117.81311,America/Los_Angeles
Yosemite Lakes,CA,37.19106,-119.77265,America/Los_Angeles
Yosemite Valley,CA,37.74075,-119.57788,America/Los_Angeles
Yountville,CA,38.40158,-122.36081,America/Los_Angeles
Yreka,CA,41.73542,-122.63447,America/Los_Angeles
Yuba City,CA,39.14045,-121.61691,America/Los_Angeles
Yucaipa,CA,34.03363,-117.04309,America/Los_Angeles
Yucca Valley,CA,34.11417,-116.43224,America/Los_Angeles
Acres Green,CO,39.55666,-104.89609,America/Denver
Air Force Academy,CO,38.99425,-104.86375,America/Denver
Akron,CO,40.16054,-103.21438,America/Denver
Alamosa,CO,37.46945,-105.87002,America/Denver
Alamosa East,CO,37.47735,-105.84217,America/Denver
Applewood,CO,39.75778,-105.1625,America/Denver
Aristocrat Ranchettes,CO,40.10915,-104.76247,America/Denver
Arvada,CO,39.80276,-105.08748,America/Denver
Aspen,CO,39.1911,-106.81754,America/Denver
Ault,CO,40.58248,-104.73191,America/Denver
Aurora,CO,39.72943,-104.83192,America/Denver
Avon,CO,39.63137,-106.52225,America/Denver
Bailey,CO,39.40554,-105.47333,America/Denver
Basalt,CO,39.36887,-107.03282,America/Denver
Battlement Mesa,CO,39.44137,-108.02507,America/Denver
Bayfield,CO,37.22556,-107.59811,America/Denver
Bennett,CO,39.75887,-104.42746,America/Denver
Berkley,CO,39.80443,-105.02609,America/Denver
Berthoud,CO,40.30832,-105.08109,America/Denver
Black Forest,CO,39.01305,-104.70081,America/Denver
Boulder,CO,40.01499,-105.27055,America/Denver
Breckenridge,CO,39.48165,-106.03835,America/Denver
Brighton,CO,39.98526,-104.82053,America/Denver
Broomfield,CO,39.92054,-105.08665,America/Denver
Brush,CO,40.25887,-103.62384,America/Denver
Buena Vista,CO,38.84222,-106.13113,America/Denver
Burlington,CO,39.30611,-102.26936,America/Denver
Byers,CO,39.71137,-104.22774,America/Denver
Campion,CO,40.34943,-105.07776,America/Denver
Carbondale,CO,39.40221,-107.21116,America/Denver
Carriage Club,CO,39.53249,-104.90109,America/Denver
Cascade-Chipita Park,CO,38.94354,-105.00237,America/Denver
Castle Pines,CO,39.45804,-104.89609,America/Denver
Castle Pines North,CO,39.47174,-104.89482,America/Denver
Castle Rock,CO,39.37221,-104.85609,America/Denver
Castlewood,CO,39.58471,-104.90109,America/Denver
Cañon City,CO,38.44098,-105.24245,America/Denver
Cedaredge,CO,38.90165,-107.92645,America/Denver
Centennial,CO,39.57916,-104.87692,America/Denver
Center,CO,37.75306,-106.10864,America/Denver
Central City,CO,39.80193,-105.51416,America/Denver
Cherry Creek,CO,39.611,-104.861,America/Denver
Cherry Hills Village,CO,39.64165,-104.95943,America/Denver
Cheyenne Wells,CO,38.8214,-102.35324,America/Denver
Cimarron Hills,CO,38.85861,-104.69886,America/Denver
Clifton,CO,39.09193,-108.44898,America/Denver
Coal Creek,CO,39.90638,-105.37749,America/Denver
Colorado City,CO,37.94529,-104.83526,America/Denver
Colorado Springs,CO,38.83388,-104.82136,America/Denver
Columbine,CO,39.58777,-105.06943,America/Denver
Columbine Valley,CO,39.6011,-105.03221,America/Denver
Commerce City,CO,39.80832,-104.93387,America/Denver
Conejos,CO,37.08835,-106.01974,America/Denver
Cortez,CO,37.34888,-108.58593,America/Denver
Craig,CO,40.51525,-107.54645,America/Denver
Creede,CO,37.84917,-106.92643,America/Denver
Crested Butte,CO,38.86971,-106.98782,America/Denver
Cripple Creek,CO,38.74666,-105.17831,America/Denver
Dacono,CO,40.08471,-104.93942,America/Denver
Dakota Ridge,CO,39.61638,-105.13934,America/Denver
Del Norte,CO,37.67889,-106.35337,America/Denver
Delta,CO,38.74221,-108.06896,America/Denver
Denver,CO,39.73915,-104.9847,America/Denver
Derby,CO,39.83943,-104.91859,America/Denver
Dove Creek,CO,37.7661,-108.90594,America/Denver
Dove Valley,CO,39.57771,-104.8294,America/Denver
Durango,CO,37.27528,-107.88007,America/Denver
Eads,CO,38.48056,-102.78186,America/Denver
Eagle,CO,39.65526,-106.82865,America/Denver
Eaton,CO,40.53026,-104.71135,America/Denver
Edgewater,CO,39.75304,-105.06415,America/Denver
Edwards,CO,39.64499,-106.5942,America/Denver
El Jebel,CO,39.39498,-107.09033,America/Denver
Elizabeth,CO,39.36027,-104.59691,America/Denver
Ellicott,CO,38.83833,-104.38691,America/Denver
Englewood,CO,39.64777,-104.98776,America/Denver
Erie,CO,40.05026,-105.04998,America/Denver
Estes Park,CO,40.37721,-105.52167,America/Denver
Evans,CO,40.37637,-104.69219,America/Denver
Evergreen,CO,39.63332,-105.31721,America/Denver
Fairplay,CO,39.22471,-106.00196,America/Denver
Federal Heights,CO,39.85137,-104.99859,America/Denver
Firestone,CO,40.11248,-104.93664,America/Denver
Florence,CO,38.39028,-105.1186,America/Denver
Fort Carson,CO,38.73749,-104.78886,America/Denver
Fort Collins,CO,40.58526,-105.08442,America/Denver
Fort Lupton,CO,40.08471,-104.81303,America/Denver
Fort Morgan,CO,40.25026,-103.79995,America/Denver
Fountain,CO,38.68222,-104.70081,America/Denver
Fowler,CO,38.12917,-104.02329,America/Denver
Fraser,CO,39.94499,-105.81723,America/Denver
Frederick,CO,40.09915,-104.9372,America/Denver
Frisco,CO,39.57443,-106.09752,America/Denver
Fruita,CO,39.15887,-108.72899,America/Denver
Fruitvale,CO,39.08165,-108.49676,America/Denver
Genesee,CO,39.68582,-105.27277,America/Denver
Georgetown,CO,39.7061,-105.6975,America/Denver
Gilcrest,CO,40.28193,-104.77775,America/Denver
Glendale,CO,39.70499,-104.93359,America/Denver
Gleneagle,CO,39.04527,-104.82442,America/Denver
Glenwood Springs,CO,39.55054,-107.32478,America/Denver
Golden,CO,39.75554,-105.2211,America/Denver
Granby,CO,40.0861,-105.93946,America/Denver
Grand Junction,CO,39.06387,-108.55065,America/Denver
Greeley,CO,40.42331,-104.70913,America/Denver
Greenwood Village,CO,39.61721,-104.95081,America/Denver
Gunbarrel,CO,40.06335,-105.17107,America/Denver
Gunnison,CO,38.54582,-106.92532,America/Denver
Gypsum,CO,39.64693,-106.95171,America/Denver
Hayden,CO,40.49529,-107.25729,America/Denver
Highlands Ranch,CO,39.55388,-104.96943,America/Denver
Holly Hills,CO,39.66757,-104.91797,America/Denver
Holyoke,CO,40.58444,-102.30241,America/Denver
Hot Sulphur Springs,CO,40.07304,-106.1028,America/Denver
Hudson,CO,40.07359,-104.64302,America/Denver
Hugo,CO,39.1361,-103.46994,America/Denver
Idaho Springs,CO,39.74249,-105.51361,America/Denver
Indian Hills,CO,39.61665,-105.23721,America/Denver
Inverness,CO,39.57738,-104.86135,America/Denver
Johnstown,CO,40.33693,-104.9122,America/Denver
Julesburg,CO,40.98833,-102.26435,America/Denver
Keenesburg,CO,40.10832,-104.51996,America/Denver
Ken Caryl,CO,39.57582,-105.11221,America/Denver
Kersey,CO,40.38748,-104.56163,America/Denver
Keystone,CO,39.59943,-105.98724,America/Denver
Kiowa,CO,39.34721,-104.46441,America/Denver
Kittredge,CO,39.65471,-105.29971,America/Denver
Kremmling,CO,40.05887,-106.38892,America/Denver
La Junta,CO,37.98501,-103.54383,America/Denver
La Salle,CO,40.34887,-104.70191,America/Denver
Lafayette,CO,39.9936,-105.08971,America/Denver
Lake City,CO,38.03,-107.31533,America/Denver
Lakewood,CO,39.70471,-105.08137,America/Denver
Lamar,CO,38.08723,-102.62075,America/Denver
Laporte,CO,40.62633,-105.13916,America/Denver
Las Animas,CO,38.06667,-103.22271,America/Denver
Leadville,CO,39.25082,-106.29252,America/Denver
Leadville North,CO,39.2576,-106.30138,America/Denver
Limon,CO,39.26388,-103.69217,America/Denver
Lincoln Park,CO,38.42916,-105.21999,America/Denver
Littleton,CO,39.61332,-105.01665,America/Denver
Lochbuie,CO,40.00721,-104.71608,America/Denver
Loma,CO,39.19581,-108.81316,America/Denver
Lone Tree,CO,39.55171,-104.8863,America/Denver
Longmont,CO,40.16721,-105.10193,America/Denver
Louisville,CO,39.97776,-105.13193,America/Denver
Loveland,CO,40.39776,-105.07498,America/Denver
Lyons,CO,40.22471,-105.27138,America/Denver
Mancos,CO,37.345,-108.28925,America/Denver
Manitou Springs,CO,38.85971,-104.9172,America/Denver
Mead,CO,40.23332,-104.99859,America/Denver
Meeker,CO,40.03747,-107.91313,America/Denver
Meridian,CO,39.53957,-104.84528,America/Denver
Milliken,CO,40.32943,-104.85525,America/Denver
Minturn,CO,39.58637,-106.43086,America/Denver
Monte Vista,CO,37.57917,-106.14808,America/Denver
Montrose,CO,38.47832,-107.87617,America/Denver
Monument,CO,39.09166,-104.87276,America/Denver
Mountain Village,CO,37.93138,-107.85645,America/Denver
Nederland,CO,39.96138,-105.51083,America/Denver
New Castle,CO,39.57276,-107.53644,America/Denver
Niwot,CO,40.10387,-105.17082,America/Denver
Northglenn,CO,39.88554,-104.9872,America/Denver
Olathe,CO,38.60499,-107.98229,America/Denver
Orchard City,CO,38.82832,-107.9709,America/Denver
Orchard Mesa,CO,39.048,-108.529,America/Denver
Ordway,CO,38.21806,-103.75606,America/Denver
Ouray,CO,38.02277,-107.67145,America/Denver
Pagosa Springs,CO,37.26945,-107.00976,America/Denver
Palisade,CO,39.11026,-108.35092,America/Denver
Palmer Lake,CO,39.12221,-104.9172,America/Denver
Paonia,CO,38.86832,-107.592,America/Denver
Parachute,CO,39.45192,-108.05285,America/Denver
Parker,CO,39.5186,-104.76136,America/Denver
Penrose,CO,38.425,-105.02276,America/Denver
Perry Park,CO,39.25666,-104.99248,America/Denver
Platteville,CO,40.21498,-104.82275,America/Denver
Ponderosa Park,CO,39.40832,-104.65108,America/Denver
Pueblo,CO,38.25445,-104.60914,America/Denver
Pueblo West,CO,38.35,-104.72275,America/Denver
Rangely,CO,40.08748,-108.80483,America/Denver
Redlands,CO,39.07887,-108.63565,America/Denver
Rifle,CO,39.5347,-107.78312,America/Denver
Rocky Ford,CO,38.05251,-103.72023,America/Denver
Roxborough Park,CO,39.47388,-105.08526,America/Denver
Saguache,CO,38.0875,-106.14197,America/Denver
Salida,CO,38.53472,-105.9989,America/Denver
San Luis,CO,37.20085,-105.4239,America/Denver
Security-Widefield,CO,38.74728,-104.71439,America/Denver
Severance,CO,40.52415,-104.85108,America/Denver
Shaw Heights,CO,39.8525,-105.04306,America/Denver
Sheridan,CO,39.64693,-105.02526,America/Denver
Sherrelwood,CO,39.83776,-105.00137,America/Denver
Silt,CO,39.54859,-107.65617,America/Denver
Silverthorne,CO,39.63214,-106.07428,America/Denver
Silverton,CO,37.81194,-107.66451,America/Denver
Snowmass Village,CO,39.21304,-106.93782,America/Denver
Southglenn,CO,39.58721,-104.95276,America/Denver
Springfield,CO,37.40835,-102.61436,America/Denver
Steamboat Springs,CO,40.48498,-106.83172,America/Denver
Sterling,CO,40.62554,-103.20771,America/Denver
Stonegate,CO,39.53082,-104.80386,America/Denver
Strasburg,CO,39.73832,-104.32329,America/Denver
Stratmoor,CO,38.77388,-104.7797,America/Denver
Superior,CO,39.95276,-105.1686,America/Denver
Telluride,CO,37.93749,-107.81229,America/Denver
The Pinery,CO,39.45527,-104.73442,America/Denver
Thornton,CO,39.86804,-104.97192,America/Denver
Todd Creek,CO,39.97804,-104.87331,America/Denver
Towaoc,CO,37.20444,-108.72954,America/Denver
Trinidad,CO,37.16946,-104.50054,America/Denver
Twin Lakes,CO,39.82499,-105.0047,America/Denver
Upper Bear Creek,CO,39.62385,-105.4178,America/Denver
Vail,CO,39.64026,-106.3742,America/Denver
Walden,CO,40.73164,-106.28364,America/Denver
Walsenburg,CO,37.62418,-104.78026,America/Denver
Welby,CO,39.83665,-104.95915,America/Denver
Wellington,CO,40.70387,-105.00859,America/Denver
West Pleasant View,CO,39.73256,-105.17852,America/Denver
Westcliffe,CO,38.13472,-105.46584,America/Denver
Westminster,CO,39.83665,-105.0372,America/Denver
Wheat Ridge,CO,39.7661,-105.07721,America/Denver
Windsor,CO,40.47748,-104.90136,America/Denver
Woodland Park,CO,38.99388,-105.05693,America/Denver
Woodmoor,CO,39.10138,-104.84748,America/Denver
Wray,CO,40.07582,-102.22325,America/Denver
Yuma,CO,40.12221,-102.72521,America/Denver
Ansonia,CT,41.34621,-73.079,America/New_York
Avon,CT,41.80982,-72.83065,America/New_York
Baltic,CT,41.61704,-72.08452,America/New_York
Barkhamsted,CT,41.92926,-72.91399,America/New_York
Bethel,CT,41.37121,-73.41401,America/New_York
Bethlehem Village,CT,41.6401,-73.20308,America/New_York
Bloomfield,CT,41.82649,-72.73009,America/New_York
Blue Hills,CT,41.81288,-72.69759,America/New_York
Branford,CT,41.27954,-72.8151,America/New_York
Branford Center,CT,41.27738,-72.81511,America/New_York
Bridgeport,CT,41.17923,-73.18945,America/New_York
Bristol,CT,41.67176,-72.94927,America/New_York
Byram,CT,41.00426,-73.65374,America/New_York
Canaan,CT,42.02731,-73.32928,America/New_York
Canton Valley,CT,41.83426,-72.89177,America/New_York
Central Waterford,CT,41.34504,-72.12948,America/New_York
Cheshire,CT,41.49899,-72.90066,America/New_York
Cheshire Village,CT,41.5026,-72.89952,America/New_York
Chester Center,CT,41.40132,-72.4527,America/New_York
City of Milford (balance),CT,41.22374,-73.06164,America/New_York
Clinton,CT,41.27871,-72.52759,America/New_York
Colchester,CT,41.57565,-72.33203,America/New_York
Collinsville,CT,41.81288,-72.9201,America/New_York
Conning Towers-Nautilus Park,CT,41.38548,-72.06877,America/New_York
Cos Cob,CT,41.03343,-73.59957,America/New_York
Coventry Lake,CT,41.77232,-72.33258,America/New_York
Cromwell,CT,41.5951,-72.64537,America/New_York
Crystal Lake,CT,41.93176,-72.37842,America/New_York
Danbury,CT,41.39482,-73.45401,America/New_York
Danielson,CT,41.8026,-71.88591,America/New_York
Darien,CT,41.07871,-73.46929,America/New_York
Deep River Center,CT,41.38221,-72.43862,America/New_York
Derby,CT,41.32065,-73.089,America/New_York
Durham,CT,41.48176,-72.68121,America/New_York
East Brooklyn,CT,41.79677,-71.89729,America/New_York
East Haddam,CT,41.45315,-72.4612,America/New_York
East Hampton,CT,41.57593,-72.50259,America/New_York
East Hartford,CT,41.78232,-72.61203,America/New_York
East Haven,CT,41.27621,-72.86843,America/New_York
East Norwalk,CT,41.10565,-73.39845,America/New_York
East Windsor,CT,41.91232,-72.54509,America/New_York
Easton,CT,41.25287,-73.29734,America/New_York
Ellington,CT,41.90399,-72.46981,America/New_York
Enfield,CT,41.97621,-72.59176,America/New_York
Essex Village,CT,41.35544,-72.39101,America/New_York
Fairfield,CT,41.14121,-73.26373,America/New_York
Farmington,CT,41.71982,-72.83204,America/New_York
Gales Ferry,CT,41.42982,-72.08202,America/New_York
Georgetown,CT,41.25565,-73.43484,America/New_York
Glastonbury,CT,41.71232,-72.60815,America/New_York
Glastonbury Center,CT,41.70093,-72.59953,America/New_York
Glenville,CT,41.03538,-73.65985,America/New_York
Greenwich,CT,41.02649,-73.62846,America/New_York
Groton,CT,41.3501,-72.07841,America/New_York
Guilford,CT,41.28899,-72.68176,America/New_York
Guilford Center,CT,41.28156,-72.67619,America/New_York
Hamden,CT,41.39593,-72.89677,America/New_York
Hartford,CT,41.76371,-72.68509,America/New_York
Hazardville,CT,41.98732,-72.54481,America/New_York
Hebron,CT,41.65788,-72.36592,America/New_York
Heritage Village,CT,41.48565,-73.23789,America/New_York
Higganum,CT,41.49704,-72.55703,America/New_York
Jewett City,CT,41.60677,-71.98091,America/New_York
Kensington,CT,41.63538,-72.76871,America/New_York
Kent,CT,41.72482,-73.47707,America/New_York
Killingly Center,CT,41.83871,-71.86924,America/New_York
Killingworth,CT,41.35815,-72.5637,America/New_York
Lake Pocotopaug,CT,41.59843,-72.51037,America/New_York
Ledyard,CT,41.43982,-72.01424,America/New_York
Lisbon,CT,41.60399,-72.01174,America/New_York
Litchfield,CT,41.74732,-73.18872,America/New_York
Long Hill,CT,41.35399,-72.0523,America/New_York
Madison,CT,41.27954,-72.59843,America/New_York
Madison Center,CT,41.27925,-72.60048,America/New_York
Manchester,CT,41.77593,-72.52148,America/New_York
Mansfield City,CT,41.76593,-72.23369,America/New_York
Meriden,CT,41.53815,-72.80704,America/New_York
Middlebury,CT,41.52787,-73.12761,America/New_York
Middletown,CT,41.56232,-72.65065,America/New_York
Milford,CT,41.22232,-73.0565,America/New_York
Montville Center,CT,41.47899,-72.15119,America/New_York
Moodus,CT,41.50288,-72.45009,America/New_York
Moosup,CT,41.71288,-71.88091,America/New_York
Mystic,CT,41.35427,-71.96646,America/New_York
Naugatuck,CT,41.48593,-73.05066,America/New_York
New Britain,CT,41.66121,-72.77954,America/New_York
New Canaan,CT,41.14676,-73.49484,America/New_York
New Fairfield,CT,41.46648,-73.48568,America/New_York
New Hartford Center,CT,41.87996,-72.9753,America/New_York
New Haven,CT,41.30815,-72.92816,America/New_York
New London,CT,41.35565,-72.09952,America/New_York
New Milford,CT,41.57704,-73.40845,America/New_York
New Preston,CT,41.6751,-73.35179,America/New_York
Newington,CT,41.69788,-72.72371,America/New_York
Newtown,CT,41.41398,-73.30345,America/New_York
Niantic,CT,41.32538,-72.19313,America/New_York
Noank,CT,41.32788,-71.99063,America/New_York
North Branford,CT,41.3276,-72.76732,America/New_York
North Granby,CT,41.99593,-72.82954,America/New_York
North Grosvenor Dale,CT,41.98565,-71.89868,America/New_York
North Haven,CT,41.39093,-72.85954,America/New_York
North Stamford,CT,41.13815,-73.54346,America/New_York
Northwest Harwinton,CT,41.77685,-73.07922,America/New_York
Norwalk,CT,41.1176,-73.4079,America/New_York
Norwich,CT,41.52426,-72.07591,America/New_York
Oakville,CT,41.59343,-73.08539,America/New_York
Old Greenwich,CT,41.02287,-73.56485,America/New_York
Old Mystic,CT,41.39149,-71.96174,America/New_York
Old Saybrook,CT,41.29177,-72.3762,America/New_York
Old Saybrook Center,CT,41.29123,-72.37176,America/New_York
Orange,CT,41.27843,-73.02566,America/New_York
Oxford,CT,41.43399,-73.11678,America/New_York
Oxoboxo River,CT,41.44391,-72.12502,America/New_York
Pawcatuck,CT,41.37732,-71.83368,America/New_York
Pemberwick,CT,41.02565,-73.66068,America/New_York
Plainfield,CT,41.67649,-71.91507,America/New_York
Plainfield Village,CT,41.67686,-71.92489,America/New_York
Plainville,CT,41.67454,-72.85816,America/New_York
Plymouth,CT,41.67204,-73.05289,America/New_York
Poquonock Bridge,CT,41.3451,-72.0248,America/New_York
Portland,CT,41.57288,-72.64065,America/New_York
Preston City,CT,41.52899,-71.97396,America/New_York
Prospect,CT,41.50232,-72.97872,America/New_York
Putnam,CT,41.9151,-71.90896,America/New_York
Quinebaug,CT,42.02371,-71.9498,America/New_York
Ridgefield,CT,41.28148,-73.49818,America/New_York
Riverside,CT,41.03371,-73.57818,America/New_York
Rockville,CT,41.86676,-72.44953,America/New_York
Salem,CT,41.49038,-72.27536,America/New_York
Salmon Brook,CT,41.95649,-72.79537,America/New_York
Saybrook Manor,CT,41.28538,-72.39897,America/New_York
Seymour,CT,41.39676,-73.07594,America/New_York
Shelton,CT,41.31649,-73.09316,America/New_York
Sherman,CT,41.57926,-73.49568,America/New_York
Sherwood Manor,CT,42.01343,-72.56425,America/New_York
Simsbury Center,CT,41.88088,-72.81116,America/New_York
Somers,CT,41.98537,-72.4462,America/New_York
South Coventry,CT,41.7701,-72.30508,America/New_York
South Windham,CT,41.67954,-72.17036,America/New_York
South Windsor,CT,41.82371,-72.6212,America/New_York
South Woodstock,CT,41.93899,-71.95952,America/New_York
Southbury,CT,41.48148,-73.21317,America/New_York
Southington,CT,41.59649,-72.8776,America/New_York
Southport,CT,41.13649,-73.28345,America/New_York
Southwood Acres,CT,41.9626,-72.57148,America/New_York
Stafford,CT,41.98482,-72.28897,America/New_York
Stafford Springs,CT,41.95426,-72.3023,America/New_York
Stamford,CT,41.05343,-73.53873,America/New_York
Storrs,CT,41.80843,-72.24952,America/New_York
Stratford,CT,41.18454,-73.13317,America/New_York
Suffield Depot,CT,41.98121,-72.64981,America/New_York
Tariffville,CT,41.90871,-72.7601,America/New_York
Terramuggus,CT,41.6351,-72.47036,America/New_York
Terryville,CT,41.67815,-73.01094,America/New_York
Thomaston,CT,41.67399,-73.07316,America/New_York
Thompson,CT,41.95871,-71.86257,America/New_York
Thompsonville,CT,41.99704,-72.59898,America/New_York
Tolland,CT,41.87149,-72.36869,America/New_York
Torrington,CT,41.80065,-73.12122,America/New_York
Trumbull,CT,41.24287,-73.20067,America/New_York
Uncasville,CT,41.43454,-72.1098,America/New_York
Wallingford,CT,41.45704,-72.82316,America/New_York
Wallingford Center,CT,41.44987,-72.81892,America/New_York
Washington,CT,41.63148,-73.31067,America/New_York
Waterbury,CT,41.55815,-73.0515,America/New_York
Waterford,CT,41.3417,-72.13597,America/New_York
Watertown,CT,41.60621,-73.11817,America/New_York
Wauregan,CT,41.74427,-71.90924,America/New_York
Weatogue,CT,41.84371,-72.82843,America/New_York
West Hartford,CT,41.76204,-72.74204,America/New_York
West Haven,CT,41.27065,-72.94705,America/New_York
West Simsbury,CT,41.87315,-72.85815,America/New_York
West Torrington,CT,41.81843,-73.14372,America/New_York
Westbrook Center,CT,41.27997,-72.44254,America/New_York
Westport,CT,41.14149,-73.3579,America/New_York
Wethersfield,CT,41.71427,-72.65259,America/New_York
Willimantic,CT,41.71065,-72.20813,America/New_York
Wilton,CT,41.19537,-73.4379,America/New_York
Winchester Center,CT,41.9001,-73.13483,America/New_York
Windham,CT,41.69982,-72.15702,America/New_York
Windsor,CT,41.8526,-72.6437,America/New_York
Windsor Locks,CT,41.92926,-72.62731,America/New_York
Winsted,CT,41.92121,-73.06011,America/New_York
Wolcott,CT,41.60232,-72.98677,America/New_York
Woodbridge,CT,41.3526,-73.00844,America/New_York
Woodbury,CT,41.54454,-73.209,America/New_York
Woodbury Center,CT,41.54453,-73.20476,America/New_York
Woodmont,CT,41.22815,-72.99149,America/New_York
Adams Morgan,DC,38.9215,-77.0422,America/New_York
Anacostia,DC,38.8665,-76.98386,America/New_York
Barracks Row,DC,38.88128,-76.995,America/New_York
Barry Farms,DC,38.86,-76.999,America/New_York
Bellevue,DC,38.826,-77.01,America/New_York
Benning,DC,38.89511,-76.94886,America/New_York
Benning Road,DC,38.88984,-76.93758,America/New_York
Bloomingdale,DC,38.91678,-77.01137,America/New_York
Brentwood Village,DC,38.92094,-76.98442,America/New_York
Brightwood,DC,38.96122,-77.02748,America/New_York
Brookland,DC,38.93289,-76.98414,America/New_York
Capitol Gateway,DC,38.89113,-76.91851,America/New_York
Capitol Hill,DC,38.889,-77.00025,America/New_York
Capitol Riverfront,DC,38.87796,-77.00314,America/New_York
Central 14th Street / Spring Road,DC,38.93707,-77.03265,America/New_York
Central 14th Street / WMATA Northern Bus Barn,DC,38.94467,-77.03262,America/New_York
Chevy Chase,DC,38.981,-77.083,America/New_York
Cleveland Park,DC,38.93622,-77.06553,America/New_York
Colorado Triangle,DC,38.95614,-77.03331,America/New_York
Columbia Heights,DC,38.92567,-77.02942,America/New_York
Congress Heights,DC,38.84289,-77.00025,America/New_York
Deanwood,DC,38.89845,-76.92942,America/New_York
Downtown DC,DC,38.8935,-77.01991,America/New_York
Dupont Circle,DC,38.90844,-77.04414,America/New_York
Foggy Bottom,DC,38.9015,-77.0622,America/New_York
Fort Lincoln,DC,38.92233,-76.95636,America/New_York
Georgetown,DC,38.90483,-77.06248,America/New_York
Georgia Avenue / Walter Reed,DC,38.98256,-77.0263,America/New_York
Glover Park,DC,38.92094,-77.0772,America/New_York
Golden Triangle,DC,38.90524,-77.04362,America/New_York
H Street NE,DC,38.90015,-76.99587,America/New_York
Hillcrest,DC,38.86206,-76.95803,America/New_York
Ivy City,DC,38.91122,-76.9847,America/New_York
Kenilworth,DC,38.90595,-76.94025,America/New_York
Kennedy Street,DC,38.9563,-77.01799,America/New_York
Lincoln Heights,DC,38.89456,-76.92886,America/New_York
Mount Pleasant,DC,38.93067,-77.04081,America/New_York
Mount Vernon Triangle,DC,38.90232,-77.01685,America/New_York
NoMa,DC,38.90372,-77.00598,America/New_York
Northwest One,DC,38.90428,-77.01196,America/New_York
Park View,DC,38.93206,-77.02359,America/New_York
Pennsylvania Avenue SE,DC,38.86817,-76.95803,America/New_York
Petworth,DC,38.94594,-77.02498,America/New_York
Pleasant Plains,DC,38.927,-77.023,America/New_York
Riggs Park,DC,38.95428,-76.99414,America/New_York
Shaw,DC,38.91206,-77.02137,America/New_York
Southwest Waterfront,DC,38.87934,-77.01758,America/New_York
Tenleytown,DC,38.94956,-77.08581,America/New_York
The Parks At Walter Reed,DC,38.97399,-77.02956,America/New_York
The Wharf,DC,38.87913,-77.02491,America/New_York
Union Market,DC,38.90857,-76.99819,America/New_York
Van Ness,DC,38.94316,-77.06299,America/New_York
Washington,DC,38.89511,-77.03637,America/New_York
Woodley Park,DC,38.92872,-77.05581,America/New_York
Woodridge,DC,38.93122,-76.97109,America/New_York
Bear,DE,39.62928,-75.65826,America/New_York
Bellefonte,DE,39.766,-75.502,America/New_York
Bethany Beach,DE,38.53956,-75.05518,America/New_York
Blades,DE,38.63567,-75.60993,America/New_York
Bridgeville,DE,38.74261,-75.60437,America/New_York
Brookside,DE,39.66706,-75.72688,America/New_York
Camden,DE,39.11345,-75.54187,America/New_York
Cheswold,DE,39.21928,-75.58576,America/New_York
Claymont,DE,39.80067,-75.45964,America/New_York
Clayton,DE,39.29067,-75.63437,America/New_York
Delaware City,DE,39.57775,-75.58945,America/New_York
Delmar,DE,38.45651,-75.57715,America/New_York
Dover,DE,39.15817,-75.52437,America/New_York
Dover Base Housing,DE,39.11763,-75.48393,America/New_York
Edgemoor,DE,39.75011,-75.49964,America/New_York
Elsmere,DE,39.73928,-75.59798,America/New_York
Felton,DE,39.00845,-75.57798,America/New_York
Georgetown,DE,38.69011,-75.38547,America/New_York
Glasgow,DE,39.60483,-75.74521,America/New_York
Greenville,DE,39.779,-75.59826,America/New_York
Greenwood,DE,38.80706,-75.59132,America/New_York
Harrington,DE,38.92372,-75.5777,America/New_York
Highland Acres,DE,39.12095,-75.52187,America/New_York
Hockessin,DE,39.78761,-75.6966,America/New_York
Kent Acres,DE,39.13178,-75.52492,America/New_York
Laurel,DE,38.5565,-75.57131,America/New_York
Lewes,DE,38.77456,-75.13935,America/New_York
Long Neck,DE,38.62011,-75.15074,America/New_York
Middletown,DE,39.44956,-75.71632,America/New_York
Milford,DE,38.91261,-75.42797,America/New_York
Millsboro,DE,38.5915,-75.2913,America/New_York
Milton,DE,38.77761,-75.30991,America/New_York
Nassau,DE,38.75206,-75.18769,America/New_York
New Castle,DE,39.65948,-75.56359,America/New_York
Newark,DE,39.68372,-75.74966,America/New_York
Newport,DE,39.71372,-75.60937,America/New_York
North Star,DE,39.76122,-75.7191,America/New_York
Ocean View,DE,38.54511,-75.08907,America/New_York
Pike Creek,DE,39.73095,-75.7041,America/New_York
Pike Creek Valley,DE,39.73622,-75.69827,America/New_York
Rehoboth Beach,DE,38.72095,-75.07601,America/New_York
Rising Sun-Lebanon,DE,39.09977,-75.50488,America/New_York
Riverview,DE,39.0265,-75.51076,America/New_York
Rodney Village,DE,39.13206,-75.53242,America/New_York
Seaford,DE,38.64123,-75.61104,America/New_York
Selbyville,DE,38.46039,-75.22074,America/New_York
Smyrna,DE,39.29983,-75.60465,America/New_York
Townsend,DE,39.39511,-75.6916,America/New_York
Wilmington,DE,39.74595,-75.54659,America/New_York
Wilmington Manor,DE,39.68678,-75.58437,America/New_York
Woodside East,DE,39.06756,-75.53748,America/New_York
Wyoming,DE,39.11817,-75.55881,America/New_York
Aberdeen,FL,26.55063,-80.14866,America/New_York
Alachua,FL,29.75163,-82.42483,America/New_York
Alafaya,FL,28.5641,-81.2114,America/New_York
Allapattah,FL,25.81454,-80.22394,America/New_York
Altamonte Springs,FL,28.66111,-81.36562,America/New_York
Alturas,FL,27.87169,-81.71508,America/New_York
Alva,FL,26.71562,-81.61008,America/New_York
Andover,FL,25.96843,-80.21283,America/New_York
Anna Maria,FL,27.53115,-82.73343,America/New_York
Apalachicola,FL,29.726,-84.9856,America/New_York
Apollo Beach,FL,27.77308,-82.40759,America/New_York
Apopka,FL,28.67617,-81.51186,America/New_York
Arcadia,FL,27.21588,-81.85842,America/New_York
Archer,FL,29.52997,-82.519,America/New_York
Asbury Lake,FL,30.04913,-81.82149,America/New_York
Astatula,FL,28.70972,-81.73285,America/New_York
Astor,FL,29.16248,-81.52535,America/New_York
Atlantic Beach,FL,30.33441,-81.3987,America/New_York
Atlantis,FL,26.5909,-80.10088,America/New_York
Auburndale,FL,28.0653,-81.78869,America/New_York
Ave Maria,FL,26.33667,-81.43806,America/New_York
Aventura,FL,25.95648,-80.13921,America/New_York
Avon Park,FL,27.59587,-81.50619,America/New_York
Azalea Park,FL,28.54111,-81.30062,America/New_York
Babson Park,FL,27.83197,-81.5223,America/New_York
Bagdad,FL,30.5988,-87.03223,America/Chicago
Bal Harbour,FL,25.89176,-80.12699,America/New_York
Baldwin,FL,30.30274,-81.97539,America/New_York
Balm,FL,27.75947,-82.2612,America/New_York
Bartow,FL,27.89641,-81.84314,America/New_York
Bay Harbor Islands,FL,25.88759,-80.13116,America/New_York
Bay Hill,FL,28.46806,-81.51618,America/New_York
Bay Pines,FL,27.81419,-82.77816,America/New_York
Bayonet Point,FL,28.32667,-82.68343,America/New_York
Bayshore Gardens,FL,27.42532,-82.59038,America/New_York
Beacon Square,FL,28.20862,-82.75538,America/New_York
Bee Ridge,FL,27.28394,-82.48065,America/New_York
Bellair-Meadowbrook Terrace,FL,30.17881,-81.74341,America/New_York
Belle Glade,FL,26.68451,-80.66756,America/New_York
Belle Glade Camp,FL,26.65757,-80.68284,America/New_York
Belle Isle,FL,28.45834,-81.35924,America/New_York
Belleair,FL,27.93585,-82.80621,America/New_York
Belleair Beach,FL,27.92308,-82.84316,America/New_York
Belleair Bluffs,FL,27.92141,-82.81705,America/New_York
Belleview,FL,29.05526,-82.06231,America/New_York
Bellview,FL,30.46159,-87.31497,America/Chicago
Beverly Hills,FL,28.91692,-82.45815,America/New_York
Big Coppitt Key,FL,24.59653,-81.66009,America/New_York
Big Pine Key,FL,24.66987,-81.35397,America/New_York
Biscayne Park,FL,25.8826,-80.1806,America/New_York
Bithlo,FL,28.55472,-81.10645,America/New_York
Black Diamond,FL,28.91248,-82.48593,America/New_York
Bloomingdale,FL,27.89364,-82.24037,America/New_York
Blountstown,FL,30.44379,-85.04744,America/Chicago
Boca Del Mar,FL,26.34508,-80.14671,America/New_York
Boca Pointe,FL,26.33313,-80.15949,America/New_York
Boca Raton,FL,26.35869,-80.0831,America/New_York
Bokeelia,FL,26.70563,-82.15898,America/New_York
Bonifay,FL,30.79186,-85.67965,America/Chicago
Bonita Springs,FL,26.33981,-81.7787,America/New_York
Boulevard Gardens,FL,26.12326,-80.17997,America/New_York
Bowling Green,FL,27.63837,-81.82397,America/New_York
Boyette,FL,27.81753,-82.22259,America/New_York
Boynton Beach,FL,26.52535,-80.06643,America/New_York
Bradenton,FL,27.49893,-82.57482,America/New_York
Bradenton Beach,FL,27.46761,-82.6983,America/New_York
Brandon,FL,27.9378,-82.28592,America/New_York
Brent,FL,30.46881,-87.23608,America/Chicago
Bristol,FL,30.43247,-84.97702,America/New_York
Broadview Park,FL,26.09953,-80.20866,America/New_York
Bronson,FL,29.44774,-82.64233,America/New_York
Brookridge,FL,28.5511,-82.49204,America/New_York
Brooksville,FL,28.55554,-82.38991,America/New_York
Broward Estates,FL,26.12564,-80.19338,America/New_York
Brownsville,FL,25.82176,-80.24116,America/New_York
Buckhead Ridge,FL,27.13033,-80.89367,America/New_York
Buckingham,FL,26.67507,-81.73203,America/New_York
Buenaventura Lakes,FL,28.33584,-81.35313,America/New_York
Bunche Park,FL,25.92065,-80.23699,America/New_York
Bunnell,FL,29.46609,-81.25784,America/New_York
Burnt Store Marina,FL,26.76507,-82.05092,America/New_York
Bushnell,FL,28.66499,-82.11286,America/New_York
Butler Beach,FL,29.7983,-81.26701,America/New_York
Callahan,FL,30.56218,-81.83066,America/New_York
Callaway,FL,30.15298,-85.56993,America/Chicago
Campbell,FL,28.2589,-81.45646,America/New_York
Cantonment,FL,30.60853,-87.33998,America/Chicago
Cape Canaveral,FL,28.40584,-80.60477,America/New_York
Cape Coral,FL,26.56285,-81.94953,America/New_York
Carol City,FL,25.94065,-80.2456,America/New_York
Carrabelle,FL,29.85326,-84.66435,America/New_York
Carrollwood,FL,28.05002,-82.49287,America/New_York
Carrollwood Village,FL,28.06752,-82.52093,America/New_York
Carver Ranches,FL,25.98842,-80.19227,America/New_York
Casselberry,FL,28.67778,-81.32785,America/New_York
Cedar Grove,FL,30.17103,-85.6252,America/Chicago
Celebration,FL,28.32529,-81.53313,America/New_York
Center Hill,FL,28.64999,-81.99258,America/New_York
Century,FL,30.97324,-87.26386,America/Chicago
Charlotte Harbor,FL,26.95839,-82.06703,America/New_York
Charlotte Park,FL,26.91006,-82.05398,America/New_York
Chattahoochee,FL,30.70546,-84.84574,America/New_York
Cheval,FL,28.14862,-82.51454,America/New_York
Chiefland,FL,29.47496,-82.85984,America/New_York
Chipley,FL,30.78186,-85.53854,America/Chicago
Christmas,FL,28.53639,-81.01756,America/New_York
Chuluota,FL,28.64194,-81.1234,America/New_York
Citra,FL,29.41192,-82.10982,America/New_York
Citrus Hills,FL,28.88831,-82.4326,America/New_York
Citrus Park,FL,28.07835,-82.56982,America/New_York
Citrus Ridge,FL,28.33385,-81.64232,America/New_York
Citrus Springs,FL,28.99748,-82.47065,America/New_York
Clarcona,FL,28.61278,-81.49868,America/New_York
Clearwater,FL,27.96585,-82.8001,America/New_York
Clermont,FL,28.54944,-81.77285,America/New_York
Cleveland,FL,26.96173,-81.98398,America/New_York
Clewiston,FL,26.75423,-80.93368,America/New_York
Cocoa,FL,28.38612,-80.742,America/New_York
Cocoa Beach,FL,28.32055,-80.60922,America/New_York
Cocoa West,FL,28.35942,-80.77109,America/New_York
Coconut Creek,FL,26.25175,-80.17894,America/New_York
Coconut Grove,FL,25.7126,-80.25699,America/New_York
Combee Settlement,FL,28.05835,-81.90536,America/New_York
Connerton,FL,28.31441,-82.47539,America/New_York
Conway,FL,28.50278,-81.33062,America/New_York
Cooper City,FL,26.05731,-80.27172,America/New_York
Coral Gables,FL,25.72149,-80.26838,America/New_York
Coral Springs,FL,26.27119,-80.2706,America/New_York
Coral Terrace,FL,25.74593,-80.3045,America/New_York
Cortez,FL,27.46921,-82.68621,America/New_York
Country Club,FL,25.94815,-80.317,America/New_York
Country Walk,FL,25.63399,-80.43228,America/New_York
Crawfordville,FL,30.17604,-84.37518,America/New_York
Crescent City,FL,29.43025,-81.51063,America/New_York
Crestview,FL,30.76213,-86.57051,America/Chicago
Crooked Lake Park,FL,27.82919,-81.58397,America/New_York
Cross City,FL,29.63465,-83.12694,America/New_York
Crystal Lake,FL,28.03558,-81.90841,America/New_York
Crystal River,FL,28.90248,-82.5926,America/New_York
Crystal Springs,FL,28.1814,-82.15758,America/New_York
Cudjoe Key,FL,24.67153,-81.49842,America/New_York
Cutler,FL,25.6151,-80.31061,America/New_York
Cutler Bay,FL,25.5783,-80.3377,America/New_York
Cutler Ridge,FL,25.58066,-80.34672,America/New_York
Cypress Gardens,FL,27.99391,-81.69008,America/New_York
Cypress Lake,FL,26.53813,-81.89925,America/New_York
Cypress Quarters,FL,27.25199,-80.81395,America/New_York
Dade City,FL,28.36472,-82.19592,America/New_York
Dade City North,FL,28.38334,-82.19389,America/New_York
Dania Beach,FL,26.05231,-80.14393,America/New_York
Davenport,FL,28.1614,-81.60174,America/New_York
Davie,FL,26.06287,-80.2331,America/New_York
Daytona Beach,FL,29.21081,-81.02283,America/New_York
Daytona Beach Shores,FL,29.17609,-80.98283,America/New_York
De Land Southwest,FL,29.0077,-81.31129,America/New_York
De Leon Springs,FL,29.11989,-81.35286,America/New_York
DeBary,FL,28.88305,-81.30868,America/New_York
DeFuniak Springs,FL,30.72102,-86.11522,America/Chicago
DeLand,FL,29.02832,-81.30312,America/New_York
Deerfield Beach,FL,26.31841,-80.09977,America/New_York
Delray Beach,FL,26.46146,-80.07282,America/New_York
Deltona,FL,28.90054,-81.26367,America/New_York
Desoto Lakes,FL,27.37143,-82.48982,America/New_York
Destin,FL,30.39353,-86.49578,America/Chicago
Doctor Phillips,FL,28.44945,-81.49229,America/New_York
Doral,FL,25.81954,-80.35533,America/New_York
Dover,FL,27.99419,-82.21953,America/New_York
Dundee,FL,28.02252,-81.61924,America/New_York
Dunedin,FL,28.0199,-82.77323,America/New_York
Dunnellon,FL,29.04914,-82.46093,America/New_York
Eagle Lake,FL,27.97836,-81.75647,America/New_York
East Bronson,FL,29.45928,-82.5904,America/New_York
East Lake,FL,28.11085,-82.69482,America/New_York
East Lake-Orient Park,FL,27.98269,-82.37878,America/New_York
East Milton,FL,30.61519,-87.02163,America/Chicago
East Naples,FL,26.13842,-81.76648,America/New_York
East Palatka,FL,29.6583,-81.59841,America/New_York
East Pensacola Heights,FL,30.42881,-87.17997,America/Chicago
East Perrine,FL,25.60872,-80.33894,America/New_York
Eastpoint,FL,29.7366,-84.87852,America/New_York
Eatonville,FL,28.61472,-81.38062,America/New_York
Edgewater,FL,28.98888,-80.90228,America/New_York
Edgewood,FL,28.48612,-81.37229,America/New_York
Eglin Air Force Base,FL,30.45907,-86.55026,America/Chicago
Eglin Village,FL,30.46298,-86.5394,America/Chicago
Egypt Lake-Leto,FL,28.01769,-82.50619,America/New_York
El Portal,FL,25.85537,-80.1931,America/New_York
Elfers,FL,28.21668,-82.72232,America/New_York
Ellenton,FL,27.52171,-82.5276,America/New_York
Eloise,FL,27.99474,-81.73813,America/New_York
Englewood,FL,26.96201,-82.3526,America/New_York
Ensley,FL,30.51881,-87.27275,America/Chicago
Estates of Fort Lauderdale (historical),FL,26.0522,-80.17939,America/New_York
Estero,FL,26.43814,-81.80675,America/New_York
Eustis,FL,28.85277,-81.68535,America/New_York
Fairview Shores,FL,28.59111,-81.39424,America/New_York
Feather Sound,FL,27.90079,-82.67349,America/New_York
Fellsmere,FL,27.76781,-80.60144,America/New_York
Fern Park,FL,28.64916,-81.35118,America/New_York
Fernandina Beach,FL,30.66968,-81.46259,America/New_York
Ferry Pass,FL,30.5102,-87.21247,America/Chicago
Fish Hawk,FL,27.85058,-82.21092,America/New_York
Five Points,FL,30.20912,-82.63735,America/New_York
Flagami,FL,25.76232,-80.31616,America/New_York
Flagler Beach,FL,29.47498,-81.127,America/New_York
Flagler Estates,FL,29.64553,-81.457,America/New_York
Fleming Island,FL,30.0933,-81.71898,America/New_York
Floral City,FL,28.74999,-82.29676,America/New_York
Florida City,FL,25.44789,-80.47922,America/New_York
Florida Ridge,FL,27.58031,-80.38672,America/New_York
Forest City,FL,28.66678,-81.44334,America/New_York
Fort Lauderdale,FL,26.12231,-80.14338,America/New_York
Fort Meade,FL,27.75225,-81.80175,America/New_York
Fort Myers,FL,26.62168,-81.84059,America/New_York
Fort Myers Beach,FL,26.45271,-81.95011,America/New_York
Fort Myers Shores,FL,26.70924,-81.74592,America/New_York
Fort Pierce,FL,27.44671,-80.32561,America/New_York
Fort Pierce North,FL,27.47364,-80.3593,America/New_York
Fort Pierce South,FL,27.40962,-80.35483,America/New_York
Fort Walton Beach,FL,30.42059,-86.61707,America/Chicago
Fountainebleau,FL,25.77288,-80.34783,America/New_York
Four Corners,FL,28.33287,-81.64738,America/New_York
Freeport,FL,30.49825,-86.13605,America/Chicago
Frostproof,FL,27.74586,-81.53063,America/New_York
Fruit Cove,FL,30.11107,-81.64176,America/New_York
Fruitland Park,FL,28.86138,-81.90647,America/New_York
Fruitville,FL,27.32977,-82.4576,America/New_York
Fuller Heights,FL,27.90919,-81.99814,America/New_York
Fussels Corner,FL,28.05419,-81.86064,America/New_York
Gainesville,FL,29.65163,-82.32483,America/New_York
Gandy,FL,27.8685,-82.61612,America/New_York
Gateway,FL,26.57757,-81.75036,America/New_York
Geneva,FL,28.73972,-81.11506,America/New_York
Gibsonia,FL,28.11474,-81.97369,America/New_York
Gibsonton,FL,27.85364,-82.38259,America/New_York
Gifford,FL,27.67531,-80.40922,America/New_York
Gladeview,FL,25.83926,-80.2356,America/New_York
Glencoe,FL,29.02582,-80.972,America/New_York
Glenvar Heights,FL,25.7076,-80.32561,America/New_York
Golden Gate,FL,26.18787,-81.69509,America/New_York
Golden Glades,FL,25.91176,-80.20033,America/New_York
Goldenrod,FL,28.61028,-81.28868,America/New_York
Gonzalez,FL,30.58158,-87.29136,America/Chicago
Gotha,FL,28.52778,-81.52313,America/New_York
Goulding,FL,30.44298,-87.22247,America/Chicago
Goulds,FL,25.56261,-80.38228,America/New_York
Graceville,FL,30.95685,-85.5166,America/Chicago
Grant-Valkaria,FL,27.9398,-80.57104,America/New_York
Greater Northdale,FL,28.10545,-82.52594,America/New_York
Green Cove Springs,FL,29.99191,-81.67815,America/New_York
Greenacres City,FL,26.62368,-80.12532,America/New_York
Greenbriar,FL,28.01128,-82.75272,America/New_York
Gretna,FL,30.61714,-84.65991,America/New_York
Grove City,FL,26.91423,-82.32704,America/New_York
Groveland,FL,28.55805,-81.85119,America/New_York
Gulf Breeze,FL,30.35714,-87.16386,America/Chicago
Gulf Gate Estates,FL,27.25173,-82.51471,America/New_York
Gulfport,FL,27.74836,-82.70343,America/New_York
Haines City,FL,28.1145,-81.62009,America/New_York
Hallandale Beach,FL,25.9812,-80.14838,America/New_York
Harbor Bluffs,FL,27.90947,-82.8276,America/New_York
Harbour Heights,FL,26.99089,-82.00231,America/New_York
Harlem,FL,26.73757,-80.9509,America/New_York
Harlem Heights,FL,26.51619,-81.92787,America/New_York
Havana,FL,30.62381,-84.41463,America/New_York
Haverhill,FL,26.69118,-80.12004,America/New_York
Hawthorne,FL,29.59191,-82.08732,America/New_York
Hawthorne,FL,28.76138,-81.87091,America/New_York
Heathrow,FL,28.76333,-81.37225,America/New_York
Heritage Pines,FL,28.42522,-82.62111,America/New_York
Hernando,FL,28.89998,-82.37454,America/New_York
Hernando Beach,FL,28.46944,-82.65927,America/New_York
Hialeah,FL,25.8576,-80.27811,America/New_York
Hialeah Gardens,FL,25.8651,-80.3245,America/New_York
High Point,FL,28.54687,-82.52468,America/New_York
High Springs,FL,29.82691,-82.59678,America/New_York
Highland Beach,FL,26.39952,-80.0656,America/New_York
Highland City,FL,27.9653,-81.87786,America/New_York
Hiland Park,FL,30.20103,-85.62687,America/Chicago
Hill 'n Dale,FL,28.51972,-82.29926,America/New_York
Hilliard,FL,30.69107,-81.91733,America/New_York
Hillsboro Beach,FL,26.29397,-80.07893,America/New_York
Hobe Sound,FL,27.0595,-80.13643,America/New_York
Holden Heights,FL,28.49667,-81.38785,America/New_York
Holiday,FL,28.18779,-82.73955,America/New_York
Holley,FL,30.44686,-86.90691,America/Chicago
Holly Hill,FL,29.24359,-81.03756,America/New_York
Hollywood,FL,26.0112,-80.14949,America/New_York
Holmes Beach,FL,27.49532,-82.71093,America/New_York
Homestead,FL,25.46872,-80.47756,America/New_York
Homosassa,FL,28.78137,-82.6151,America/New_York
Homosassa Springs,FL,28.80359,-82.57593,America/New_York
Horizon West,FL,28.43383,-81.6227,America/New_York
Howey-in-the-Hills,FL,28.71694,-81.77341,America/New_York
Hudson,FL,28.36445,-82.69343,America/New_York
Hunters Creek,FL,28.36056,-81.42229,America/New_York
Hutchinson Island South,FL,27.29949,-80.22045,America/New_York
Hypoluxo,FL,26.56646,-80.05337,America/New_York
Immokalee,FL,26.41869,-81.4173,America/New_York
Indialantic,FL,28.08946,-80.56561,America/New_York
Indian Harbour Beach,FL,28.1489,-80.58839,America/New_York
Indian River Estates,FL,27.36449,-80.30977,America/New_York
Indian River Shores,FL,27.7167,-80.38422,America/New_York
Indian Rocks Beach,FL,27.8753,-82.85122,America/New_York
Indian Shores,FL,27.8628,-82.84844,America/New_York
Indiantown,FL,27.02728,-80.48561,America/New_York
Inglis,FL,29.03025,-82.66872,America/New_York
Interlachen,FL,29.62421,-81.89256,America/New_York
Inverness,FL,28.83582,-82.33037,America/New_York
Inverness Highlands North,FL,28.8642,-82.37688,America/New_York
Inverness Highlands South,FL,28.80055,-82.3371,America/New_York
Inwood,FL,28.03697,-81.76508,America/New_York
Iona,FL,26.52036,-81.96398,America/New_York
Islamorada,FL,24.9243,-80.62784,America/New_York
Island Walk,FL,26.25099,-81.71101,America/New_York
Isle of Normandy,FL,25.85287,-80.13505,America/New_York
Ives Estates,FL,25.96231,-80.17671,America/New_York
Jacksonville,FL,30.33218,-81.65565,America/New_York
Jacksonville Beach,FL,30.29469,-81.39314,America/New_York
Jan-Phyl Village,FL,28.01474,-81.77175,America/New_York
Jasmine Estates,FL,28.29306,-82.6901,America/New_York
Jasper,FL,30.51827,-82.94819,America/New_York
Jensen Beach,FL,27.25449,-80.22977,America/New_York
June Park,FL,28.07224,-80.68006,America/New_York
Juno Beach,FL,26.87978,-80.05337,America/New_York
Jupiter,FL,26.93422,-80.09421,America/New_York
Kathleen,FL,28.12085,-82.02314,America/New_York
Kendale Lakes,FL,25.70816,-80.407,America/New_York
Kendall,FL,25.67927,-80.31727,America/New_York
Kendall Green,FL,26.25397,-80.12393,America/New_York
Kendall West,FL,25.7065,-80.4388,America/New_York
Kenneth City,FL,27.81558,-82.7201,America/New_York
Kensington Park,FL,27.35949,-82.49649,America/New_York
Key Biscayne,FL,25.69371,-80.16282,America/New_York
Key Largo,FL,25.08652,-80.44728,America/New_York
Key Vista,FL,28.1947,-82.77038,America/New_York
Key West,FL,24.55524,-81.78163,America/New_York
Keystone,FL,28.15585,-82.62121,America/New_York
Keystone Heights,FL,29.78608,-82.03149,America/New_York
Kings Point,FL,26.44535,-80.13977,America/New_York
Kissimmee,FL,28.30468,-81.41667,America/New_York
LaBelle,FL,26.76173,-81.43841,America/New_York
Lacoochee,FL,28.46583,-82.17203,America/New_York
Lady Lake,FL,28.91749,-81.92286,America/New_York
Laguna Beach,FL,30.23965,-85.9241,America/Chicago
Lake Alfred,FL,28.09196,-81.72341,America/New_York
Lake Belvedere Estates,FL,26.68923,-80.13338,America/New_York
Lake Butler,FL,30.02274,-82.33956,America/New_York
Lake Butler,FL,28.50167,-81.54091,America/New_York
Lake City,FL,30.18968,-82.63929,America/New_York
Lake Clarke Shores,FL,26.64534,-80.07588,America/New_York
Lake Forest,FL,25.97759,-80.1831,America/New_York
Lake Hamilton,FL,28.04446,-81.62785,America/New_York
Lake Helen,FL,28.98082,-81.23339,America/New_York
Lake Lorraine,FL,30.44159,-86.56523,America/Chicago
Lake Lucerne,FL,25.96509,-80.24144,America/New_York
Lake Mack-Forest Hills,FL,29.00074,-81.42397,America/New_York
Lake Magdalene,FL,28.07418,-82.47176,America/New_York
Lake Mary,FL,28.75888,-81.31784,America/New_York
Lake Panasoffkee,FL,28.777,-82.12,America/New_York
Lake Park,FL,26.80034,-80.06643,America/New_York
Lake Placid,FL,27.29834,-81.37124,America/New_York
Lake Sarasota,FL,27.29255,-82.4376,America/New_York
Lake Wales,FL,27.90141,-81.58591,America/New_York
Lake Worth Beach,FL,26.61708,-80.07231,America/New_York
Lake Worth Corridor,FL,26.61649,-80.10102,America/New_York
Lakeland,FL,28.03947,-81.9498,America/New_York
Lakeland Highlands,FL,27.95975,-81.95008,America/New_York
Lakes by the Bay,FL,25.57233,-80.32533,America/New_York
Lakeside,FL,30.12996,-81.76815,America/New_York
Lakewood Park,FL,27.54309,-80.40227,America/New_York
Land O' Lakes,FL,28.2189,-82.45759,America/New_York
Lantana,FL,26.58674,-80.05199,America/New_York
Largo,FL,27.90979,-82.78842,America/New_York
Lauderdale Lakes,FL,26.16647,-80.20838,America/New_York
Lauderdale-by-the-Sea,FL,26.19203,-80.09643,America/New_York
Lauderhill,FL,26.14036,-80.21338,America/New_York
Laurel,FL,27.14378,-82.46158,America/New_York
Lealman,FL,27.82114,-82.67927,America/New_York
Lecanto,FL,28.85165,-82.4876,America/New_York
Leesburg,FL,28.81082,-81.87786,America/New_York
Lehigh Acres,FL,26.62535,-81.6248,America/New_York
Leisure City,FL,25.49539,-80.42922,America/New_York
Lely,FL,26.10065,-81.72842,America/New_York
Lely Resort,FL,26.08093,-81.69786,America/New_York
Lighthouse Point,FL,26.27564,-80.08727,America/New_York
Limestone Creek,FL,26.94284,-80.14115,America/New_York
Little Havana,FL,25.76806,-80.23306,America/New_York
Live Oak,FL,30.29495,-82.98402,America/New_York
Lochmoor Waterway Estates,FL,26.64424,-81.90981,America/New_York
Lockhart,FL,28.61944,-81.44257,America/New_York
Longboat Key,FL,27.41254,-82.65899,America/New_York
Longwood,FL,28.70305,-81.3384,America/New_York
Loughman,FL,28.24196,-81.56674,America/New_York
Lower Grand Lagoon,FL,30.14409,-85.75076,America/Chicago
Loxahatchee Groves,FL,26.68368,-80.27977,America/New_York
Lutz,FL,28.15112,-82.46148,America/New_York
Lynn Haven,FL,30.24548,-85.64826,America/Chicago
Macclenny,FL,30.28218,-82.12206,America/New_York
Madeira Beach,FL,27.79808,-82.79732,America/New_York
Madison,FL,30.46938,-83.41293,America/New_York
Maitland,FL,28.62778,-81.36312,America/New_York
Malabar,FL,28.00363,-80.56561,America/New_York
Malone,FL,30.95769,-85.16215,America/Chicago
Manasota Key,FL,26.92534,-82.35204,America/New_York
Manatee Road,FL,29.51302,-82.91429,America/New_York
Mango,FL,27.97974,-82.30648,America/New_York
Mangonia Park,FL,26.76034,-80.07365,America/New_York
Marathon,FL,24.71375,-81.09035,America/New_York
Marco,FL,25.9726,-81.72898,America/New_York
Marco Island,FL,25.94121,-81.71842,America/New_York
Margate,FL,26.24453,-80.20644,America/New_York
Marianna,FL,30.77436,-85.22687,America/Chicago
Marion Oaks,FL,29.00859,-82.18315,America/New_York
Mary Esther,FL,30.41015,-86.66509,America/Chicago
Masaryktown,FL,28.44167,-82.45704,America/New_York
Mascotte,FL,28.57833,-81.88675,America/New_York
Mayo,FL,30.053,-83.17486,America/New_York
McGregor,FL,26.56091,-81.91453,America/New_York
Meadow Oaks,FL,28.34619,-82.60284,America/New_York
Meadow Woods,FL,28.38556,-81.36646,America/New_York
Medulla,FL,27.9678,-81.97342,America/New_York
Melbourne,FL,28.08363,-80.60811,America/New_York
Melbourne Beach,FL,28.06835,-80.56033,America/New_York
Melrose Park,FL,26.11342,-80.19338,America/New_York
Memphis,FL,27.53587,-82.56121,America/New_York
Merritt Island,FL,28.359,-80.69,America/New_York
Mexico Beach,FL,29.94809,-85.41995,America/Chicago
Miami,FL,25.77427,-80.19366,America/New_York
Miami Beach,FL,25.79065,-80.13005,America/New_York
Miami Gardens,FL,25.97981,-80.20255,America/New_York
Miami Gardens,FL,25.94204,-80.2456,America/New_York
Miami Lakes,FL,25.90871,-80.30866,America/New_York
Miami Shores,FL,25.86315,-80.19283,America/New_York
Miami Springs,FL,25.82232,-80.2895,America/New_York
Micco,FL,27.88058,-80.50033,America/New_York
Middleburg,FL,30.06885,-81.86038,America/New_York
Midway,FL,30.49548,-84.45435,America/New_York
Midway,FL,28.79027,-81.2309,America/New_York
Midway,FL,30.40648,-87.00553,America/Chicago
Milton,FL,30.63241,-87.03969,America/Chicago
Mims,FL,28.66527,-80.84478,America/New_York
Minneola,FL,28.57444,-81.74619,America/New_York
Miramar,FL,25.98731,-80.23227,America/New_York
Miramar Beach,FL,30.37437,-86.35856,America/Chicago
Molino,FL,30.72408,-87.31414,America/Chicago
Monticello,FL,30.54515,-83.8713,America/New_York
Montura,FL,26.63645,-81.10045,America/New_York
Montverde,FL,28.60028,-81.67396,America/New_York
Moore Haven,FL,26.83312,-81.09312,America/New_York
Mount Dora,FL,28.80249,-81.64452,America/New_York
Mount Plymouth,FL,28.80805,-81.53313,America/New_York
Mulberry,FL,27.8953,-81.97342,America/New_York
Myrtle Grove,FL,30.42103,-87.30747,America/Chicago
Naples,FL,26.14234,-81.79596,America/New_York
Naples Manor,FL,26.0887,-81.7262,America/New_York
Naples Park,FL,26.26175,-81.80925,America/New_York
Naranja,FL,25.51816,-80.42283,America/New_York
Nassau Village-Ratliff,FL,30.51111,-81.80925,America/New_York
Navarre,FL,30.40159,-86.86357,America/Chicago
Neptune Beach,FL,30.31191,-81.39647,America/New_York
New Port Richey,FL,28.24418,-82.71927,America/New_York
New Port Richey East,FL,28.26027,-82.69261,America/New_York
New Smyrna Beach,FL,29.02582,-80.927,America/New_York
Newberry,FL,29.64635,-82.6065,America/New_York
Niceville,FL,30.51686,-86.48217,America/Chicago
Nocatee,FL,27.16033,-81.88231,America/New_York
Nocatee,FL,30.0832,-81.40283,America/New_York
Nokomis,FL,27.11922,-82.44426,America/New_York
Norland,FL,25.94898,-80.21227,America/New_York
North Andrews Gardens,FL,26.19147,-80.14421,America/New_York
North Bay Village,FL,25.84621,-80.15394,America/New_York
North Brooksville,FL,28.57305,-82.40815,America/New_York
North DeLand,FL,29.04943,-81.29812,America/New_York
North Fort Myers,FL,26.66729,-81.88009,America/New_York
North Key Largo,FL,25.26734,-80.32339,America/New_York
North Lauderdale,FL,26.2173,-80.22588,America/New_York
North Miami,FL,25.89009,-80.18671,America/New_York
North Miami Beach,FL,25.93315,-80.16255,America/New_York
North Palm Beach,FL,26.81756,-80.08199,America/New_York
North Port,FL,27.04422,-82.23593,America/New_York
North Redington Beach,FL,27.81614,-82.82066,America/New_York
North River Shores,FL,27.21755,-80.26977,America/New_York
North Sarasota,FL,27.37393,-82.51843,America/New_York
North Weeki Wachee,FL,28.55014,-82.55888,America/New_York
Northdale,FL,28.0939,-82.50561,America/New_York
Oak Hill,FL,28.86443,-80.8545,America/New_York
Oak Ridge,FL,28.47112,-81.42452,America/New_York
Oakland,FL,28.555,-81.63313,America/New_York
Oakland Park,FL,26.17231,-80.13199,America/New_York
Oakleaf Plantation,FL,30.17083,-81.83549,America/New_York
Ocala,FL,29.1872,-82.14009,America/New_York
Ocean City,FL,30.44103,-86.61356,America/Chicago
Ocean Ridge,FL,26.52702,-80.04837,America/New_York
Ocoee,FL,28.56917,-81.54396,America/New_York
Odessa,FL,28.1939,-82.59176,America/New_York
Ojus,FL,25.94843,-80.1506,America/New_York
Okeechobee,FL,27.24393,-80.82978,America/New_York
Oldsmar,FL,28.03418,-82.6651,America/New_York
Olga,FL,26.71896,-81.7123,America/New_York
Olympia Heights,FL,25.72677,-80.35533,America/New_York
On Top of the World,FL,29.11516,-82.29129,America/New_York
Opa-locka,FL,25.90232,-80.25033,America/New_York
Orange City,FL,28.94888,-81.29867,America/New_York
Orange Park,FL,30.16607,-81.70648,America/New_York
Orangetree,FL,26.29286,-81.58842,America/New_York
Oriole Beach,FL,30.37381,-87.09136,America/Chicago
Orlando,FL,28.53834,-81.37924,America/New_York
Orlovista,FL,28.53834,-81.46035,America/New_York
Ormond Beach,FL,29.28581,-81.05589,America/New_York
Ormond-by-the-Sea,FL,29.34914,-81.06645,America/New_York
Osprey,FL,27.19616,-82.49037,America/New_York
Oviedo,FL,28.67,-81.20812,America/New_York
Pace,FL,30.59936,-87.16108,America/Chicago
Pahokee,FL,26.82006,-80.66534,America/New_York
Palatka,FL,29.64858,-81.63758,America/New_York
Palm Aire,FL,26.20619,-80.19171,America/New_York
Palm Bay,FL,28.03446,-80.58866,America/New_York
Palm Beach,FL,26.70562,-80.03643,America/New_York
Palm Beach Gardens,FL,26.82339,-80.13865,America/New_York
Palm Beach Shores,FL,26.77812,-80.0356,America/New_York
Palm City,FL,27.16783,-80.26616,America/New_York
Palm Coast,FL,29.58497,-81.20784,America/New_York
Palm Harbor,FL,28.07807,-82.76371,America/New_York
Palm River-Clair Mel,FL,27.92386,-82.37939,America/New_York
Palm Springs,FL,26.6359,-80.09615,America/New_York
Palm Springs North,FL,25.9351,-80.33383,America/New_York
Palm Valley,FL,30.17746,-81.38758,America/New_York
Palmetto,FL,27.52143,-82.57232,America/New_York
Palmetto Bay,FL,25.62177,-80.32477,America/New_York
Palmetto Estates,FL,25.62149,-80.362,America/New_York
Palmona Park,FL,26.68646,-81.89648,America/New_York
Panama City,FL,30.15946,-85.65983,America/Chicago
Panama City Beach,FL,30.17659,-85.80549,America/Chicago
Paradise Heights,FL,28.62361,-81.54396,America/New_York
Parker,FL,30.13104,-85.60326,America/Chicago
Parkland,FL,26.31008,-80.23727,America/New_York
Pasadena Hills,FL,28.28001,-82.22438,America/New_York
Pebble Creek,FL,28.14835,-82.34565,America/New_York
Pelican Bay,FL,26.2312,-81.80564,America/New_York
Pembroke Park,FL,25.98787,-80.17477,America/New_York
Pembroke Pines,FL,26.00315,-80.22394,America/New_York
Pensacola,FL,30.42131,-87.21691,America/Chicago
Perry,FL,30.11766,-83.58274,America/New_York
Pierson,FL,29.23942,-81.46563,America/New_York
Pine Castle,FL,28.47195,-81.36785,America/New_York
Pine Hills,FL,28.55778,-81.4534,America/New_York
Pine Island Center,FL,26.61369,-82.11815,America/New_York
Pine Island Ridge,FL,26.09481,-80.27394,America/New_York
Pine Manor,FL,26.57285,-81.87814,America/New_York
Pine Ridge,FL,28.93831,-82.47343,America/New_York
Pine Ridge,FL,26.23064,-81.79592,America/New_York
Pinecrest,FL,25.66705,-80.30811,America/New_York
Pinellas Park,FL,27.8428,-82.69954,America/New_York
Pinewood,FL,25.86898,-80.21699,America/New_York
Placid Lakes,FL,27.24144,-81.40702,America/New_York
Plant City,FL,28.01888,-82.11469,America/New_York
Plantation,FL,26.13421,-80.23184,America/New_York
Plantation,FL,24.97624,-80.55228,America/New_York
Plantation,FL,27.06811,-82.37287,America/New_York
Plantation Mobile Home Park,FL,26.70312,-80.13227,America/New_York
Poinciana,FL,28.14029,-81.45841,America/New_York
Point Baker,FL,30.69019,-87.05358,America/Chicago
Polk City,FL,28.18251,-81.82397,America/New_York
Pompano Beach,FL,26.23786,-80.12477,America/New_York
Pompano Beach Highlands,FL,26.28286,-80.10699,America/New_York
Ponce Inlet,FL,29.09637,-80.937,America/New_York
Ponte Vedra Beach,FL,30.23969,-81.38564,America/New_York
Port Charlotte,FL,26.97617,-82.09064,America/New_York
Port LaBelle,FL,26.75645,-81.40508,America/New_York
Port Orange,FL,29.13832,-80.99561,America/New_York
Port Richey,FL,28.27168,-82.71955,America/New_York
Port Saint Joe,FL,29.81188,-85.30297,America/New_York
Port Saint John,FL,28.47695,-80.78867,America/New_York
Port Saint Lucie,FL,27.29393,-80.35033,America/New_York
Port Salerno,FL,27.14422,-80.2006,America/New_York
Pretty Bayou,FL,30.19659,-85.6966,America/Chicago
Princeton,FL,25.53844,-80.40894,America/New_York
Progress Village,FL,27.9003,-82.36454,America/New_York
Punta Gorda,FL,26.92978,-82.04537,America/New_York
Punta Gorda Isles,FL,26.91756,-82.07842,America/New_York
Punta Rassa,FL,26.48786,-82.01231,America/New_York
Quail Ridge,FL,28.34905,-82.55532,America/New_York
Quincy,FL,30.58714,-84.58325,America/New_York
Redington Beach,FL,27.80864,-82.81121,America/New_York
Redington Shores,FL,27.82614,-82.82899,America/New_York
Richmond Heights,FL,25.63149,-80.36894,America/New_York
Richmond West,FL,25.6105,-80.42971,America/New_York
Ridge Manor,FL,28.5075,-82.17036,America/New_York
Ridge Wood Heights,FL,27.28727,-82.51315,America/New_York
Ridgecrest,FL,27.8975,-82.80529,America/New_York
River Park,FL,27.31421,-80.34727,America/New_York
Riverview,FL,27.86614,-82.32648,America/New_York
Riviera Beach,FL,26.77534,-80.0581,America/New_York
Rock Island,FL,26.15509,-80.17699,America/New_York
Rockledge,FL,28.35084,-80.72533,America/New_York
Roosevelt Gardens,FL,26.14087,-80.18027,America/New_York
Roseland,FL,27.83586,-80.49311,America/New_York
Rotonda West,FL,26.88368,-82.29009,America/New_York
Royal Palm Beach,FL,26.7084,-80.2306,America/New_York
Royal Palm Estates,FL,26.681,-80.133,America/New_York
Ruskin,FL,27.72086,-82.43315,America/New_York
Safety Harbor,FL,27.99085,-82.69316,America/New_York
Saint Augustine,FL,29.89469,-81.31452,America/New_York
Saint Augustine Beach,FL,29.85053,-81.26535,America/New_York
Saint Augustine Shores,FL,29.8108,-81.31035,America/New_York
Saint Augustine South,FL,29.84249,-81.31448,America/New_York
Saint Cloud,FL,28.2489,-81.28118,America/New_York
Saint George,FL,28.05641,-82.72788,America/New_York
Saint James City,FL,26.49758,-82.07843,America/New_York
Saint Leo,FL,28.33723,-82.25842,America/New_York
Saint Pete Beach,FL,27.72531,-82.74121,America/New_York
Samoset,FL,27.46948,-82.54149,America/New_York
Samsula-Spruce Creek,FL,29.04932,-81.06192,America/New_York
San Antonio,FL,28.33611,-82.27453,America/New_York
San Carlos Park,FL,26.4673,-81.80147,America/New_York
Sandalfoot Cove,FL,26.33863,-80.1869,America/New_York
Sanford,FL,28.80055,-81.27312,America/New_York
Sanibel,FL,26.44897,-82.02231,America/New_York
Santa Rosa Beach,FL,30.39603,-86.22883,America/Chicago
Sarasota,FL,27.33643,-82.53065,America/New_York
Sarasota Springs,FL,27.30894,-82.47954,America/New_York
Satellite Beach,FL,28.17612,-80.59005,America/New_York
Sawgrass,FL,30.19274,-81.37064,America/New_York
Schall Circle,FL,26.71562,-80.11504,America/New_York
Scott Lake,FL,25.94148,-80.23199,America/New_York
Seaside,FL,30.32103,-86.14161,America/Chicago
Sebastian,FL,27.81641,-80.47061,America/New_York
Sebring,FL,27.49559,-81.44091,America/New_York
Seffner,FL,27.98363,-82.27565,America/New_York
Seminole,FL,27.83975,-82.79121,America/New_York
Seminole Manor,FL,26.58368,-80.10032,America/New_York
Sewall's Point,FL,27.19949,-80.20227,America/New_York
Shady Hills,FL,28.41,-82.54288,America/New_York
Sharpes,FL,28.43223,-80.76005,America/New_York
Siesta Key,FL,27.26785,-82.54526,America/New_York
Silver Lake,FL,28.84193,-81.79841,America/New_York
Silver Springs,FL,29.21664,-82.05759,America/New_York
Silver Springs Shores,FL,29.10442,-82.02064,America/New_York
Sky Lake,FL,28.45723,-81.39146,America/New_York
Sneads,FL,30.70801,-84.92552,America/Chicago
South Apopka,FL,28.66194,-81.50952,America/New_York
South Bay,FL,26.66396,-80.71617,America/New_York
South Beach,FL,27.59115,-80.34422,America/New_York
South Bradenton,FL,27.4631,-82.58176,America/New_York
South Brooksville,FL,28.53582,-82.38403,America/New_York
South Daytona,FL,29.16582,-81.0045,America/New_York
South Gate Ridge,FL,27.28644,-82.49676,America/New_York
South Highpoint,FL,27.91697,-82.71288,America/New_York
South Miami,FL,25.7076,-80.29338,America/New_York
South Miami Heights,FL,25.59761,-80.38061,America/New_York
South Palm Beach,FL,26.58896,-80.03865,America/New_York
South Pasadena,FL,27.75503,-82.7376,America/New_York
South Patrick Shores,FL,28.20223,-80.6095,America/New_York
South Sarasota,FL,27.28616,-82.53288,America/New_York
South Venice,FL,27.05311,-82.42426,America/New_York
Southchase,FL,28.39306,-81.3834,America/New_York
Southeast Arcadia,FL,27.18629,-81.8521,America/New_York
Southgate,FL,27.3081,-82.50982,America/New_York
Southwest Ranches,FL,26.0587,-80.33727,America/New_York
Spring Hill,FL,28.47688,-82.52546,America/New_York
Springfield,FL,30.15326,-85.61132,America/Chicago
St. Johns,FL,30.0815,-81.54774,America/New_York
St. Petersburg,FL,27.77086,-82.67927,America/New_York
Starke,FL,29.94413,-82.10983,America/New_York
Steinhatchee,FL,29.67106,-83.38764,America/New_York
Stock Island,FL,24.56709,-81.73842,America/New_York
Stuart,FL,27.19755,-80.25283,America/New_York
Sugarmill Woods,FL,28.73221,-82.50621,America/New_York
Sun City Center,FL,27.71809,-82.35176,America/New_York
Suncoast Estates,FL,26.71174,-81.86897,America/New_York
Sunny Isles Beach,FL,25.95065,-80.12282,America/New_York
Sunrise,FL,26.13397,-80.1131,America/New_York
Sunset,FL,25.70594,-80.35228,America/New_York
Sunshine Ranches,FL,26.04592,-80.32894,America/New_York
Surfside,FL,25.87843,-80.1256,America/New_York
Sweetwater,FL,25.76343,-80.37311,America/New_York
Taft,FL,28.42973,-81.36507,America/New_York
Tallahassee,FL,30.43826,-84.28073,America/New_York
Tamarac,FL,26.21286,-80.24977,America/New_York
Tamiami,FL,25.75871,-80.39839,America/New_York
Tampa,FL,27.94752,-82.45843,America/New_York
Tangelo Park,FL,28.45584,-81.4459,America/New_York
Tangerine,FL,28.76499,-81.63063,America/New_York
Tarpon Springs,FL,28.14612,-82.75677,America/New_York
Tavares,FL,28.80416,-81.72563,America/New_York
Tavernier,FL,25.01152,-80.51506,America/New_York
Taylor Creek,FL,27.21671,-80.7895,America/New_York
Tedder,FL,26.28425,-80.12227,America/New_York
Temple Terrace,FL,28.0353,-82.38926,America/New_York
Tequesta,FL,26.959,-80.088,America/New_York
Terra Mar,FL,26.21619,-80.09532,America/New_York
The Acreage,FL,26.79404,-80.26749,America/New_York
The Crossings,FL,25.67066,-80.40117,America/New_York
The Hammocks,FL,25.67149,-80.4445,America/New_York
The Meadows,FL,27.36171,-82.46898,America/New_York
The Villages,FL,28.93408,-81.95994,America/New_York
Thonotosassa,FL,28.06141,-82.30231,America/New_York
Three Lakes,FL,25.64205,-80.39839,America/New_York
Three Oaks,FL,26.47008,-81.79397,America/New_York
Tice,FL,26.67479,-81.81508,America/New_York
Tierra Verde,FL,27.69197,-82.72343,America/New_York
Tiger Point,FL,30.37853,-87.05552,America/Chicago
Timber Pines,FL,28.47028,-82.60316,America/New_York
Titusville,FL,28.61222,-80.80755,America/New_York
Town 'n' Country,FL,28.01057,-82.57732,America/New_York
Treasure Island,FL,27.76919,-82.76899,America/New_York
Trenton,FL,29.61329,-82.81762,America/New_York
Trinity,FL,28.18085,-82.68177,America/New_York
Twin Lakes,FL,26.18092,-80.16005,America/New_York
Tyndall Air Force Base,FL,30.08535,-85.60731,America/Chicago
Umatilla,FL,28.92943,-81.66563,America/New_York
Union Park,FL,28.56806,-81.28618,America/New_York
University,FL,28.07389,-82.43902,America/New_York
University Park,FL,25.74649,-80.36755,America/New_York
Upper Grand Lagoon,FL,30.16326,-85.74076,America/Chicago
Valparaiso,FL,30.50853,-86.50273,America/Chicago
Valrico,FL,27.93789,-82.23644,America/New_York
Vamo,FL,27.222,-82.49787,America/New_York
Venice,FL,27.09978,-82.45426,America/New_York
Venice Gardens,FL,27.07311,-82.4076,America/New_York
Vero Beach,FL,27.63864,-80.39727,America/New_York
Vero Beach South,FL,27.61638,-80.41308,America/New_York
Verona Walk,FL,26.08412,-81.67985,America/New_York
Viera East,FL,28.26234,-80.71449,America/New_York
Viera West,FL,28.24504,-80.7338,America/New_York
Villages of Oriole,FL,26.4623,-80.15282,America/New_York
Villano Beach,FL,29.93858,-81.30202,America/New_York
Villas,FL,26.55035,-81.8687,America/New_York
Vineyards,FL,26.22373,-81.72798,America/New_York
Virginia Gardens,FL,25.81038,-80.30227,America/New_York
Wabasso Beach,FL,27.76475,-80.39894,America/New_York
Wahneta,FL,27.9528,-81.72702,America/New_York
Waldo,FL,29.78969,-82.16732,America/New_York
Wallace,FL,30.67741,-87.17997,America/Chicago
Warm Mineral Springs,FL,27.05978,-82.26009,America/New_York
Warrington,FL,30.38409,-87.27497,America/Chicago
Washington Park,FL,26.13259,-80.18116,America/New_York
Watertown,FL,30.19245,-82.61457,America/New_York
Wauchula,FL,27.54726,-81.81147,America/New_York
Wedgefield,FL,28.48778,-81.07729,America/New_York
Weeki Wachee Gardens,FL,28.53361,-82.62954,America/New_York
Wekiwa Springs,FL,28.69861,-81.42563,America/New_York
Wellborn,FL,30.23106,-82.81957,America/New_York
Wellington,FL,26.65868,-80.24144,America/New_York
Wesley Chapel,FL,28.23973,-82.32787,America/New_York
West Bradenton,FL,27.50254,-82.61399,America/New_York
West DeLand,FL,29.01582,-81.33312,America/New_York
West Gate,FL,26.70257,-80.0981,America/New_York
West Hollywood,FL,26.02065,-80.18394,America/New_York
West Little River,FL,25.85704,-80.23699,America/New_York
West Melbourne,FL,28.07168,-80.65339,America/New_York
West Miami,FL,25.76343,-80.29616,America/New_York
West Palm Beach,FL,26.71534,-80.05337,America/New_York
West Park,FL,25.98454,-80.19894,America/New_York
West Pensacola,FL,30.42659,-87.27969,America/Chicago
West Perrine,FL,25.60594,-80.36283,America/New_York
West Samoset,FL,27.46948,-82.55676,America/New_York
West Vero Corridor,FL,27.63775,-80.48576,America/New_York
West and East Lealman,FL,27.81993,-82.68944,America/New_York
Westchase,FL,28.05502,-82.60982,America/New_York
Westchester,FL,25.75482,-80.32727,America/New_York
Weston,FL,26.10037,-80.39977,America/New_York
Westview,FL,25.88204,-80.24199,America/New_York
Westwood Lake,FL,25.72927,-80.37283,America/New_York
Wewahitchka,FL,30.1127,-85.20047,America/Chicago
Whiskey Creek,FL,26.57258,-81.89009,America/New_York
White City,FL,27.37393,-80.33394,America/New_York
Whitfield,FL,27.41171,-82.56593,America/New_York
Wildwood,FL,28.86542,-82.04058,America/New_York
Williamsburg,FL,28.41445,-81.44285,America/New_York
Williston,FL,29.38747,-82.44677,America/New_York
Williston Highlands,FL,29.34052,-82.5415,America/New_York
Willow Oak,FL,27.91614,-82.01786,America/New_York
Wilton Manors,FL,26.16036,-80.13893,America/New_York
Wimauma,FL,27.71253,-82.29898,America/New_York
Windermere,FL,28.49556,-81.5348,America/New_York
Winston,FL,28.03169,-82.01481,America/New_York
Winter Beach,FL,27.7192,-80.42061,America/New_York
Winter Garden,FL,28.56528,-81.58618,America/New_York
Winter Haven,FL,28.02224,-81.73286,America/New_York
Winter Park,FL,28.6,-81.33924,America/New_York
Winter Springs,FL,28.69889,-81.30812,America/New_York
Woodlawn Beach,FL,30.38825,-86.9908,America/Chicago
Woodville,FL,30.31409,-84.2474,America/New_York
Wright,FL,30.45575,-86.63829,America/Chicago
Yalaha,FL,28.7386,-81.80869,America/New_York
Youngstown,FL,30.36436,-85.43826,America/Chicago
Yulee,FL,30.6319,-81.60649,America/New_York
Zellwood,FL,28.73111,-81.60118,America/New_York
Zephyrhills,FL,28.23362,-82.18119,America/New_York
Zephyrhills North,FL,28.25172,-82.16557,America/New_York
Zephyrhills South,FL,28.21492,-82.18873,America/New_York
Zephyrhills West,FL,28.23081,-82.20556,America/New_York
Zolfo Springs,FL,27.49337,-81.79592,America/New_York
Abbeville,GA,31.99212,-83.30682,America/New_York
Acworth,GA,34.06635,-84.67837,America/New_York
Adairsville,GA,34.3687,-84.93411,America/New_York
Adel,GA,31.13727,-83.42408,America/New_York
Alamo,GA,32.14712,-82.77792,America/New_York
Albany,GA,31.57851,-84.15574,America/New_York
Alma,GA,31.53937,-82.46236,America/New_York
Alpharetta,GA,34.07538,-84.29409,America/New_York
Alto,GA,34.46732,-83.57378,America/New_York
Americus,GA,32.07239,-84.23269,America/New_York
Appling,GA,33.54608,-82.3173,America/New_York
Aragon,GA,34.04565,-85.05606,America/New_York
Arcade,GA,34.07789,-83.56155,America/New_York
Arlington,GA,31.4399,-84.72492,America/New_York
Ashburn,GA,31.70601,-83.65322,America/New_York
Athens,GA,33.96095,-83.37794,America/New_York
Atlanta,GA,33.749,-84.38798,America/New_York
Auburn,GA,34.01372,-83.82768,America/New_York
Augusta,GA,33.47097,-81.97484,America/New_York
Austell,GA,33.81261,-84.63438,America/New_York
Avondale Estates,GA,33.77149,-84.26714,America/New_York
Bainbridge,GA,30.9038,-84.57547,America/New_York
Baldwin,GA,34.49177,-83.53739,America/New_York
Ball Ground,GA,34.33815,-84.37659,America/New_York
Barnesville,GA,33.05457,-84.15575,America/New_York
Baxley,GA,31.77825,-82.34846,America/New_York
Belvedere Park,GA,33.75483,-84.26742,America/New_York
Berkeley Lake,GA,33.98371,-84.18658,America/New_York
Blackshear,GA,31.30605,-82.24207,America/New_York
Blairsville,GA,34.8762,-83.95824,America/New_York
Blakely,GA,31.37768,-84.93409,America/New_York
Bloomingdale,GA,32.13242,-81.299,America/New_York
Blue Ridge,GA,34.86397,-84.32409,America/New_York
Blue Ridge Manor,GA,33.8601,-84.60021,America/New_York
Bogart,GA,33.94928,-83.53461,America/New_York
Bonanza,GA,33.46567,-84.33659,America/New_York
Boston,GA,30.79186,-83.78989,America/New_York
Bowdon,GA,33.53789,-85.25328,America/New_York
Braselton,GA,34.10927,-83.76267,America/New_York
Bremen,GA,33.72122,-85.1455,America/New_York
Brookhaven,GA,33.85844,-84.3402,America/New_York
Brooklet,GA,32.37963,-81.66317,America/New_York
Broxton,GA,31.62519,-82.88681,America/New_York
Brunswick,GA,31.15013,-81.49147,America/New_York
Buchanan,GA,33.8026,-85.18856,America/New_York
Buena Vista,GA,32.31904,-84.51714,America/New_York
Buford,GA,34.12066,-84.00435,America/New_York
Butler,GA,32.55709,-84.23825,America/New_York
Byron,GA,32.65376,-83.75963,America/New_York
Cairo,GA,30.87751,-84.20214,America/New_York
Calhoun,GA,34.50259,-84.95105,America/New_York
Camilla,GA,31.23129,-84.21046,America/New_York
Candler-McAfee,GA,33.72672,-84.27246,America/New_York
Canton,GA,34.23676,-84.49076,America/New_York
Carnesville,GA,34.36983,-83.23516,America/New_York
Carrollton,GA,33.58011,-85.07661,America/New_York
Cartersville,GA,34.16533,-84.80231,America/New_York
Cave Spring,GA,34.1076,-85.33634,America/New_York
Cedartown,GA,34.01123,-85.25593,America/New_York
Centerville,GA,32.63014,-83.68963,America/New_York
Chamblee,GA,33.89205,-84.29881,America/New_York
Chatsworth,GA,34.76591,-84.76994,America/New_York
Chattahoochee Hills,GA,33.55063,-84.76049,America/New_York
Chattanooga Valley,GA,34.93285,-85.35551,America/New_York
Chester,GA,32.39378,-83.15293,America/New_York
Chickamauga,GA,34.87119,-85.29079,America/New_York
Clarkesville,GA,34.6126,-83.52489,America/New_York
Clarkston,GA,33.80955,-84.23964,America/New_York
Claxton,GA,32.16158,-81.904,America/New_York
Clayton,GA,34.87815,-83.40099,America/New_York
Cleveland,GA,34.59704,-83.76324,America/New_York
Cochran,GA,32.38683,-83.35461,America/New_York
College Park,GA,33.65344,-84.44937,America/New_York
Colquitt,GA,31.17129,-84.73325,America/New_York
Columbus,GA,32.46098,-84.98771,America/New_York
Comer,GA,34.06372,-83.12543,America/New_York
Commerce,GA,34.204,-83.45711,America/New_York
Conley,GA,33.64483,-84.32576,America/New_York
Conyers,GA,33.66761,-84.01769,America/New_York
Cordele,GA,31.96351,-83.78239,America/New_York
Cornelia,GA,34.51149,-83.52712,America/New_York
Country Club Estates,GA,33.98928,-83.4096,America/New_York
Country Club Estates,GA,31.21273,-81.46427,America/New_York
Covington,GA,33.59678,-83.86018,America/New_York
Crawfordville,GA,33.55402,-82.89598,America/New_York
Cumming,GA,34.20732,-84.14019,America/New_York
Cusseta,GA,32.30543,-84.7727,America/New_York
Cuthbert,GA,31.77127,-84.78937,America/New_York
Dacula,GA,33.98872,-83.89796,America/New_York
Dahlonega,GA,34.53259,-83.98491,America/New_York
Dallas,GA,33.92371,-84.84077,America/New_York
Dalton,GA,34.7698,-84.97022,America/New_York
Danielsville,GA,34.12428,-83.22126,America/New_York
Darien,GA,31.37023,-81.43399,America/New_York
Davisboro,GA,32.97904,-82.60791,America/New_York
Dawson,GA,31.77382,-84.448,America/New_York
Dawsonville,GA,34.42121,-84.11908,America/New_York
Decatur,GA,33.77483,-84.29631,America/New_York
Deenwood,GA,31.235,-82.375,America/New_York
Demorest,GA,34.5651,-83.54517,America/New_York
Dock Junction,GA,31.20245,-81.51677,America/New_York
Donalsonville,GA,31.04046,-84.87909,America/New_York
Doraville,GA,33.89816,-84.28326,America/New_York
Douglas,GA,31.50881,-82.84987,America/New_York
Douglasville,GA,33.7515,-84.74771,America/New_York
Druid Hills,GA,33.78038,-84.33604,America/New_York
Dublin,GA,32.54044,-82.90375,America/New_York
Duluth,GA,34.00288,-84.14464,America/New_York
Dunwoody,GA,33.94621,-84.33465,America/New_York
East Dublin,GA,32.54822,-82.87181,America/New_York
East Griffin,GA,33.24373,-84.22881,America/New_York
East Newnan,GA,33.35067,-84.7766,America/New_York
East Point,GA,33.67955,-84.43937,America/New_York
Eastman,GA,32.19767,-83.17765,America/New_York
Eatonton,GA,33.3268,-83.3885,America/New_York
Edison,GA,31.55823,-84.73825,America/New_York
Elberton,GA,34.11159,-82.86863,America/New_York
Ellaville,GA,32.23821,-84.30908,America/New_York
Ellijay,GA,34.69481,-84.48215,America/New_York
Emerson,GA,34.12704,-84.75549,America/New_York
Enigma,GA,31.41297,-83.32905,America/New_York
Euharlee,GA,34.14482,-84.933,America/New_York
Evans,GA,33.53375,-82.13067,America/New_York
Experiment,GA,33.26539,-84.28159,America/New_York
Fair Oaks,GA,33.91649,-84.54465,America/New_York
Fairburn,GA,33.56706,-84.58104,America/New_York
Fairview,GA,34.94563,-85.2844,America/New_York
Fayetteville,GA,33.44873,-84.45493,America/New_York
Firing Range,GA,33.43752,-82.69068,America/New_York
Fitzgerald,GA,31.71491,-83.25265,America/New_York
Flowery Branch,GA,34.1851,-83.92518,America/New_York
Folkston,GA,30.83095,-82.01131,America/New_York
Forest Park,GA,33.62205,-84.36909,America/New_York
Forsyth,GA,33.0343,-83.93824,America/New_York
Fort Gaines,GA,31.60924,-85.04933,America/New_York
Fort Oglethorpe,GA,34.94896,-85.2569,America/New_York
Fort Stewart,GA,31.87217,-81.61001,America/New_York
Fort Valley,GA,32.55376,-83.88741,America/New_York
Franklin,GA,33.27762,-85.098,America/New_York
Franklin Springs,GA,34.28483,-83.14432,America/New_York
Gainesville,GA,34.29788,-83.82407,America/New_York
Garden City,GA,32.11437,-81.154,America/New_York
Georgetown,GA,31.98326,-81.22733,America/New_York
Georgetown,GA,31.88461,-85.10743,America/New_York
Gibson,GA,33.23348,-82.59541,America/New_York
Glennville,GA,31.93659,-81.92845,America/New_York
Gordon,GA,32.88209,-83.33238,America/New_York
Grantville,GA,33.23484,-84.83577,America/New_York
Gray,GA,33.00958,-83.53378,America/New_York
Grayson,GA,33.89427,-83.95574,America/New_York
Greensboro,GA,33.57568,-83.18238,America/New_York
Greenville,GA,33.02874,-84.71298,America/New_York
Gresham Park,GA,33.70344,-84.31437,America/New_York
Griffin,GA,33.24678,-84.26409,America/New_York
Grovetown,GA,33.45042,-82.19818,America/New_York
Gumlog,GA,34.49177,-83.09654,America/New_York
Guyton,GA,32.3363,-81.3915,America/New_York
Hahira,GA,30.99131,-83.37266,America/New_York
Hamilton,GA,32.75791,-84.87493,America/New_York
Hampton,GA,33.38706,-84.28298,America/New_York
Hannahs Mill,GA,32.93291,-84.34936,America/New_York
Hapeville,GA,33.66011,-84.4102,America/New_York
Hardwick,GA,33.0682,-83.22349,America/New_York
Harlem,GA,33.41458,-82.31262,America/New_York
Hartwell,GA,34.35288,-82.93209,America/New_York
Hawkinsville,GA,32.28377,-83.47212,America/New_York
Hazlehurst,GA,31.86963,-82.5943,America/New_York
Helena,GA,32.07379,-82.91459,America/New_York
Henderson,GA,32.00813,-81.25887,America/New_York
Hephzibah,GA,33.31403,-82.09679,America/New_York
Hiawassee,GA,34.94926,-83.75739,America/New_York
Hinesville,GA,31.84688,-81.59595,America/New_York
Hiram,GA,33.87566,-84.76216,America/New_York
Hogansville,GA,33.17318,-84.91494,America/New_York
Holly Springs,GA,34.17399,-84.50132,America/New_York
Homer,GA,34.33372,-83.49905,America/New_York
Homerville,GA,31.0366,-82.74708,America/New_York
Hoschton,GA,34.0965,-83.76128,America/New_York
Indian Springs,GA,33.24262,-83.92074,America/New_York
Indian Springs,GA,34.95785,-85.1644,America/New_York
Irondale,GA,33.48067,-84.35881,America/New_York
Irwinton,GA,32.81126,-83.17265,America/New_York
Isle of Hope,GA,31.98188,-81.06094,America/New_York
Jackson,GA,33.29457,-83.96602,America/New_York
Jasper,GA,34.46787,-84.42909,America/New_York
Jefferson,GA,34.11705,-83.57239,America/New_York
Jefferson,GA,33.4493,-83.31155,America/New_York
Jeffersonville,GA,32.68765,-83.34656,America/New_York
Jesup,GA,31.60785,-81.88634,America/New_York
Johns Creek,GA,34.02893,-84.19858,America/New_York
Jonesboro,GA,33.5215,-84.35381,America/New_York
Kennesaw,GA,34.02343,-84.61549,America/New_York
Kings Bay Base,GA,30.79836,-81.56589,America/New_York
Kingsland,GA,30.79996,-81.68983,America/New_York
Knoxville,GA,32.72431,-83.99769,America/New_York
LaFayette,GA,34.7048,-85.2819,America/New_York
LaGrange,GA,33.03929,-85.03133,America/New_York
Lake City,GA,33.6065,-84.3352,America/New_York
Lakeland,GA,31.04104,-83.07515,America/New_York
Lakeview,GA,34.97924,-85.25884,America/New_York
Lakeview Estates,GA,33.70678,-84.03158,America/New_York
Lavonia,GA,34.43594,-83.10682,America/New_York
Lawrenceville,GA,33.95621,-83.98796,America/New_York
Leesburg,GA,31.73212,-84.17074,America/New_York
Lexington,GA,33.86984,-83.11182,America/New_York
Lilburn,GA,33.8901,-84.14297,America/New_York
Lincolnton,GA,33.79235,-82.47902,America/New_York
Lindale,GA,34.18676,-85.17467,America/New_York
Lithia Springs,GA,33.794,-84.66049,America/New_York
Lithonia,GA,33.71233,-84.10519,America/New_York
Locust Grove,GA,33.34595,-84.10908,America/New_York
Loganville,GA,33.839,-83.90074,America/New_York
Lookout Mountain,GA,34.97758,-85.35774,America/New_York
Louisville,GA,33.00154,-82.41124,America/New_York
Lovejoy,GA,33.43622,-84.31437,America/New_York
Ludowici,GA,31.70799,-81.74234,America/New_York
Lula,GA,34.3876,-83.66629,America/New_York
Lumber City,GA,31.92935,-82.67958,America/New_York
Lumpkin,GA,32.05099,-84.79909,America/New_York
Lyons,GA,32.20435,-82.32179,America/New_York
Mableton,GA,33.81872,-84.58243,America/New_York
Macon,GA,32.84069,-83.6324,America/New_York
Madison,GA,33.59568,-83.46794,America/New_York
Manchester,GA,32.85985,-84.61993,America/New_York
Marietta,GA,33.9526,-84.54993,America/New_York
Marshallville,GA,32.45626,-83.94019,America/New_York
Martinez,GA,33.51736,-82.07567,America/New_York
Maysville,GA,34.25288,-83.56155,America/New_York
McCaysville,GA,34.98619,-84.37131,America/New_York
McDonough,GA,33.44734,-84.14686,America/New_York
McRae,GA,32.06795,-82.9007,America/New_York
Meigs,GA,31.07241,-84.08907,America/New_York
Metter,GA,32.39712,-82.06012,America/New_York
Midway,GA,31.80577,-81.43066,America/New_York
Milledgeville,GA,33.08014,-83.2321,America/New_York
Millen,GA,32.80405,-81.94928,America/New_York
Milton,GA,34.13216,-84.30067,America/New_York
Monroe,GA,33.79484,-83.71323,America/New_York
Montezuma,GA,32.30516,-84.02741,America/New_York
Montgomery,GA,31.94049,-81.12205,America/New_York
Monticello,GA,33.30485,-83.68323,America/New_York
Morgan,GA,31.53767,-84.59936,America/New_York
Morrow,GA,33.58317,-84.33937,America/New_York
Moultrie,GA,31.17991,-83.78906,America/New_York
Mount Airy,GA,34.51871,-83.50073,America/New_York
Mount Vernon,GA,32.17851,-82.59458,America/New_York
Mount Zion,GA,33.63428,-85.18717,America/New_York
Mount Zion,GA,33.36125,-83.00765,America/New_York
Mountain City,GA,34.91815,-83.38544,America/New_York
Mountain Park,GA,33.84427,-84.12936,America/New_York
Nahunta,GA,31.20439,-81.98123,America/New_York
Nashville,GA,31.20742,-83.25015,America/New_York
Nelson,GA,34.38204,-84.37103,America/New_York
Newnan,GA,33.38067,-84.79966,America/New_York
Newton,GA,31.31296,-84.33574,America/New_York
Nicholls,GA,31.51742,-82.63486,America/New_York
Nicholson,GA,34.114,-83.43155,America/New_York
Norcross,GA,33.94121,-84.21353,America/New_York
North Decatur,GA,33.79038,-84.30603,America/New_York
North Druid Hills,GA,33.81677,-84.31326,America/New_York
Oakwood,GA,34.2276,-83.88435,America/New_York
Oakwood,GA,33.54817,-83.97435,America/New_York
Ocilla,GA,31.59447,-83.2513,America/New_York
Oglethorpe,GA,32.29377,-84.06102,America/New_York
Omega,GA,31.34102,-83.5935,America/New_York
Oxford,GA,33.619,-83.86741,America/New_York
Palmetto,GA,33.51789,-84.66965,America/New_York
Panthersville,GA,33.70733,-84.27187,America/New_York
Peachtree City,GA,33.39678,-84.59576,America/New_York
Peachtree Corners,GA,33.9701,-84.22159,America/New_York
Pearson,GA,31.2977,-82.85237,America/New_York
Pelham,GA,31.12802,-84.15304,America/New_York
Pembroke,GA,32.13634,-81.62348,America/New_York
Perry,GA,32.45821,-83.73157,America/New_York
Pine Mountain,GA,33.67594,-84.11492,America/New_York
Pine Mountain,GA,32.86485,-84.8541,America/New_York
Pooler,GA,32.11548,-81.24706,America/New_York
Port Wentworth,GA,32.14909,-81.16317,America/New_York
Porterdale,GA,33.57511,-83.8938,America/New_York
Powder Springs,GA,33.85955,-84.68382,America/New_York
Preston,GA,32.06599,-84.53742,America/New_York
Putney,GA,31.47018,-84.11768,America/New_York
Quitman,GA,30.78492,-83.55988,America/New_York
Raoul,GA,34.44954,-83.59434,America/New_York
Ray City,GA,31.07464,-83.19932,America/New_York
Redan,GA,33.74538,-84.13158,America/New_York
Reed Creek,GA,34.44594,-82.92487,America/New_York
Reidsville,GA,32.08686,-82.1179,America/New_York
Remerton,GA,30.84409,-83.31043,America/New_York
Reynolds,GA,32.55987,-84.0963,America/New_York
Reynoldstown,GA,33.75194,-84.35444,America/New_York
Richland,GA,32.08793,-84.66742,America/New_York
Richmond Hill,GA,31.93827,-81.30344,America/New_York
Rincon,GA,32.29603,-81.23539,America/New_York
Ringgold,GA,34.91591,-85.10912,America/New_York
Riverdale,GA,33.57261,-84.41326,America/New_York
Robins Air Force Base,GA,32.60911,-83.58444,America/New_York
Rochelle,GA,31.95101,-83.45627,America/New_York
Rockmart,GA,34.0026,-85.04161,America/New_York
Rome,GA,34.25704,-85.16467,America/New_York
Rossville,GA,34.98313,-85.28607,America/New_York
Roswell,GA,34.02316,-84.36159,America/New_York
Royston,GA,34.28705,-83.11015,America/New_York
Russell,GA,33.97872,-83.70017,America/New_York
Rydal,GA,34.33537,-84.71549,America/New_York
Saint Simon Mills,GA,31.17079,-81.40732,America/New_York
Saint Simons Island,GA,31.15051,-81.36954,America/New_York
Sandersville,GA,32.98154,-82.81014,America/New_York
Sandy Springs,GA,33.92427,-84.37854,America/New_York
Sardis,GA,32.79652,-84.63881,America/New_York
Savannah,GA,32.08354,-81.09983,America/New_York
Scottdale,GA,33.78983,-84.26409,America/New_York
Senoia,GA,33.30234,-84.55382,America/New_York
Shannon,GA,34.33676,-85.07134,America/New_York
Shannon,GA,33.40456,-84.46826,America/New_York
Skidaway Island,GA,31.93494,-81.04705,America/New_York
Smyrna,GA,33.88399,-84.51438,America/New_York
Snellville,GA,33.85733,-84.01991,America/New_York
Social Circle,GA,33.65623,-83.71823,America/New_York
Soperton,GA,32.37712,-82.59236,America/New_York
South Fulton,GA,33.59259,-84.67294,America/New_York
Sparks,GA,31.16686,-83.43738,America/New_York
Sparks,GA,33.08793,-82.73764,America/New_York
Sparta,GA,33.2757,-82.97626,America/New_York
Springfield,GA,32.37241,-81.3115,America/New_York
St Marys,GA,30.75677,-81.57173,America/New_York
St. Marys,GA,30.73051,-81.54649,America/New_York
Statenville,GA,30.70327,-83.02764,America/New_York
Statesboro,GA,32.44879,-81.78317,America/New_York
Statham,GA,33.96511,-83.59655,America/New_York
Sterling,GA,31.27245,-81.56149,America/New_York
Stockbridge,GA,33.54428,-84.23381,America/New_York
Stone Mountain,GA,33.80816,-84.1702,America/New_York
Stonecrest,GA,33.70849,-84.13485,America/New_York
Sugar Hill,GA,34.10649,-84.03352,America/New_York
Summerville,GA,34.48064,-85.34773,America/New_York
Sunnyside,GA,31.23938,-82.34207,America/New_York
Suwanee,GA,34.05149,-84.0713,America/New_York
Swainsboro,GA,32.59739,-82.33374,America/New_York
Sylvania,GA,32.75044,-81.63678,America/New_York
Sylvester,GA,31.53092,-83.83693,America/New_York
Talbotton,GA,32.67764,-84.53937,America/New_York
Tallapoosa,GA,33.74455,-85.28801,America/New_York
Temple,GA,33.73705,-85.03244,America/New_York
Tennille,GA,32.93599,-82.81153,America/New_York
Thomaston,GA,32.88819,-84.32659,America/New_York
Thomasville,GA,30.83658,-83.97878,America/New_York
Thomson,GA,33.47069,-82.50457,America/New_York
Thunderbolt,GA,32.03354,-81.04983,America/New_York
Tifton,GA,31.45046,-83.5085,America/New_York
Toccoa,GA,34.57732,-83.33239,America/New_York
Trenton,GA,34.87202,-85.50913,America/New_York
Trion,GA,34.54397,-85.31051,America/New_York
Tucker,GA,33.85455,-84.21714,America/New_York
Twin City,GA,32.58294,-82.15512,America/New_York
Tybee Island,GA,32.00022,-80.84567,America/New_York
Tyrone,GA,33.47123,-84.59715,America/New_York
Unadilla,GA,32.26155,-83.73657,America/New_York
Union City,GA,33.58706,-84.54243,America/New_York
Union Point,GA,33.61568,-83.0746,America/New_York
Unionville,GA,31.43491,-83.50961,America/New_York
Valdosta,GA,30.83334,-83.28032,America/New_York
Varnell,GA,34.90119,-84.97383,America/New_York
Vidalia,GA,32.21769,-82.41346,America/New_York
Vienna,GA,32.09156,-83.79545,America/New_York
Villa Rica,GA,33.73205,-84.91911,America/New_York
Vinings,GA,33.86483,-84.46437,America/New_York
Wadley,GA,32.86682,-82.40402,America/New_York
Walnut Grove,GA,33.74261,-83.8524,America/New_York
Walthourville,GA,31.7741,-81.63261,America/New_York
Warner Robins,GA,32.61574,-83.62664,America/New_York
Warrenton,GA,33.40708,-82.66208,America/New_York
Washington,GA,33.73679,-82.73931,America/New_York
Watkinsville,GA,33.8629,-83.40877,America/New_York
Waycross,GA,31.21368,-82.3557,America/New_York
Waynesboro,GA,33.08987,-82.01567,America/New_York
West Point,GA,32.87791,-85.18327,America/New_York
West Point,GA,32.79347,-83.80741,America/New_York
West Warrenton,GA,33.41217,-82.67517,America/New_York
Whitemarsh Island,GA,32.02882,-81.01678,America/New_York
Willacoochee,GA,31.34076,-83.04598,America/New_York
Wilmington Island,GA,32.00355,-80.97372,America/New_York
Winder,GA,33.99261,-83.72017,America/New_York
Winterville,GA,33.96706,-83.27821,America/New_York
Woodbine,GA,30.96396,-81.72416,America/New_York
Woodstock,GA,34.10149,-84.51938,America/New_York
Wrens,GA,33.20765,-82.39179,America/New_York
Wrightsville,GA,32.72933,-82.71986,America/New_York
Young Harris,GA,34.93315,-83.84712,America/New_York
Zebulon,GA,33.10235,-84.3427,America/New_York
'A'ala,HI,21.31544,-157.86283,Pacific/Honolulu
Aina Haina,HI,21.28194,-157.7525,Pacific/Honolulu
Aina Haina-Hawaii Loa Ridge,HI,21.29139,-157.75578,Pacific/Honolulu
Ainaloa,HI,19.52694,-154.99306,Pacific/Honolulu
Airport,HI,21.3399,-157.92845,Pacific/Honolulu
Ala Moana,HI,21.29201,-157.84276,Pacific/Honolulu
Ala Moana - Kakaʻako,HI,21.29649,-157.85671,Pacific/Honolulu
Aliamanu / Salt Lakes / Foster Village,HI,21.36022,-157.91838,Pacific/Honolulu
Aliamanu Makai,HI,21.35867,-157.91917,Pacific/Honolulu
Aliamanu Mauka,HI,21.35993,-157.90666,Pacific/Honolulu
Anahola,HI,22.14226,-159.31388,Pacific/Honolulu
Barbers Point Housing,HI,21.32132,-158.08091,Pacific/Honolulu
Camp H.M. Smith,HI,21.38471,-157.90962,Pacific/Honolulu
Captain Cook,HI,19.49694,-155.92167,Pacific/Honolulu
Chinatown,HI,21.31173,-157.86183,Pacific/Honolulu
Diamond Head,HI,21.26272,-157.79601,Pacific/Honolulu
Diamond Head / Kapahulu / Saint Louis Heights,HI,21.27697,-157.81127,Pacific/Honolulu
Discovery Harbor,HI,19.04411,-155.6319,Pacific/Honolulu
Downtown,HI,21.30249,-157.85837,Pacific/Honolulu
Dowsett Highlands,HI,21.33735,-157.83382,Pacific/Honolulu
East Honolulu,HI,21.28906,-157.71734,Pacific/Honolulu
East Kapolei,HI,21.3586,-158.05126,Pacific/Honolulu
East Manoa,HI,21.30544,-157.81145,Pacific/Honolulu
Eden Roc,HI,19.49028,-155.10278,Pacific/Honolulu
Enchanted Lake,HI,21.3807,-157.73645,Pacific/Honolulu
Farrington,HI,21.33221,-157.87057,Pacific/Honolulu
Fern Acres,HI,19.51222,-155.08028,Pacific/Honolulu
Fern Forest,HI,19.46556,-155.13556,Pacific/Honolulu
Financial District,HI,21.30924,-157.86134,Pacific/Honolulu
Ford Island,HI,21.34981,-157.95924,Pacific/Honolulu
Fort Shafter,HI,21.34411,-157.88628,Pacific/Honolulu
Haiku-Pauwela,HI,20.92187,-156.30508,Pacific/Honolulu
Hale‘iwa,HI,21.59284,-158.10339,Pacific/Honolulu
Haliimaile,HI,20.8714,-156.34571,Pacific/Honolulu
Hana,HI,20.75806,-155.99028,Pacific/Honolulu
Hanamā‘ulu,HI,21.994,-159.355,Pacific/Honolulu
Hanapēpē,HI,21.90733,-159.5944,Pacific/Honolulu
Hanapēpē Heights,HI,21.91633,-159.58995,Pacific/Honolulu
Hauʻula-Punaluʻu,HI,21.598,-157.89709,Pacific/Honolulu
Hau‘ula,HI,21.6076,-157.90868,Pacific/Honolulu
Hawaiian Acres,HI,19.53806,-155.05222,Pacific/Honolulu
Hawaiian Beaches,HI,19.54306,-154.91583,Pacific/Honolulu
Hawaiian Ocean View,HI,19.06861,-155.765,Pacific/Honolulu
Hawaiian Paradise Park,HI,19.59333,-154.97306,Pacific/Honolulu
Hawai‘i Kai,HI,21.29637,-157.70175,Pacific/Honolulu
Haʻikū,HI,20.91547,-156.32185,Pacific/Honolulu
Helemano,HI,21.53602,-158.01894,Pacific/Honolulu
He‘eia,HI,21.43054,-157.81611,Pacific/Honolulu
Hickam Field,HI,21.33967,-157.96018,Pacific/Honolulu
Hilo,HI,19.72991,-155.09073,Pacific/Honolulu
Honalo,HI,19.54639,-155.93194,Pacific/Honolulu
Honaunau-Napoopoo,HI,19.45627,-155.86466,Pacific/Honolulu
Honoka‘a,HI,20.07931,-155.46691,Pacific/Honolulu
Honolulu,HI,21.30694,-157.85833,Pacific/Honolulu
Ho‘olehua,HI,21.16776,-157.07042,Pacific/Honolulu
Huelo,HI,20.90484,-156.22516,Pacific/Honolulu
Hālawa,HI,21.37944,-157.92167,Pacific/Honolulu
Hālawa Heights,HI,21.37848,-157.91388,Pacific/Honolulu
Hāwī,HI,20.24122,-155.83351,Pacific/Honolulu
Hōlualoa,HI,19.61979,-155.94831,Pacific/Honolulu
Iroquois Point,HI,21.32776,-157.98301,Pacific/Honolulu
Iwilei-Anuenue,HI,21.31523,-157.87316,Pacific/Honolulu
Joint Base Pearl Harbor Hickam,HI,21.34906,-157.94713,Pacific/Honolulu
Kaanapali Landing,HI,20.9309,-156.68778,Pacific/Honolulu
Kahaluu-Keauhou,HI,19.57181,-155.96172,Pacific/Honolulu
Kahalu‘u,HI,21.45759,-157.84431,Pacific/Honolulu
Kahuku,HI,21.68048,-157.95237,Pacific/Honolulu
Kahuku-Kawela,HI,21.6938,-157.97467,Pacific/Honolulu
Kahului,HI,20.88933,-156.47293,Pacific/Honolulu
Kailua,HI,21.40241,-157.74054,Pacific/Honolulu
Kailua Town,HI,21.39266,-157.73536,Pacific/Honolulu
Kailua-Kona,HI,19.64016,-155.99912,Pacific/Honolulu
Kaimukī,HI,21.27914,-157.80135,Pacific/Honolulu
Kakaʻako,HI,21.30205,-157.85734,Pacific/Honolulu
Kalaeloa-Campbell Industrial Park,HI,21.31376,-158.08768,Pacific/Honolulu
Kalaheo Hillside,HI,21.4162,-157.75255,Pacific/Honolulu
Kalama Valley,HI,21.29684,-157.6717,Pacific/Honolulu
Kalanipuu,HI,21.29295,-157.69071,Pacific/Honolulu
Kalaoa,HI,19.72861,-155.98167,Pacific/Honolulu
Kalihi Valley,HI,21.36373,-157.84294,Pacific/Honolulu
Kalihi-Palama,HI,21.32608,-157.87594,Pacific/Honolulu
Kalāheo,HI,21.92416,-159.52686,Pacific/Honolulu
Kamehameha Heights,HI,21.33393,-157.86282,Pacific/Honolulu
Kaneohe,HI,21.39994,-157.79895,Pacific/Honolulu
Kapaau,HI,20.23389,-155.80194,Pacific/Honolulu
Kapa‘a,HI,22.07521,-159.31895,Pacific/Honolulu
Kapolei,HI,21.33555,-158.0582,Pacific/Honolulu
Kapolei Villages,HI,21.33596,-158.067,Pacific/Honolulu
Kaumakani-Hanapepe,HI,21.92358,-159.54283,Pacific/Honolulu
Kaunakakai,HI,21.08939,-157.02255,Pacific/Honolulu
Kawailoa,HI,21.62315,-158.08041,Pacific/Honolulu
Ka‘a‘awa,HI,21.55445,-157.85103,Pacific/Honolulu
Kealakekua,HI,19.52083,-155.9225,Pacific/Honolulu
Kea‘au,HI,19.62265,-155.03744,Pacific/Honolulu
Kekaha,HI,21.96686,-159.71186,Pacific/Honolulu
Kekaha-Waimea,HI,21.97184,-159.69266,Pacific/Honolulu
Keolu Hills,HI,21.3764,-157.72501,Pacific/Honolulu
Kihei Mauka,HI,20.74305,-156.43995,Pacific/Honolulu
Ko Olina,HI,21.33993,-158.12562,Pacific/Honolulu
Ko ʻOlina-Honokai Hale,HI,21.33731,-158.11729,Pacific/Honolulu
Koloa,HI,21.90365,-159.46663,Pacific/Honolulu
Koloa-Poipu,HI,21.89449,-159.46467,Pacific/Honolulu
Koolauloa,HI,21.60579,-157.9265,Pacific/Honolulu
Kuakini,HI,21.32129,-157.85567,Pacific/Honolulu
Kualapu‘u,HI,21.15306,-157.03677,Pacific/Honolulu
Kula,HI,20.79094,-156.32695,Pacific/Honolulu
Kuliouou - Kalani Iki,HI,21.29713,-157.745,Pacific/Honolulu
Kuli‘ou‘ou,HI,21.28761,-157.73896,Pacific/Honolulu
Kurtistown,HI,19.60361,-155.05722,Pacific/Honolulu
Kā‘anapali,HI,20.92881,-156.69422,Pacific/Honolulu
Kēōkea,HI,20.70711,-156.35446,Pacific/Honolulu
Kīhei,HI,20.76462,-156.44578,Pacific/Honolulu
Kīlauea,HI,22.21208,-159.41342,Pacific/Honolulu
Lahaina,HI,20.87526,-156.67982,Pacific/Honolulu
Lanai City,HI,20.82757,-156.92399,Pacific/Honolulu
Lanikai,HI,21.3888,-157.7149,Pacific/Honolulu
Laupāhoehoe,HI,19.98666,-155.23653,Pacific/Honolulu
Lawai,HI,21.92159,-159.50376,Pacific/Honolulu
Leilani Estates,HI,19.46972,-154.91778,Pacific/Honolulu
Lihue,HI,21.98121,-159.3721,Pacific/Honolulu
Liliha - Kapalama,HI,21.33735,-157.85418,Pacific/Honolulu
Lower Aiea,HI,21.37852,-157.93224,Pacific/Honolulu
Lower McCully,HI,21.29005,-157.82859,Pacific/Honolulu
Lower Palolo,HI,21.29279,-157.80175,Pacific/Honolulu
Lower Pawaa,HI,21.29849,-157.8404,Pacific/Honolulu
Lower Pearl City,HI,21.40293,-157.95758,Pacific/Honolulu
Lower Waiau,HI,21.39594,-157.96507,Pacific/Honolulu
Lower Wilhelmina,HI,21.28155,-157.79437,Pacific/Honolulu
Lā‘ie,HI,21.64547,-157.9225,Pacific/Honolulu
Makakilo,HI,21.35237,-158.08655,Pacific/Honolulu
Makakilo / Kapolei / Honokai Hale,HI,21.3374,-158.09676,Pacific/Honolulu
Makakilo City,HI,21.34694,-158.08583,Pacific/Honolulu
Makakilo-Makaīwa Hills-Kunia,HI,21.36676,-158.07326,Pacific/Honolulu
Makawao,HI,20.85694,-156.31306,Pacific/Honolulu
Makiki / Lower Punchbowl / Tantalus,HI,21.31756,-157.83122,Pacific/Honolulu
Makua Valley,HI,21.52021,-158.22142,Pacific/Honolulu
Manana Housing,HI,21.40162,-157.98108,Pacific/Honolulu
Manoa,HI,21.31608,-157.80423,Pacific/Honolulu
Marine Corps Base Hawaii - MCBH,HI,21.44336,-157.74981,Pacific/Honolulu
Mariner's Ridge,HI,21.28812,-157.7037,Pacific/Honolulu
Maunawili,HI,21.37278,-157.77056,Pacific/Honolulu
Mayor Wright Housing,HI,21.32025,-157.86412,Pacific/Honolulu
McCully - Moiliili,HI,21.29461,-157.83118,Pacific/Honolulu
Mililani Mauka,HI,21.47793,-157.99452,Pacific/Honolulu
Mililani Mauka / Launani Valley,HI,21.47885,-157.98799,Pacific/Honolulu
Mililani Town,HI,21.4504,-158.01503,Pacific/Honolulu
Moanalua,HI,21.36777,-157.89113,Pacific/Honolulu
Moanalua Valley,HI,21.35309,-157.88714,Pacific/Honolulu
Mokulēia,HI,21.57967,-158.15313,Pacific/Honolulu
Mountain View,HI,19.55583,-155.10806,Pacific/Honolulu
Mākaha,HI,21.46627,-158.21037,Pacific/Honolulu
Mākaha Valley,HI,21.47583,-158.19918,Pacific/Honolulu
Mākaha-Kaʻena,HI,21.48356,-158.2303,Pacific/Honolulu
Mā‘ili,HI,21.41629,-158.17531,Pacific/Honolulu
Mō‘ili‘ili,HI,21.29467,-157.83002,Pacific/Honolulu
Nanawale Estates,HI,19.50611,-154.91194,Pacific/Honolulu
Napili-Honokowai,HI,20.97533,-156.67826,Pacific/Honolulu
Newtown,HI,21.39972,-157.93789,Pacific/Honolulu
Niu Valley,HI,21.2843,-157.73706,Pacific/Honolulu
Nuuanu - Punchbowl,HI,21.34215,-157.82852,Pacific/Honolulu
Nānākuli,HI,21.39362,-158.15429,Pacific/Honolulu
Ocean Pointe,HI,21.31066,-158.03638,Pacific/Honolulu
"Olinda, CDP",HI,20.82368,-156.29236,Pacific/Honolulu
Olomana,HI,21.37725,-157.75602,Pacific/Honolulu
Omao-Kukuiula,HI,21.90097,-159.48594,Pacific/Honolulu
Orchidlands Estates,HI,19.56084,-155.01527,Pacific/Honolulu
Pacific Palisades,HI,21.42562,-157.95349,Pacific/Honolulu
Paia,HI,20.90333,-156.36944,Pacific/Honolulu
Palama,HI,21.32298,-157.86448,Pacific/Honolulu
Palolo,HI,21.3128,-157.78041,Pacific/Honolulu
Pauoa,HI,21.32076,-157.83839,Pacific/Honolulu
Pearl City,HI,21.39734,-157.97516,Pacific/Honolulu
Pepeekeo,HI,19.83361,-155.10722,Pacific/Honolulu
Portlock,HI,21.27118,-157.70655,Pacific/Honolulu
Po‘ipū,HI,21.8735,-159.44857,Pacific/Honolulu
Princeville,HI,22.21758,-159.47888,Pacific/Honolulu
Puhi,HI,21.96888,-159.40012,Pacific/Honolulu
Pukalani,HI,20.83667,-156.33667,Pacific/Honolulu
Punahou,HI,21.30023,-157.827,Pacific/Honolulu
Punalu‘u,HI,21.57045,-157.87557,Pacific/Honolulu
Pupukea,HI,21.65456,-158.06065,Pacific/Honolulu
Pāhala,HI,19.20297,-155.4786,Pacific/Honolulu
Pāpa‘ikou,HI,19.78718,-155.09326,Pacific/Honolulu
Pū‘ōhala Village,HI,21.40849,-157.79556,Pacific/Honolulu
Robinson Heights,HI,21.38283,-158.02856,Pacific/Honolulu
Royal Kunia,HI,21.39392,-158.0267,Pacific/Honolulu
Schofield Barracks,HI,21.49837,-158.06515,Pacific/Honolulu
Schofield-Wheeler,HI,21.48394,-158.04681,Pacific/Honolulu
Spreckelsville,HI,20.89694,-156.415,Pacific/Honolulu
St. Louis Heights,HI,21.29837,-157.80393,Pacific/Honolulu
Sunset Beach-Pūpūkea,HI,21.66223,-158.05406,Pacific/Honolulu
Tantalus,HI,21.30856,-157.82837,Pacific/Honolulu
Upper Kalihi Valley,HI,21.35461,-157.85605,Pacific/Honolulu
Upper Manoa,HI,21.3231,-157.80626,Pacific/Honolulu
Upper Palolo,HI,21.31242,-157.78677,Pacific/Honolulu
Upper Pauoa,HI,21.31738,-157.83897,Pacific/Honolulu
Village Park,HI,21.39806,-158.03028,Pacific/Honolulu
Volcano,HI,19.44276,-155.23398,Pacific/Honolulu
Wahiawā,HI,21.50279,-158.02464,Pacific/Honolulu
Wahiawā-Whitmore,HI,21.50565,-158.03353,Pacific/Honolulu
Waialae - Kahala,HI,21.27007,-157.78428,Pacific/Honolulu
Waialae Iki,HI,21.2844,-157.76606,Pacific/Honolulu
Waialae Nui Ridge-Ainakoa,HI,21.28143,-157.78036,Pacific/Honolulu
Waialua,HI,21.57688,-158.13154,Pacific/Honolulu
Waialua,HI,21.10028,-156.76139,Pacific/Honolulu
Waianae,HI,21.43785,-158.18555,Pacific/Honolulu
Waiau-Pacific Palisades,HI,21.40022,-157.95445,Pacific/Honolulu
Waihee-Waiehu,HI,20.93022,-156.50458,Pacific/Honolulu
Waikapū,HI,20.85806,-156.50694,Pacific/Honolulu
Waikoloa,HI,19.93942,-155.78931,Pacific/Honolulu
Waikīkī,HI,21.2855,-157.83594,Pacific/Honolulu
Wailea,HI,20.68973,-156.4419,Pacific/Honolulu
Wailea-Makena,HI,20.66256,-156.42736,Pacific/Honolulu
Wailua,HI,22.05271,-159.33781,Pacific/Honolulu
Wailua,HI,20.84861,-156.13639,Pacific/Honolulu
Wailua Homesteads,HI,22.07244,-159.37677,Pacific/Honolulu
Wailuku,HI,20.89133,-156.50604,Pacific/Honolulu
Wailupe,HI,21.2755,-157.75704,Pacific/Honolulu
Waimalu,HI,21.38955,-157.93882,Pacific/Honolulu
Waimanalo,HI,21.34614,-157.7238,Pacific/Honolulu
Waimea,HI,21.95707,-159.66893,Pacific/Honolulu
Waimea,HI,20.02323,-155.67288,Pacific/Honolulu
Waimānalo Beach,HI,21.33407,-157.70003,Pacific/Honolulu
Wainaku,HI,19.74472,-155.095,Pacific/Honolulu
Waipahu,HI,21.38667,-158.00917,Pacific/Honolulu
Waipio,HI,21.41823,-157.99906,Pacific/Honolulu
Waipi‘o Acres,HI,21.46485,-158.01331,Pacific/Honolulu
Waiʻalae Nui-Country Club,HI,21.27329,-157.7801,Pacific/Honolulu
Ward Village,HI,21.29325,-157.85208,Pacific/Honolulu
West Loch Estates,HI,21.37244,-158.02418,Pacific/Honolulu
Wheeler Army Airfield,HI,21.47515,-158.03395,Pacific/Honolulu
Whitmore Village,HI,21.51429,-158.02464,Pacific/Honolulu
ʻEwa Beach-Iroquois Point,HI,21.31532,-157.99133,Pacific/Honolulu
ʻEwa Gentry-West Loch,HI,21.35335,-158.02836,Pacific/Honolulu
ʻEwa Villages-Honouliuli,HI,21.3453,-158.05121,Pacific/Honolulu
‘Aiea,HI,21.38222,-157.93361,Pacific/Honolulu
‘Aiea Heights,HI,21.39083,-157.92053,Pacific/Honolulu
‘Ele‘ele,HI,21.90738,-159.58322,Pacific/Honolulu
‘Ewa Beach,HI,21.31556,-158.00722,Pacific/Honolulu
‘Ewa Gentry,HI,21.33999,-158.03039,Pacific/Honolulu
‘Ewa Villages,HI,21.34127,-158.0397,Pacific/Honolulu
‘Āhuimanu,HI,21.44472,-157.83778,Pacific/Honolulu
‘Ālewa Heights,HI,21.34051,-157.84817,Pacific/Honolulu
‘Ōma‘o,HI,21.92581,-159.48818,Pacific/Honolulu
Ackley,IA,42.55415,-93.05326,America/Chicago
Adel,IA,41.61443,-94.01745,America/Chicago
Akron,IA,42.82888,-96.55948,America/Chicago
Albia,IA,41.02667,-92.80575,America/Chicago
Algona,IA,43.06997,-94.23302,America/Chicago
Allison,IA,42.75275,-92.79519,America/Chicago
Alta,IA,42.67359,-95.29055,America/Chicago
Alton,IA,42.98749,-96.01057,America/Chicago
Altoona,IA,41.64416,-93.46466,America/Chicago
Ames,IA,42.03471,-93.61994,America/Chicago
Anamosa,IA,42.10834,-91.28516,America/Chicago
Ankeny,IA,41.72971,-93.60577,America/Chicago
Aplington,IA,42.58415,-92.88436,America/Chicago
Arnolds Park,IA,43.37274,-95.12388,America/Chicago
Asbury,IA,42.51445,-90.75152,America/Chicago
Atkins,IA,41.99694,-91.86213,America/Chicago
Atlantic,IA,41.4036,-95.01388,America/Chicago
Audubon,IA,41.71804,-94.93249,America/Chicago
Avoca,IA,41.47666,-95.33805,America/Chicago
Baxter,IA,41.8261,-93.15159,America/Chicago
Bedford,IA,40.66693,-94.72136,America/Chicago
Belle Plaine,IA,41.89694,-92.27824,America/Chicago
Bellevue,IA,42.25863,-90.42291,America/Chicago
Belmond,IA,42.84608,-93.6141,America/Chicago
Bettendorf,IA,41.52448,-90.51569,America/Chicago
Bloomfield,IA,40.75169,-92.41491,America/Chicago
Blue Grass,IA,41.50892,-90.76598,America/Chicago
Bondurant,IA,41.70054,-93.46216,America/Chicago
Boone,IA,42.0597,-93.88023,America/Chicago
Britt,IA,43.09774,-93.80189,America/Chicago
Brooklyn,IA,41.73361,-92.44546,America/Chicago
Buffalo,IA,41.45642,-90.72347,America/Chicago
Buffalo (historical),IA,41.3111,-94.00356,America/Chicago
Burlington,IA,40.80754,-91.11292,America/Chicago
Camanche,IA,41.78809,-90.25624,America/Chicago
Carlisle,IA,41.50082,-93.49105,America/Chicago
Carroll,IA,42.06582,-94.86693,America/Chicago
Carter Lake,IA,41.29055,-95.91807,America/Chicago
Cascade,IA,42.29862,-91.01486,America/Chicago
Cedar Falls,IA,42.52776,-92.44547,America/Chicago
Cedar Rapids,IA,42.00833,-91.64407,America/Chicago
Center Point,IA,42.19083,-91.78518,America/Chicago
Centerville,IA,40.73418,-92.87409,America/Chicago
Centerville,IA,42.09276,-93.93551,America/Chicago
Central City,IA,42.20388,-91.52406,America/Chicago
Chariton,IA,41.01389,-93.3066,America/Chicago
Charles City,IA,43.06636,-92.67241,America/Chicago
Cherokee,IA,42.74943,-95.55167,America/Chicago
Clarinda,IA,40.73981,-95.038,America/Chicago
Clarion,IA,42.73164,-93.73299,America/Chicago
Clarksville,IA,42.7847,-92.66769,America/Chicago
Clear Lake,IA,43.13802,-93.37937,America/Chicago
Clinton,IA,41.84447,-90.18874,America/Chicago
Clive,IA,41.60304,-93.72411,America/Chicago
Colfax,IA,41.67777,-93.2452,America/Chicago
Columbus Junction,IA,41.28003,-91.36071,America/Chicago
Conrad,IA,42.22471,-92.87465,America/Chicago
Coon Rapids,IA,41.87082,-94.67748,America/Chicago
Coralville,IA,41.6764,-91.58045,America/Chicago
Corning,IA,40.98999,-94.74081,America/Chicago
Corydon,IA,40.75695,-93.31882,America/Chicago
Council Bluffs,IA,41.26194,-95.86083,America/Chicago
Cresco,IA,43.38136,-92.11405,America/Chicago
Creston,IA,41.0586,-94.36135,America/Chicago
Dakota City,IA,42.72219,-94.19718,America/Chicago
Dallas Center,IA,41.68443,-93.96106,America/Chicago
Davenport,IA,41.52364,-90.57764,America/Chicago
De Soto,IA,41.53166,-94.00967,America/Chicago
De Witt,IA,41.82336,-90.53819,America/Chicago
Decorah,IA,43.30331,-91.78571,America/Chicago
Denison,IA,42.01777,-95.35528,America/Chicago
Denver,IA,42.67137,-92.3374,America/Chicago
Des Moines,IA,41.60054,-93.60911,America/Chicago
Dike,IA,42.46415,-92.62825,America/Chicago
Dubuque,IA,42.50056,-90.66457,America/Chicago
Durant,IA,41.59975,-90.9107,America/Chicago
Dyersville,IA,42.48444,-91.12291,America/Chicago
Dysart,IA,42.17166,-92.3063,America/Chicago
Eagle Grove,IA,42.66414,-93.90439,America/Chicago
Earlham,IA,41.49193,-94.12412,America/Chicago
Eddyville,IA,41.1565,-92.63739,America/Chicago
Eldora,IA,42.36082,-93.09965,America/Chicago
Eldridge,IA,41.65809,-90.58458,America/Chicago
Elk Run Heights,IA,42.46693,-92.25657,America/Chicago
Elkader,IA,42.85387,-91.40542,America/Chicago
Ely,IA,41.87362,-91.58518,America/Chicago
Emmetsburg,IA,43.11274,-94.68304,America/Chicago
Epworth,IA,42.445,-90.93208,America/Chicago
Estherville,IA,43.40163,-94.83276,America/Chicago
Evansdale,IA,42.46915,-92.28102,America/Chicago
Fairbank,IA,42.63915,-92.04712,America/Chicago
Fairfax,IA,41.91945,-91.78101,America/Chicago
Fairfield,IA,41.00863,-91.96267,America/Chicago
Farley,IA,42.44278,-91.00625,America/Chicago
Fayette,IA,42.84193,-91.80211,America/Chicago
Forest City,IA,43.26246,-93.63716,America/Chicago
Fort Dodge,IA,42.49747,-94.16802,America/Chicago
Fort Madison,IA,40.62976,-91.31515,America/Chicago
Garner,IA,43.10246,-93.60188,America/Chicago
George,IA,43.34386,-96.00224,America/Chicago
Gilbert,IA,42.10693,-93.64966,America/Chicago
Glenwood,IA,41.04694,-95.74251,America/Chicago
Glidden,IA,42.05693,-94.72887,America/Chicago
Granger,IA,41.7611,-93.82439,America/Chicago
Greene,IA,42.89581,-92.80242,America/Chicago
Greenfield,IA,41.30527,-94.46135,America/Chicago
Grimes,IA,41.68832,-93.79106,America/Chicago
Grinnell,IA,41.74305,-92.72241,America/Chicago
Grundy Center,IA,42.36165,-92.76853,America/Chicago
Guthrie Center,IA,41.67721,-94.5033,America/Chicago
Guttenberg,IA,42.78582,-91.09957,America/Chicago
Hamburg,IA,40.60445,-95.65777,America/Chicago
Hampton,IA,42.74192,-93.20242,America/Chicago
Harlan,IA,41.65304,-95.32555,America/Chicago
Hartley,IA,43.17997,-95.47695,America/Chicago
Hawarden,IA,42.99582,-96.48531,America/Chicago
Hiawatha,IA,42.03583,-91.68212,America/Chicago
Holstein,IA,42.48915,-95.545,America/Chicago
Hudson,IA,42.40665,-92.45547,America/Chicago
Hull,IA,43.18859,-96.13363,America/Chicago
Humboldt,IA,42.7208,-94.21524,America/Chicago
Huxley,IA,41.89527,-93.60077,America/Chicago
Ida Grove,IA,42.34499,-95.47167,America/Chicago
Independence,IA,42.4686,-91.88934,America/Chicago
Indianola,IA,41.35805,-93.55744,America/Chicago
Iowa City,IA,41.66113,-91.53017,America/Chicago
Iowa Falls,IA,42.52248,-93.25131,America/Chicago
Jefferson,IA,42.01526,-94.37747,America/Chicago
Jesup,IA,42.47554,-92.06379,America/Chicago
Jewell,IA,42.30693,-93.64022,America/Chicago
Johnston,IA,41.67304,-93.69772,America/Chicago
Kalona,IA,41.48307,-91.706,America/Chicago
Keokuk,IA,40.39727,-91.38487,America/Chicago
Keosauqua,IA,40.73031,-91.96239,America/Chicago
Kingsley,IA,42.58832,-95.96752,America/Chicago
Knoxville,IA,41.32083,-93.10937,America/Chicago
La Porte City,IA,42.31499,-92.19213,America/Chicago
Lake City,IA,42.26748,-94.73387,America/Chicago
Lake Mills,IA,43.4194,-93.53327,America/Chicago
Lake Panorama,IA,41.71105,-94.39059,America/Chicago
Lake Park,IA,43.45552,-95.32083,America/Chicago
Lake View,IA,42.31165,-95.05332,America/Chicago
Lamoni,IA,40.62278,-93.93412,America/Chicago
Laurens,IA,42.84664,-94.85193,America/Chicago
Le Claire,IA,41.59864,-90.34346,America/Chicago
Le Mars,IA,42.79416,-96.16558,America/Chicago
Lenox,IA,40.88165,-94.56191,America/Chicago
Leon,IA,40.73972,-93.74772,America/Chicago
Lisbon,IA,41.92112,-91.38545,America/Chicago
Logan,IA,41.64305,-95.7889,America/Chicago
Lone Tree,IA,41.48808,-91.42599,America/Chicago
Madrid,IA,41.87665,-93.82328,America/Chicago
Maharishi Vedic City,IA,41.05252,-91.9949,America/Chicago
Malvern,IA,41.00278,-95.58528,America/Chicago
Manchester,IA,42.48415,-91.45543,America/Chicago
Manly,IA,43.28718,-93.20215,America/Chicago
Manning,IA,41.90915,-95.06499,America/Chicago
Manson,IA,42.52914,-94.53414,America/Chicago
Mapleton,IA,42.16582,-95.79306,America/Chicago
Maquoketa,IA,42.06891,-90.66569,America/Chicago
Marcus,IA,42.82582,-95.80751,America/Chicago
Marengo,IA,41.79806,-92.07074,America/Chicago
Marion,IA,42.03417,-91.59768,America/Chicago
Marshalltown,IA,42.04943,-92.90798,America/Chicago
Mason City,IA,43.15357,-93.20104,America/Chicago
Mechanicsville,IA,41.90446,-91.25461,America/Chicago
Mediapolis,IA,41.00809,-91.16404,America/Chicago
Melcher-Dallas,IA,41.225,-93.24132,America/Chicago
Milford,IA,43.32469,-95.15,America/Chicago
Missouri Valley,IA,41.55638,-95.88779,America/Chicago
Mitchellville,IA,41.6686,-93.35771,America/Chicago
Monona,IA,43.05165,-91.3893,America/Chicago
Monroe,IA,41.52221,-93.10187,America/Chicago
Montezuma,IA,41.58583,-92.52741,America/Chicago
Monticello,IA,42.23834,-91.18709,America/Chicago
Mount Ayr,IA,40.71471,-94.23523,America/Chicago
Mount Pleasant,IA,40.96364,-91.55794,America/Chicago
Mount Vernon,IA,41.92195,-91.41684,America/Chicago
Moville,IA,42.48888,-96.07252,America/Chicago
Muscatine,IA,41.42447,-91.04321,America/Chicago
Nashua,IA,42.95275,-92.5363,America/Chicago
Nevada,IA,42.02277,-93.45243,America/Chicago
New Hampton,IA,43.05914,-92.31768,America/Chicago
New London,IA,40.92698,-91.3996,America/Chicago
New Sharon,IA,41.47,-92.6513,America/Chicago
Newton,IA,41.69971,-93.04798,America/Chicago
Nora Springs,IA,43.14275,-93.00437,America/Chicago
North English,IA,41.5139,-92.07629,America/Chicago
North Liberty,IA,41.74918,-91.59795,America/Chicago
Northwood,IA,43.44412,-93.22104,America/Chicago
Norwalk,IA,41.47555,-93.67883,America/Chicago
Oakland,IA,42.58109,-93.44326,America/Chicago
Oakland,IA,41.30916,-95.39667,America/Chicago
Oelwein,IA,42.67332,-91.9135,America/Chicago
Ogden,IA,42.03915,-94.02773,America/Chicago
Onawa,IA,42.02665,-96.09724,America/Chicago
Orange City,IA,43.00721,-96.05835,America/Chicago
Osage,IA,43.28414,-92.81103,America/Chicago
Osceola,IA,41.03389,-93.7655,America/Chicago
Oskaloosa,IA,41.29639,-92.64436,America/Chicago
Ottumwa,IA,41.02001,-92.4113,America/Chicago
Palo,IA,42.06611,-91.79546,America/Chicago
Panora,IA,41.69165,-94.36302,America/Chicago
Park View,IA,41.6942,-90.54569,America/Chicago
Parkersburg,IA,42.57748,-92.78686,America/Chicago
Paullina,IA,42.97915,-95.68807,America/Chicago
Pella,IA,41.40805,-92.91631,America/Chicago
Peosta,IA,42.45056,-90.85041,America/Chicago
Perry,IA,41.8386,-94.10718,America/Chicago
Pleasant Hill,IA,41.58388,-93.51994,America/Chicago
Pleasantville,IA,41.38583,-93.26937,America/Chicago
Pocahontas,IA,42.73553,-94.66915,America/Chicago
Polk City,IA,41.77138,-93.713,America/Chicago
Postville,IA,43.0847,-91.5682,America/Chicago
Prairie City,IA,41.59943,-93.23521,America/Chicago
Preston,IA,42.0503,-90.41402,America/Chicago
Primghar,IA,43.08692,-95.62723,America/Chicago
Red Oak,IA,41.00972,-95.22555,America/Chicago
Reinbeck,IA,42.3236,-92.59936,America/Chicago
Remsen,IA,42.81471,-95.97335,America/Chicago
Riverside,IA,41.47974,-91.58128,America/Chicago
Robins,IA,42.07111,-91.66684,America/Chicago
Rock Rapids,IA,43.42719,-96.17586,America/Chicago
Rock Valley,IA,43.20526,-96.29503,America/Chicago
Rockwell,IA,42.98524,-93.19187,America/Chicago
Rockwell City,IA,42.39526,-94.63387,America/Chicago
Roland,IA,42.16637,-93.50188,America/Chicago
Sac City,IA,42.4222,-94.98971,America/Chicago
Saint Ansgar,IA,43.3783,-92.91881,America/Chicago
Sanborn,IA,43.18164,-95.65557,America/Chicago
Saylorville,IA,41.6786,-93.62966,America/Chicago
Sergeant Bluff,IA,42.40388,-96.35864,America/Chicago
Sheffield,IA,42.8933,-93.2152,America/Chicago
Sheldon,IA,43.18109,-95.85613,America/Chicago
Shell Rock,IA,42.71026,-92.58297,America/Chicago
Shenandoah,IA,40.76555,-95.37221,America/Chicago
Sibley,IA,43.39914,-95.75196,America/Chicago
Sidney,IA,40.74833,-95.6475,America/Chicago
Sigourney,IA,41.33334,-92.20463,America/Chicago
Sioux Center,IA,43.07971,-96.17558,America/Chicago
Sioux City,IA,42.49999,-96.40031,America/Chicago
Slater,IA,41.87776,-93.67855,America/Chicago
Solon,IA,41.80723,-91.49406,America/Chicago
Spencer,IA,43.14136,-95.14444,America/Chicago
Spirit Lake,IA,43.42218,-95.10222,America/Chicago
Springville,IA,42.05945,-91.44267,America/Chicago
State Center,IA,42.01665,-93.16354,America/Chicago
Storm Lake,IA,42.64109,-95.20972,America/Chicago
Story City,IA,42.18721,-93.59577,America/Chicago
Strawberry Point,IA,42.6836,-91.53403,America/Chicago
Stuart,IA,41.50332,-94.31857,America/Chicago
Sumner,IA,42.84748,-92.09156,America/Chicago
Tama,IA,41.96666,-92.57686,America/Chicago
Tiffin,IA,41.70585,-91.66295,America/Chicago
Tipton,IA,41.76974,-91.12793,America/Chicago
Toledo,IA,41.99555,-92.57686,America/Chicago
Traer,IA,42.1936,-92.46547,America/Chicago
Tripoli,IA,42.80804,-92.25823,America/Chicago
University Heights,IA,41.65502,-91.55684,America/Chicago
Urbana,IA,42.22416,-91.87434,America/Chicago
Urbandale,IA,41.62666,-93.71217,America/Chicago
Van Meter,IA,41.53193,-93.95412,America/Chicago
Villisca,IA,40.92971,-94.97609,America/Chicago
Vinton,IA,42.16861,-92.02351,America/Chicago
Walcott,IA,41.58475,-90.77209,America/Chicago
Walford,IA,41.87834,-91.83462,America/Chicago
Wapello,IA,41.18142,-91.18543,America/Chicago
Washington,IA,41.29918,-91.69294,America/Chicago
Waterloo,IA,42.49276,-92.34296,America/Chicago
Waukee,IA,41.61166,-93.88523,America/Chicago
Waukon,IA,43.26942,-91.4757,America/Chicago
Waverly,IA,42.72581,-92.47546,America/Chicago
Webster City,IA,42.46942,-93.81605,America/Chicago
Wellman,IA,41.46418,-91.83823,America/Chicago
West Branch,IA,41.67141,-91.34655,America/Chicago
West Burlington,IA,40.82504,-91.15654,America/Chicago
West Des Moines,IA,41.57721,-93.71133,America/Chicago
West Liberty,IA,41.57002,-91.26377,America/Chicago
West Union,IA,42.96276,-91.80822,America/Chicago
Williamsburg,IA,41.66112,-92.00907,America/Chicago
Wilton,IA,41.58892,-91.01682,America/Chicago
Windsor Heights,IA,41.59777,-93.70828,America/Chicago
Winfield,IA,41.12308,-91.44127,America/Chicago
Winterset,IA,41.33082,-94.01384,America/Chicago
Woodbine,IA,41.73832,-95.70278,America/Chicago
Woodward,IA,41.85693,-93.9219,America/Chicago
Aberdeen,ID,42.94408,-112.83833,America/Boise
American Falls,ID,42.78602,-112.85444,America/Boise
Ammon,ID,43.46964,-111.96664,America/Boise
Arco,ID,43.63657,-113.30028,America/Boise
Ashton,ID,44.07158,-111.44829,America/Boise
Bellevue,ID,43.46352,-114.2606,America/Boise
Blackfoot,ID,43.19047,-112.34498,America/Boise
Boise,ID,43.6135,-116.20345,America/Boise
Bonners Ferry,ID,48.69133,-116.31631,America/Los_Angeles
Buhl,ID,42.59907,-114.75949,America/Boise
Burley,ID,42.53574,-113.79279,America/Boise
Caldwell,ID,43.66294,-116.68736,America/Boise
Cascade,ID,44.51628,-116.0418,America/Boise
Challis,ID,44.50464,-114.23173,America/Boise
Chubbuck,ID,42.92075,-112.46609,America/Boise
Coeur d'Alene,ID,47.67768,-116.78047,America/Los_Angeles
Conda,ID,42.72825,-111.53245,America/Boise
Council,ID,44.72989,-116.4382,America/Boise
Dalton Gardens,ID,47.72963,-116.77019,America/Los_Angeles
Driggs,ID,43.72325,-111.11133,America/Boise
Dubois,ID,44.1763,-112.23082,America/Boise
Eagle,ID,43.69544,-116.35401,America/Boise
Eagle Foothills,ID,43.74006,-116.38791,America/Boise
Emmett,ID,43.8735,-116.4993,America/Boise
Fairfield,ID,43.34657,-114.79173,America/Boise
Filer,ID,42.57019,-114.60782,America/Boise
Fort Hall,ID,43.03325,-112.43831,America/Boise
Fruitland,ID,44.00766,-116.91655,America/Boise
Garden City,ID,43.62211,-116.23817,America/Boise
Glenns Ferry,ID,42.9549,-115.3009,America/Boise
Gooding,ID,42.93879,-114.71311,America/Boise
Grangeville,ID,45.92655,-116.12237,America/Los_Angeles
Hailey,ID,43.51963,-114.31532,America/Boise
Hansen,ID,42.53068,-114.30101,America/Boise
Hayden,ID,47.76602,-116.78658,America/Los_Angeles
Heyburn,ID,42.55852,-113.7639,America/Boise
Hidden Spring,ID,43.72216,-116.25093,America/Boise
Homedale,ID,43.61766,-116.93376,America/Boise
Idaho City,ID,43.8285,-115.83455,America/Boise
Idaho Falls,ID,43.46658,-112.03414,America/Boise
Iona,ID,43.5263,-111.93302,America/Boise
Jerome,ID,42.72407,-114.51865,America/Boise
Kamiah,ID,46.22712,-116.02931,America/Los_Angeles
Kellogg,ID,47.53826,-116.11933,America/Los_Angeles
Ketchum,ID,43.68074,-114.36366,America/Boise
Kimberly,ID,42.5338,-114.36476,America/Boise
Kuna,ID,43.49183,-116.42012,America/Boise
Lapwai,ID,46.40489,-116.80487,America/Los_Angeles
Lewiston,ID,46.41655,-117.01766,America/Los_Angeles
Lewiston Orchards,ID,46.38044,-116.97543,America/Los_Angeles
Lincoln,ID,43.51297,-111.96441,America/Boise
Malad City,ID,42.19159,-112.2508,America/Boise
Marsing,ID,43.54544,-116.8132,America/Boise
McCall,ID,44.91101,-116.09874,America/Boise
Meridian,ID,43.61211,-116.39151,America/Boise
Middleton,ID,43.70683,-116.62014,America/Boise
Montpelier,ID,42.32215,-111.2977,America/Boise
Moreland,ID,43.22269,-112.44248,America/Boise
Moscow,ID,46.73239,-117.00017,America/Los_Angeles
Mountain Home,ID,43.13295,-115.6912,America/Boise
Murphy,ID,43.21822,-116.55234,America/Boise
Nampa,ID,43.54072,-116.56346,America/Boise
New Plymouth,ID,43.96989,-116.81904,America/Boise
Nezperce,ID,46.23489,-116.2407,America/Los_Angeles
Orofino,ID,46.47935,-116.25514,America/Los_Angeles
Osburn,ID,47.50604,-115.99933,America/Los_Angeles
Paris,ID,42.22715,-111.40104,America/Boise
Parma,ID,43.78516,-116.94321,America/Boise
Paul,ID,42.60796,-113.78335,America/Boise
Payette,ID,44.07822,-116.93377,America/Boise
Pinehurst,ID,47.53881,-116.23739,America/Los_Angeles
Plummer,ID,47.33518,-116.88851,America/Los_Angeles
Pocatello,ID,42.8713,-112.44553,America/Boise
Ponderay,ID,48.30548,-116.5338,America/Los_Angeles
Post Falls,ID,47.71796,-116.95159,America/Los_Angeles
Preston,ID,42.09631,-111.87662,America/Boise
Priest River,ID,48.18097,-116.91157,America/Los_Angeles
Rathdrum,ID,47.8124,-116.89659,America/Los_Angeles
Rexburg,ID,43.82602,-111.78969,America/Boise
Rigby,ID,43.67241,-111.91497,America/Boise
Rupert,ID,42.61908,-113.67723,America/Boise
Saint Anthony,ID,43.9663,-111.68218,America/Boise
Saint Maries,ID,47.31435,-116.56267,America/Los_Angeles
Salmon,ID,45.17575,-113.8959,America/Boise
Sandpoint,ID,48.27659,-116.55325,America/Los_Angeles
Shelley,ID,43.3813,-112.12331,America/Boise
Shoshone,ID,42.93602,-114.40588,America/Boise
Soda Springs,ID,42.65437,-111.60467,America/Boise
Spirit Lake,ID,47.96629,-116.86853,America/Los_Angeles
Star,ID,43.69211,-116.49346,America/Boise
Sugar City,ID,43.87297,-111.7483,America/Boise
Sun Valley,ID,43.69713,-114.35172,America/Boise
Twin Falls,ID,42.56297,-114.46087,America/Boise
Tyhee,ID,42.95158,-112.46637,America/Boise
Ucon,ID,43.5963,-111.96386,America/Boise
Victor,ID,43.6027,-111.11133,America/Boise
Wallace,ID,47.47409,-115.92794,America/Los_Angeles
Weiser,ID,44.251,-116.96933,America/Boise
Wendell,ID,42.77574,-114.70422,America/Boise
Wilder,ID,43.67655,-116.91182,America/Boise
Abingdon,IL,40.80448,-90.4018,America/Chicago
Addison,IL,41.9317,-87.98896,America/Chicago
Albany Park,IL,41.96836,-87.72339,America/Chicago
Albers,IL,38.54338,-89.61231,America/Chicago
Albion,IL,38.37755,-88.05615,America/Chicago
Aledo,IL,41.19976,-90.74931,America/Chicago
Algonquin,IL,42.16558,-88.29425,America/Chicago
Alorton,IL,38.58977,-90.12011,America/Chicago
Alsip,IL,41.66892,-87.73866,America/Chicago
Altamont,IL,39.06199,-88.74811,America/Chicago
Alton,IL,38.8906,-90.18428,America/Chicago
Amboy,IL,41.7142,-89.32871,America/Chicago
Andalusia,IL,41.4392,-90.71764,America/Chicago
Anna,IL,37.46033,-89.24703,America/Chicago
Antioch,IL,42.47724,-88.09564,America/Chicago
Arcola,IL,39.68476,-88.30644,America/Chicago
Arlington Heights,IL,42.08836,-87.98063,America/Chicago
Arthur,IL,39.71476,-88.47228,America/Chicago
Ashburn,IL,41.74753,-87.71116,America/Chicago
Ashland,IL,39.88783,-90.00789,America/Chicago
Assumption,IL,39.52032,-89.04897,America/Chicago
Astoria,IL,40.22754,-90.35957,America/Chicago
Athens,IL,39.96088,-89.72399,America/Chicago
Atlanta,IL,40.25948,-89.23342,America/Chicago
Atwood,IL,39.79948,-88.46228,America/Chicago
Auburn,IL,39.59172,-89.74649,America/Chicago
Auburn Gresham,IL,41.74179,-87.65322,America/Chicago
Aurora,IL,41.76058,-88.32007,America/Chicago
Aviston,IL,38.60672,-89.60759,America/Chicago
Avondale,IL,41.93892,-87.71117,America/Chicago
Bannockburn,IL,42.19336,-87.86646,America/Chicago
Barrington,IL,42.15391,-88.13619,America/Chicago
Barrington Hills,IL,42.14475,-88.15563,America/Chicago
Barry,IL,39.69421,-91.03902,America/Chicago
Bartlett,IL,41.99503,-88.18563,America/Chicago
Bartonville,IL,40.65032,-89.65205,America/Chicago
Batavia,IL,41.85003,-88.31257,America/Chicago
Beach Park,IL,42.42224,-87.8573,America/Chicago
Beardstown,IL,40.01755,-90.42429,America/Chicago
Beckemeyer,IL,38.6056,-89.43592,America/Chicago
Beecher,IL,41.34059,-87.62143,America/Chicago
Belleville,IL,38.52005,-89.98399,America/Chicago
Bellevue,IL,40.68448,-89.6801,America/Chicago
Bellwood,IL,41.88142,-87.88312,America/Chicago
Belmont Cragin,IL,41.9317,-87.76867,America/Chicago
Belvidere,IL,42.26391,-88.84427,America/Chicago
Bement,IL,39.92198,-88.57201,America/Chicago
Benld,IL,39.09282,-89.80398,America/Chicago
Bensenville,IL,41.95503,-87.94007,America/Chicago
Benton,IL,37.99672,-88.92007,America/Chicago
Berkeley,IL,41.88892,-87.9034,America/Chicago
Berwyn,IL,41.85059,-87.79367,America/Chicago
Bethalto,IL,38.90921,-90.04066,America/Chicago
Bethany,IL,39.64559,-88.73813,America/Chicago
Big Rock,IL,41.76392,-88.54702,America/Chicago
Bloomingdale,IL,41.95753,-88.0809,America/Chicago
Bloomington,IL,40.4842,-88.99369,America/Chicago
Blue Island,IL,41.65726,-87.68005,America/Chicago
Blue Mound,IL,39.70115,-89.12314,America/Chicago
Bolingbrook,IL,41.69864,-88.0684,America/Chicago
Boulder Hill,IL,41.71253,-88.33618,America/Chicago
Bourbonnais,IL,41.15376,-87.88754,America/Chicago
Bradley,IL,41.14198,-87.86115,America/Chicago
Braidwood,IL,41.26503,-88.21228,America/Chicago
Breese,IL,38.6106,-89.52703,America/Chicago
Bridgeport,IL,38.70588,-87.76003,America/Chicago
Bridgeport,IL,41.83809,-87.65116,America/Chicago
Bridgeview,IL,41.75003,-87.80422,America/Chicago
Brighton,IL,39.03977,-90.14066,America/Chicago
Brighton Park,IL,41.81892,-87.69894,America/Chicago
Broadview,IL,41.86392,-87.85339,America/Chicago
Brookfield,IL,41.82392,-87.85173,America/Chicago
Buffalo Grove,IL,42.15141,-87.95979,America/Chicago
Bull Valley,IL,42.32058,-88.35509,America/Chicago
Bunker Hill,IL,39.04282,-89.95177,America/Chicago
Burbank,IL,41.73392,-87.7795,America/Chicago
Burnham,IL,41.63892,-87.55671,America/Chicago
Burr Ridge,IL,41.74892,-87.91839,America/Chicago
Bushnell,IL,40.55282,-90.50624,America/Chicago
Byron,IL,42.12697,-89.25566,America/Chicago
Cahokia,IL,38.57088,-90.19011,America/Chicago
Cairo,IL,37.00533,-89.17646,America/Chicago
Calumet City,IL,41.61559,-87.52949,America/Chicago
Calumet Park,IL,41.66281,-87.6606,America/Chicago
Cambria,IL,37.78144,-89.11925,America/Chicago
Cambridge,IL,41.30365,-90.1929,America/Chicago
Camp Point,IL,40.03921,-91.0693,America/Chicago
Canton,IL,40.55809,-90.03512,America/Chicago
Capron,IL,42.39974,-88.74038,America/Chicago
Carbon Cliff,IL,41.49476,-90.39068,America/Chicago
Carbondale,IL,37.72727,-89.21675,America/Chicago
Carlinville,IL,39.27977,-89.88177,America/Chicago
Carlyle,IL,38.61033,-89.37258,America/Chicago
Carmi,IL,38.09088,-88.15865,America/Chicago
Carol Stream,IL,41.91253,-88.13479,America/Chicago
Carpentersville,IL,42.12114,-88.25786,America/Chicago
Carrier Mills,IL,37.68422,-88.63283,America/Chicago
Carrollton,IL,39.30227,-90.40706,America/Chicago
Carterville,IL,37.76005,-89.0773,America/Chicago
Carthage,IL,40.41643,-91.13625,America/Chicago
Carthage,IL,41.91892,-89.31371,America/Chicago
Cary,IL,42.21197,-88.23814,America/Chicago
Casey,IL,39.2992,-87.99253,America/Chicago
Caseyville,IL,38.63672,-90.02566,America/Chicago
Catlin,IL,40.06504,-87.70197,America/Chicago
Central City,IL,38.54894,-89.12701,America/Chicago
Central City,IL,41.23781,-88.28173,America/Chicago
Centralia,IL,38.52505,-89.1334,America/Chicago
Centreville,IL,38.58338,-90.12511,America/Chicago
Cerro Gordo,IL,39.89059,-88.72813,America/Chicago
Champaign,IL,40.11642,-88.24338,America/Chicago
Channahon,IL,41.42948,-88.22867,America/Chicago
Channel Lake,IL,42.47863,-88.13759,America/Chicago
Charleston,IL,39.49615,-88.17615,America/Chicago
Chatham,IL,39.67616,-89.70454,America/Chicago
Chatham,IL,41.74115,-87.61255,America/Chicago
Chatsworth,IL,40.75365,-88.29199,America/Chicago
Chebanse,IL,41.00309,-87.9081,America/Chicago
Chenoa,IL,40.7417,-88.71979,America/Chicago
Cherry Valley,IL,42.23474,-88.94899,America/Chicago
Chester,IL,37.91366,-89.82205,America/Chicago
Chicago,IL,41.85003,-87.65005,America/Chicago
Chicago Heights,IL,41.50615,-87.6356,America/Chicago
Chicago Lawn,IL,41.77503,-87.69644,America/Chicago
Chicago Loop,IL,41.88407,-87.6333,America/Chicago
Chicago Ridge,IL,41.70142,-87.77922,America/Chicago
Chillicothe,IL,40.92226,-89.4862,America/Chicago
Chrisman,IL,39.80365,-87.67364,America/Chicago
Christopher,IL,37.97255,-89.05341,America/Chicago
Cicero,IL,41.84559,-87.75394,America/Chicago
Clarendon Hills,IL,41.79753,-87.95478,America/Chicago
Clifton,IL,40.93531,-87.93449,America/Chicago
Clinton,IL,40.15365,-88.96453,America/Chicago
Coal City,IL,41.28781,-88.28562,America/Chicago
Coal Valley,IL,41.42865,-90.46096,America/Chicago
Cobden,IL,37.53144,-89.25342,America/Chicago
Colchester,IL,40.42643,-90.79263,America/Chicago
Colfax,IL,40.56698,-88.61645,America/Chicago
Collinsville,IL,38.67033,-89.98455,America/Chicago
Colona,IL,41.48392,-90.35318,America/Chicago
Columbia,IL,38.44366,-90.20122,America/Chicago
Cortland,IL,41.92003,-88.6887,America/Chicago
Country Club Hills,IL,41.56809,-87.72033,America/Chicago
Countryside,IL,41.78281,-87.87811,America/Chicago
Crainville,IL,37.75199,-89.06785,America/Chicago
Crest Hill,IL,41.55475,-88.09867,America/Chicago
Crestwood,IL,41.64463,-87.74154,America/Chicago
Crete,IL,41.44448,-87.63143,America/Chicago
Creve Coeur,IL,40.64726,-89.59121,America/Chicago
Crystal Lake,IL,42.24113,-88.3162,America/Chicago
Crystal Lawns,IL,41.57031,-88.15812,America/Chicago
Cuba,IL,40.49282,-90.19068,America/Chicago
Cuba,IL,42.18391,-88.19091,America/Chicago
Danvers,IL,40.52948,-89.17731,America/Chicago
Danville,IL,40.12448,-87.63002,America/Chicago
Darien,IL,41.75198,-87.97395,America/Chicago
Davis Junction,IL,42.10169,-89.09316,America/Chicago
De Soto,IL,37.81755,-89.22786,America/Chicago
DeKalb,IL,41.92947,-88.75036,America/Chicago
Decatur,IL,39.84031,-88.9548,America/Chicago
Deer Park,IL,41.29503,-89.03619,America/Chicago
Deer Park,IL,42.16086,-88.08147,America/Chicago
Deerfield,IL,42.17114,-87.84451,America/Chicago
Delavan,IL,40.37254,-89.54732,America/Chicago
Depue,IL,41.3242,-89.30675,America/Chicago
Des Plaines,IL,42.03336,-87.8834,America/Chicago
Diamond,IL,41.28864,-88.25173,America/Chicago
Divernon,IL,39.56561,-89.65732,America/Chicago
Dixmoor,IL,41.6317,-87.66088,America/Chicago
Dixon,IL,41.83892,-89.47955,America/Chicago
Dolton,IL,41.63892,-87.60727,America/Chicago
Douglas,IL,41.83476,-87.61811,America/Chicago
Downers Grove,IL,41.80892,-88.01117,America/Chicago
Du Quoin,IL,38.01144,-89.23619,America/Chicago
Dunlap,IL,40.8617,-89.67871,America/Chicago
Dupo,IL,38.51616,-90.21039,America/Chicago
Durand,IL,42.4364,-89.33206,America/Chicago
Dwight,IL,41.09448,-88.42506,America/Chicago
Earlville,IL,41.58948,-88.92203,America/Chicago
East Alton,IL,38.88033,-90.11122,America/Chicago
East Dubuque,IL,42.49223,-90.64291,America/Chicago
East Dundee,IL,42.09891,-88.27147,America/Chicago
East Garfield Park,IL,41.88087,-87.70283,America/Chicago
East Hazel Crest,IL,41.57365,-87.64643,America/Chicago
East Moline,IL,41.50087,-90.4443,America/Chicago
East Peoria,IL,40.66615,-89.5801,America/Chicago
East Saint Louis,IL,38.6245,-90.15094,America/Chicago
Edgewater,IL,41.98337,-87.66395,America/Chicago
Edinburg,IL,39.65727,-89.38953,America/Chicago
Edwardsville,IL,38.81144,-89.95316,America/Chicago
Effingham,IL,39.12004,-88.54338,America/Chicago
El Paso,IL,40.7392,-89.01646,America/Chicago
Elburn,IL,41.89225,-88.4723,America/Chicago
Eldorado,IL,37.81366,-88.4381,America/Chicago
Elgin,IL,42.03725,-88.28119,America/Chicago
Elizabethtown,IL,37.44588,-88.30504,America/Chicago
Elk Grove Village,IL,42.00392,-87.97035,America/Chicago
Elmhurst,IL,41.89947,-87.94034,America/Chicago
Elmwood,IL,40.77782,-89.9665,America/Chicago
Elmwood Park,IL,41.92114,-87.80923,America/Chicago
Elwood,IL,41.40392,-88.11172,America/Chicago
Energy,IL,37.77394,-89.02646,America/Chicago
Englewood,IL,41.77976,-87.64588,America/Chicago
Erie,IL,41.65642,-90.07929,America/Chicago
Eureka,IL,40.72143,-89.27286,America/Chicago
Evanston,IL,42.04114,-87.69006,America/Chicago
Evergreen Park,IL,41.72059,-87.70172,America/Chicago
Fairbury,IL,40.74726,-88.51478,America/Chicago
Fairfield,IL,38.37894,-88.35977,America/Chicago
Fairfield,IL,42.21919,-88.06147,America/Chicago
Fairmont,IL,41.55614,-88.05923,America/Chicago
Fairmont City,IL,38.64977,-90.09316,America/Chicago
Fairview Heights,IL,38.58894,-89.99038,America/Chicago
Farmer City,IL,40.24337,-88.64257,America/Chicago
Farmington,IL,40.69809,-90.00595,America/Chicago
Farmington,IL,41.94475,-88.31591,America/Chicago
Fisher,IL,40.31476,-88.35005,America/Chicago
Flanagan,IL,40.87809,-88.86118,America/Chicago
Flora,IL,38.66894,-88.4856,America/Chicago
Flossmoor,IL,41.54281,-87.68477,America/Chicago
Ford Heights,IL,41.50642,-87.59171,America/Chicago
Forest Lake,IL,42.20752,-88.05563,America/Chicago
Forest Park,IL,41.87948,-87.81367,America/Chicago
Forrest,IL,40.75198,-88.41116,America/Chicago
Forreston,IL,42.12614,-89.57928,America/Chicago
Forsyth,IL,39.93254,-88.95119,America/Chicago
Fox Lake,IL,42.39669,-88.1837,America/Chicago
Fox Lake Hills,IL,42.40808,-88.13175,America/Chicago
Fox River Grove,IL,42.20086,-88.21453,America/Chicago
Frankfort,IL,41.49587,-87.84866,America/Chicago
Frankfort Square,IL,41.51892,-87.8031,America/Chicago
Franklin Park,IL,41.93531,-87.86562,America/Chicago
Freeburg,IL,38.42755,-89.91371,America/Chicago
Freeport,IL,42.29669,-89.62123,America/Chicago
Fulton,IL,41.86725,-90.15957,America/Chicago
Gage Park,IL,41.79503,-87.69616,America/Chicago
Gages Lake,IL,42.35169,-87.98258,America/Chicago
Galena,IL,42.41667,-90.42902,America/Chicago
Galesburg,IL,40.94782,-90.37124,America/Chicago
Galva,IL,41.16754,-90.04261,America/Chicago
Gardner,IL,41.18559,-88.30978,America/Chicago
Geneseo,IL,41.44809,-90.15428,America/Chicago
Geneva,IL,41.88753,-88.30535,America/Chicago
Genoa,IL,42.09725,-88.69287,America/Chicago
Georgetown,IL,39.97531,-87.63585,America/Chicago
Georgetown,IL,42.13975,-89.82873,America/Chicago
Germantown,IL,38.55366,-89.53842,America/Chicago
Germantown Hills,IL,40.76643,-89.46787,America/Chicago
Gibson City,IL,40.45843,-88.3846,America/Chicago
Gifford,IL,40.30587,-88.02115,America/Chicago
Gilberts,IL,42.10336,-88.37286,America/Chicago
Gillespie,IL,39.12977,-89.81954,America/Chicago
Gilman,IL,40.7667,-87.99226,America/Chicago
Girard,IL,39.44644,-89.78093,America/Chicago
Glasford,IL,40.57254,-89.81344,America/Chicago
Glen Carbon,IL,38.74838,-89.98316,America/Chicago
Glen Ellyn,IL,41.87753,-88.06701,America/Chicago
Glencoe,IL,42.13503,-87.75812,America/Chicago
Glendale Heights,IL,41.9146,-88.06486,America/Chicago
Glenview,IL,42.06975,-87.78784,America/Chicago
Glenwood,IL,41.54253,-87.60227,America/Chicago
Godfrey,IL,38.9556,-90.18678,America/Chicago
Golconda,IL,37.36727,-88.48643,America/Chicago
Goodings Grove,IL,41.6292,-87.93089,America/Chicago
Goreville,IL,37.5545,-88.97229,America/Chicago
Grand Boulevard,IL,41.81392,-87.61727,America/Chicago
Grandview,IL,39.81644,-89.61871,America/Chicago
Grandwood Park,IL,42.39308,-87.98674,America/Chicago
Granite City,IL,38.70144,-90.14872,America/Chicago
Grant Park,IL,41.24114,-87.64615,America/Chicago
Granville,IL,41.26115,-89.22759,America/Chicago
Grayslake,IL,42.34447,-88.04175,America/Chicago
Grayville,IL,38.25755,-87.99364,America/Chicago
Greater Grand Crossing,IL,41.76113,-87.61485,America/Chicago
Green Oaks,IL,42.29002,-87.90341,America/Chicago
Green Rock,IL,41.47309,-90.35763,America/Chicago
Greenfield,IL,39.34366,-90.21261,America/Chicago
Greenup,IL,39.24782,-88.16337,America/Chicago
Greenville,IL,38.89227,-89.41314,America/Chicago
Gridley,IL,40.74337,-88.88146,America/Chicago
Griggsville,IL,39.70894,-90.72457,America/Chicago
Gurnee,IL,42.3703,-87.90202,America/Chicago
Hainesville,IL,42.34502,-88.06786,America/Chicago
Hamilton,IL,40.39643,-91.33904,America/Chicago
Hampshire,IL,42.0978,-88.53036,America/Chicago
Hampton,IL,41.55587,-90.4093,America/Chicago
Hanna City,IL,40.6917,-89.79511,America/Chicago
Hanover Park,IL,41.99947,-88.14507,America/Chicago
Hardin,IL,39.15671,-90.6179,America/Chicago
Harrisburg,IL,37.73838,-88.54061,America/Chicago
Harristown,IL,39.85393,-89.08397,America/Chicago
Hartford,IL,38.83338,-90.09594,America/Chicago
Harvard,IL,42.42224,-88.61371,America/Chicago
Harvey,IL,41.61003,-87.64671,America/Chicago
Harwood Heights,IL,41.96725,-87.80756,America/Chicago
Havana,IL,40.30004,-90.06095,America/Chicago
Hawthorn Woods,IL,42.21697,-88.04952,America/Chicago
Hazel Crest,IL,41.5717,-87.69449,America/Chicago
Hebron,IL,42.47169,-88.43232,America/Chicago
Hennepin,IL,41.2542,-89.34231,America/Chicago
Henry,IL,41.11142,-89.35648,America/Chicago
Heritage Lake,IL,40.54745,-89.32581,America/Chicago
Herrin,IL,37.80311,-89.02757,America/Chicago
Herscher,IL,41.0492,-88.09783,America/Chicago
Heyworth,IL,40.31337,-88.97369,America/Chicago
Hickory Hills,IL,41.72559,-87.82506,America/Chicago
Highland,IL,38.73949,-89.6712,America/Chicago
Highland Park,IL,42.18169,-87.80034,America/Chicago
Highwood,IL,42.19975,-87.80923,America/Chicago
Hillcrest,IL,41.95114,-89.06454,America/Chicago
Hillsboro,IL,39.16128,-89.4954,America/Chicago
Hillside,IL,41.87781,-87.90284,America/Chicago
Hinckley,IL,41.76892,-88.64091,America/Chicago
Hinsdale,IL,41.80086,-87.93701,America/Chicago
Hodgkins,IL,41.76892,-87.85783,America/Chicago
Hoffman Estates,IL,42.04281,-88.0798,America/Chicago
Holiday Shores,IL,38.92199,-89.94066,America/Chicago
Homer,IL,40.03476,-87.95809,America/Chicago
Homer Glen,IL,41.60003,-87.93811,America/Chicago
Hometown,IL,41.73448,-87.73144,America/Chicago
Homewood,IL,41.55726,-87.6656,America/Chicago
Hoopeston,IL,40.46726,-87.66836,America/Chicago
Hudson,IL,40.60587,-88.9873,America/Chicago
Huntley,IL,42.16808,-88.42814,America/Chicago
Hyde Park,IL,41.7942,-87.59394,America/Chicago
Ina,IL,38.15116,-88.90396,America/Chicago
Indian Head Park,IL,41.77031,-87.90228,America/Chicago
Ingalls Park,IL,41.52253,-88.04283,America/Chicago
Inverness,IL,42.11808,-88.09619,America/Chicago
Irving Park,IL,41.95336,-87.73645,America/Chicago
Island Lake,IL,42.27613,-88.19203,America/Chicago
Itasca,IL,41.97503,-88.00729,America/Chicago
Jacksonville,IL,39.73394,-90.22901,America/Chicago
Jerome,IL,39.76755,-89.68066,America/Chicago
Jerseyville,IL,39.12005,-90.32845,America/Chicago
Johnsburg,IL,42.38002,-88.24203,America/Chicago
Johnston City,IL,37.82061,-88.92757,America/Chicago
Joliet,IL,41.52519,-88.0834,America/Chicago
Jonesboro,IL,37.45172,-89.26814,America/Chicago
Justice,IL,41.74448,-87.83783,America/Chicago
Kankakee,IL,41.12003,-87.86115,America/Chicago
Kenilworth,IL,42.08586,-87.71756,America/Chicago
Kenwood,IL,41.8092,-87.59755,America/Chicago
Kewanee,IL,41.24559,-89.92483,America/Chicago
Kildeer,IL,42.17058,-88.04785,America/Chicago
Kincaid,IL,39.58866,-89.41454,America/Chicago
Kingston,IL,42.09975,-88.75898,America/Chicago
Kirkland,IL,42.09253,-88.85121,America/Chicago
Knollwood,IL,42.28613,-87.88563,America/Chicago
Knoxville,IL,40.90837,-90.28485,America/Chicago
La Grange,IL,41.80503,-87.86923,America/Chicago
La Grange Park,IL,41.83475,-87.86173,America/Chicago
La Harpe,IL,40.58337,-90.96931,America/Chicago
La Salle,IL,41.33337,-89.09175,America/Chicago
Lacon,IL,41.02476,-89.4112,America/Chicago
Ladd,IL,41.38253,-89.21897,America/Chicago
Lake Barrington,IL,42.21252,-88.15258,America/Chicago
Lake Bluff,IL,42.27891,-87.83424,America/Chicago
Lake Camelot,IL,40.63065,-89.7421,America/Chicago
Lake Catherine,IL,42.47919,-88.13342,America/Chicago
Lake Forest,IL,42.25863,-87.84063,America/Chicago
Lake Holiday,IL,41.61292,-88.67209,America/Chicago
Lake Summerset,IL,42.45446,-89.38956,America/Chicago
Lake Villa,IL,42.41697,-88.07397,America/Chicago
Lake Zurich,IL,42.19697,-88.09341,America/Chicago
Lake in the Hills,IL,42.18169,-88.33036,America/Chicago
Lake of the Woods,IL,40.20642,-88.36867,America/Chicago
Lakemoor,IL,42.32863,-88.19897,America/Chicago
Lakewood,IL,42.22919,-88.35509,America/Chicago
Lakewood Shores,IL,41.2817,-88.14478,America/Chicago
Lanark,IL,42.10225,-89.83345,America/Chicago
Lansing,IL,41.56476,-87.53893,America/Chicago
Lawrenceville,IL,38.72921,-87.68169,America/Chicago
Le Roy,IL,40.35198,-88.76424,America/Chicago
Lebanon,IL,38.60394,-89.80732,America/Chicago
Leland Grove,IL,39.777,-89.67927,America/Chicago
Lemont,IL,41.67364,-88.00173,America/Chicago
Lena,IL,42.37946,-89.82234,America/Chicago
Lewistown,IL,40.3931,-90.15484,America/Chicago
Lexington,IL,40.64142,-88.7834,America/Chicago
Libertyville,IL,42.28308,-87.95313,America/Chicago
Lily Lake,IL,41.94892,-88.47786,America/Chicago
Limestone,IL,41.13237,-87.9684,America/Chicago
Lincoln,IL,40.14838,-89.36482,America/Chicago
Lincoln Park,IL,41.9217,-87.64783,America/Chicago
Lincoln Square,IL,41.97587,-87.68922,America/Chicago
Lincolnshire,IL,42.19002,-87.9084,America/Chicago
Lincolnwood,IL,42.00448,-87.73006,America/Chicago
Lindenhurst,IL,42.41058,-88.02619,America/Chicago
Lisle,IL,41.80114,-88.07479,America/Chicago
Litchfield,IL,39.17533,-89.65426,America/Chicago
Lockport,IL,41.58948,-88.05784,America/Chicago
Logan Square,IL,41.92337,-87.69922,America/Chicago
Lombard,IL,41.88003,-88.00784,America/Chicago
Long Creek,IL,39.81198,-88.84757,America/Chicago
Long Grove,IL,42.17836,-87.99785,America/Chicago
Long Lake,IL,42.37085,-88.12758,America/Chicago
Louisville,IL,38.77227,-88.50255,America/Chicago
Loves Park,IL,42.32002,-89.05816,America/Chicago
Lovington,IL,39.71559,-88.63256,America/Chicago
Lower West Side,IL,41.8542,-87.66561,America/Chicago
Lynwood,IL,41.52642,-87.53865,America/Chicago
Lynwood,IL,41.68364,-88.39368,America/Chicago
Lyons,IL,41.81337,-87.81811,America/Chicago
Machesney Park,IL,42.34724,-89.039,America/Chicago
Mackinaw,IL,40.53698,-89.35759,America/Chicago
Macomb,IL,40.45921,-90.6718,America/Chicago
Macon,IL,39.71282,-88.99702,America/Chicago
Madison,IL,38.68255,-90.15705,America/Chicago
Mahomet,IL,40.19531,-88.40422,America/Chicago
Malta,IL,41.92975,-88.86092,America/Chicago
Manhattan,IL,41.42253,-87.98589,America/Chicago
Manito,IL,40.42587,-89.77928,America/Chicago
Manteno,IL,41.25059,-87.83143,America/Chicago
Maple Park,IL,41.90753,-88.59925,America/Chicago
Marengo,IL,42.24863,-88.60843,America/Chicago
Marion,IL,37.73061,-88.93313,America/Chicago
Marissa,IL,38.25005,-89.7501,America/Chicago
Markham,IL,41.59365,-87.69477,America/Chicago
Maroa,IL,40.03643,-88.95703,America/Chicago
Marquette Heights,IL,40.61754,-89.60038,America/Chicago
Marseilles,IL,41.33087,-88.70813,America/Chicago
Marshall,IL,39.39143,-87.69364,America/Chicago
Martinsville,IL,39.33559,-87.88198,America/Chicago
Maryville,IL,38.72366,-89.95593,America/Chicago
Mascoutah,IL,38.49033,-89.79315,America/Chicago
Mason City,IL,40.20227,-89.69816,America/Chicago
Matteson,IL,41.50392,-87.7131,America/Chicago
Mattoon,IL,39.48309,-88.37283,America/Chicago
Maywood,IL,41.8792,-87.84312,America/Chicago
McCullom Lake,IL,42.36835,-88.29259,America/Chicago
McHenry,IL,42.33335,-88.26675,America/Chicago
McKinley Park,IL,41.8317,-87.67366,America/Chicago
McLeansboro,IL,38.09338,-88.53561,America/Chicago
Medinah,IL,41.98142,-88.05118,America/Chicago
Melrose Park,IL,41.90059,-87.85673,America/Chicago
Mendota,IL,41.54725,-89.11759,America/Chicago
Meredosia,IL,39.83116,-90.55957,America/Chicago
Merrionette Park,IL,41.6842,-87.70033,America/Chicago
Metamora,IL,40.79059,-89.36064,America/Chicago
Metropolis,IL,37.15117,-88.732,America/Chicago
Midlothian,IL,41.62531,-87.71755,America/Chicago
Milan,IL,41.45309,-90.57208,America/Chicago
Milford,IL,40.62837,-87.69614,America/Chicago
Millstadt,IL,38.46144,-90.09178,America/Chicago
Minier,IL,40.43365,-89.31315,America/Chicago
Minonk,IL,40.90448,-89.03452,America/Chicago
Minooka,IL,41.45531,-88.26173,America/Chicago
Mitchell,IL,38.76199,-90.08538,America/Chicago
Mokena,IL,41.52614,-87.88922,America/Chicago
Moline,IL,41.5067,-90.51513,America/Chicago
Momence,IL,41.1667,-87.66281,America/Chicago
Monee,IL,41.42003,-87.74171,America/Chicago
Monmouth,IL,40.91143,-90.64736,America/Chicago
Montgomery,IL,41.73058,-88.3459,America/Chicago
Monticello,IL,40.02781,-88.5734,America/Chicago
Morgan Park,IL,41.69031,-87.66672,America/Chicago
Morris,IL,41.35725,-88.42118,America/Chicago
Morrison,IL,41.80975,-89.96512,America/Chicago
Morrisonville,IL,39.42005,-89.45565,America/Chicago
Morton,IL,40.61282,-89.45926,America/Chicago
Morton Grove,IL,42.04059,-87.78256,America/Chicago
Mound City,IL,37.08533,-89.16257,America/Chicago
Mount Carmel,IL,38.41088,-87.76142,America/Chicago
Mount Carroll,IL,42.09502,-89.97818,America/Chicago
Mount Greenwood,IL,41.69809,-87.70866,America/Chicago
Mount Morris,IL,42.05031,-89.43122,America/Chicago
Mount Olive,IL,39.07227,-89.72731,America/Chicago
Mount Prospect,IL,42.06642,-87.93729,America/Chicago
Mount Pulaski,IL,40.01088,-89.28231,America/Chicago
Mount Sterling,IL,39.98727,-90.76346,America/Chicago
Mount Vernon,IL,38.31727,-88.90312,America/Chicago
Mount Zion,IL,39.77143,-88.87424,America/Chicago
Moweaqua,IL,39.62476,-89.01897,America/Chicago
Mundelein,IL,42.26308,-88.00397,America/Chicago
Murphysboro,IL,37.7645,-89.33509,America/Chicago
Naperville,IL,41.78586,-88.14729,America/Chicago
Nashville,IL,38.34366,-89.38064,America/Chicago
Nauvoo,IL,40.55004,-91.38487,America/Chicago
Near North Side,IL,41.90003,-87.6345,America/Chicago
Near South Side,IL,41.8567,-87.62477,America/Chicago
Neoga,IL,39.31948,-88.45283,America/Chicago
New Athens,IL,38.32644,-89.87705,America/Chicago
New Baden,IL,38.53505,-89.70065,America/Chicago
New Berlin,IL,39.72533,-89.91066,America/Chicago
New City,IL,41.80753,-87.65644,America/Chicago
New Lenox,IL,41.51198,-87.96561,America/Chicago
Newark,IL,41.53697,-88.58341,America/Chicago
Newton,IL,38.99088,-88.16254,America/Chicago
Niles,IL,42.01892,-87.80284,America/Chicago
Nokomis,IL,39.30116,-89.28508,America/Chicago
Normal,IL,40.5142,-88.99063,America/Chicago
Norridge,IL,41.96336,-87.82728,America/Chicago
Norris City,IL,37.98116,-88.32921,America/Chicago
North Aurora,IL,41.80614,-88.3273,America/Chicago
North Barrington,IL,42.2078,-88.14063,America/Chicago
North Center,IL,41.95392,-87.67895,America/Chicago
North Chicago,IL,42.32558,-87.84118,America/Chicago
North Lawndale,IL,41.86003,-87.71839,America/Chicago
North Pekin,IL,40.61504,-89.62232,America/Chicago
North Peoria,IL,40.71754,-89.58426,America/Chicago
North Riverside,IL,41.84281,-87.82311,America/Chicago
Northbrook,IL,42.12753,-87.82895,America/Chicago
Northfield,IL,42.09975,-87.7809,America/Chicago
Northlake,IL,41.91725,-87.89562,America/Chicago
O'Fallon,IL,38.59227,-89.91121,America/Chicago
Oak Brook,IL,41.83281,-87.92895,America/Chicago
Oak Forest,IL,41.60281,-87.74394,America/Chicago
Oak Lawn,IL,41.71087,-87.75811,America/Chicago
Oak Park,IL,41.88503,-87.7845,America/Chicago
Oakbrook Terrace,IL,41.85003,-87.96451,America/Chicago
Oakwood,IL,40.11615,-87.77836,America/Chicago
Oakwood Hills,IL,42.24641,-88.24286,America/Chicago
Oblong,IL,39.00199,-87.90892,America/Chicago
Odin,IL,38.61727,-89.05229,America/Chicago
Oglesby,IL,41.29531,-89.05953,America/Chicago
Okawville,IL,38.43422,-89.55037,America/Chicago
Olney,IL,38.73088,-88.08532,America/Chicago
Olympia Fields,IL,41.51337,-87.67421,America/Chicago
Onarga,IL,40.71504,-88.00615,America/Chicago
Oquawka,IL,40.93198,-90.94709,America/Chicago
Oregon,IL,42.01475,-89.33233,America/Chicago
Orion,IL,41.35476,-90.38152,America/Chicago
Orland Hills,IL,41.58531,-87.84311,America/Chicago
Orland Park,IL,41.63031,-87.85394,America/Chicago
Oswego,IL,41.68281,-88.35146,America/Chicago
Ottawa,IL,41.34559,-88.84258,America/Chicago
Palatine,IL,42.1103,-88.03424,America/Chicago
Palestine,IL,39.00365,-87.6128,America/Chicago
Palos Heights,IL,41.66809,-87.79644,America/Chicago
Palos Hills,IL,41.6967,-87.817,America/Chicago
Palos Park,IL,41.66725,-87.83033,America/Chicago
Pana,IL,39.38893,-89.08008,America/Chicago
Paris,IL,39.61115,-87.69614,America/Chicago
Park City,IL,42.34836,-87.88424,America/Chicago
Park Forest,IL,41.49142,-87.67449,America/Chicago
Park Ridge,IL,42.01114,-87.84062,America/Chicago
Parkway Garden Homes,IL,41.77782,-87.61703,America/Chicago
Pawnee,IL,39.59172,-89.58037,America/Chicago
Paxton,IL,40.46031,-88.09532,America/Chicago
Payson,IL,39.81699,-91.24237,America/Chicago
Pecatonica,IL,42.31391,-89.35928,America/Chicago
Pekin,IL,40.56754,-89.64066,America/Chicago
Peoria,IL,40.69365,-89.58899,America/Chicago
Peoria Heights,IL,40.74726,-89.57398,America/Chicago
Peotone,IL,41.33226,-87.78532,America/Chicago
Peru,IL,41.32753,-89.12897,America/Chicago
Petersburg,IL,40.01172,-89.84817,America/Chicago
Philo,IL,40.00698,-88.1581,America/Chicago
Phoenix,IL,41.61115,-87.63477,America/Chicago
Pinckneyville,IL,38.08033,-89.38203,America/Chicago
Pingree Grove,IL,42.06864,-88.41342,America/Chicago
Pistakee Highlands,IL,42.40863,-88.20648,America/Chicago
Pittsfield,IL,39.60783,-90.80513,America/Chicago
Plainfield,IL,41.62697,-88.20395,America/Chicago
Plano,IL,41.66281,-88.53702,America/Chicago
Polo,IL,41.98614,-89.57928,America/Chicago
Pontiac,IL,40.88087,-88.62978,America/Chicago
Pontoon Beach,IL,38.73172,-90.08038,America/Chicago
Poplar Grove,IL,42.36835,-88.82205,America/Chicago
Port Barrington,IL,42.24252,-88.20203,America/Chicago
Port Byron,IL,41.60642,-90.33541,America/Chicago
Portage Park,IL,41.95781,-87.76506,America/Chicago
Posen,IL,41.6317,-87.68144,America/Chicago
Prairie Grove,IL,42.27863,-88.26092,America/Chicago
Prestbury,IL,41.78329,-88.41764,America/Chicago
Preston Heights,IL,41.4917,-88.08172,America/Chicago
Princeton,IL,41.36809,-89.46481,America/Chicago
Princeville,IL,40.92976,-89.7576,America/Chicago
Prophetstown,IL,41.67142,-89.93622,America/Chicago
Prospect Heights,IL,42.0953,-87.93757,America/Chicago
Quincy,IL,39.9356,-91.40987,America/Chicago
Ramsey,IL,39.14449,-89.10868,America/Chicago
Rantoul,IL,40.30837,-88.15588,America/Chicago
Red Bud,IL,38.21172,-89.99427,America/Chicago
Richmond,IL,42.47585,-88.30593,America/Chicago
Richmond,IL,40.36087,-89.36898,America/Chicago
Richton Park,IL,41.48448,-87.70338,America/Chicago
River Forest,IL,41.89781,-87.81395,America/Chicago
River Grove,IL,41.92586,-87.83589,America/Chicago
Riverdale,IL,41.63337,-87.6331,America/Chicago
Riverside,IL,41.83503,-87.82284,America/Chicago
Riverton,IL,39.84422,-89.53954,America/Chicago
Riverwoods,IL,42.16753,-87.89701,America/Chicago
Roanoke,IL,40.79615,-89.1973,America/Chicago
Robbins,IL,41.64392,-87.70366,America/Chicago
Robinson,IL,39.00532,-87.73919,America/Chicago
Rochelle,IL,41.92392,-89.06871,America/Chicago
Rochester,IL,39.74949,-89.53176,America/Chicago
Rock Falls,IL,41.77975,-89.689,America/Chicago
Rock Island,IL,41.50948,-90.57875,America/Chicago
Rockdale,IL,41.50614,-88.1145,America/Chicago
Rockford,IL,42.27113,-89.094,America/Chicago
Rockton,IL,42.45252,-89.07233,America/Chicago
Rogers Park,IL,42.00864,-87.66672,America/Chicago
Rolling Meadows,IL,42.08419,-88.01313,America/Chicago
Rome,IL,40.88309,-89.50259,America/Chicago
Romeoville,IL,41.64753,-88.08951,America/Chicago
Roodhouse,IL,39.48394,-90.37151,America/Chicago
Roscoe,IL,42.41335,-89.00927,America/Chicago
Roselle,IL,41.98475,-88.07979,America/Chicago
Rosemont,IL,41.99531,-87.88451,America/Chicago
Rosewood Heights,IL,38.88783,-90.08483,America/Chicago
Rosiclare,IL,37.42366,-88.34615,America/Chicago
Rossville,IL,40.3792,-87.66863,America/Chicago
Round Lake,IL,42.35336,-88.09341,America/Chicago
Round Lake Beach,IL,42.37169,-88.09008,America/Chicago
Round Lake Heights,IL,42.38002,-88.10425,America/Chicago
Round Lake Park,IL,42.35697,-88.07675,America/Chicago
Roxana,IL,38.84838,-90.07622,America/Chicago
Royalton,IL,37.87699,-89.11452,America/Chicago
Rushville,IL,40.12116,-90.56318,America/Chicago
Saint Anne,IL,41.02503,-87.71392,America/Chicago
Saint Elmo,IL,39.02727,-88.84811,America/Chicago
Saint Jacob,IL,38.71394,-89.76815,America/Chicago
Saint Joseph,IL,40.1117,-88.0417,America/Chicago
Salem,IL,38.62699,-88.94562,America/Chicago
Sandoval,IL,38.6156,-89.11423,America/Chicago
Sandwich,IL,41.64586,-88.62174,America/Chicago
Sauk Village,IL,41.48837,-87.56754,America/Chicago
Savanna,IL,42.09447,-90.15679,America/Chicago
Savoy,IL,40.05475,-88.25172,America/Chicago
Schaumburg,IL,42.03336,-88.08341,America/Chicago
Schiller Park,IL,41.95586,-87.8709,America/Chicago
Scott Air Force Base,IL,38.5427,-89.85035,America/Chicago
Seneca,IL,41.31114,-88.60979,America/Chicago
Sesser,IL,38.09172,-89.05035,America/Chicago
Shawneetown,IL,37.7131,-88.1867,America/Chicago
Shelbyville,IL,39.40643,-88.79007,America/Chicago
Sheldon,IL,40.7692,-87.56392,America/Chicago
Sheridan,IL,41.53003,-88.6798,America/Chicago
Sherman,IL,39.89366,-89.60482,America/Chicago
Shiloh,IL,38.56144,-89.89732,America/Chicago
Shorewood,IL,41.52003,-88.20173,America/Chicago
Sidney,IL,40.02503,-88.07337,America/Chicago
Silvis,IL,41.51226,-90.41513,America/Chicago
Skokie,IL,42.03336,-87.73339,America/Chicago
Sleepy Hollow,IL,42.09419,-88.30258,America/Chicago
Smithton,IL,38.40866,-89.99205,America/Chicago
Somonauk,IL,41.63364,-88.68119,America/Chicago
South Barrington,IL,42.09142,-88.12174,America/Chicago
South Beloit,IL,42.49307,-89.03678,America/Chicago
South Chicago,IL,41.73977,-87.55425,America/Chicago
South Chicago Heights,IL,41.48087,-87.63782,America/Chicago
South Elgin,IL,41.99419,-88.2923,America/Chicago
South Holland,IL,41.60087,-87.60699,America/Chicago
South Jacksonville,IL,39.70866,-90.22818,America/Chicago
South Lawndale,IL,41.84364,-87.71255,America/Chicago
South Pekin,IL,40.49448,-89.65177,America/Chicago
South Roxana,IL,38.82949,-90.06288,America/Chicago
South Shore,IL,41.76198,-87.57783,America/Chicago
Southern View,IL,39.75727,-89.65371,America/Chicago
Sparta,IL,38.12311,-89.70177,America/Chicago
Spring Grove,IL,42.44363,-88.23648,America/Chicago
Spring Valley,IL,41.32754,-89.19981,America/Chicago
Springfield,IL,39.80172,-89.64371,America/Chicago
St. Charles,IL,41.91419,-88.30869,America/Chicago
Staunton,IL,39.01227,-89.79121,America/Chicago
Steeleville,IL,38.00727,-89.65843,America/Chicago
Steger,IL,41.47003,-87.63643,America/Chicago
Sterling,IL,41.78864,-89.69622,America/Chicago
Stickney,IL,41.82142,-87.78283,America/Chicago
Stillman Valley,IL,42.10725,-89.17927,America/Chicago
Stockton,IL,42.34974,-90.00679,America/Chicago
Stone Park,IL,41.90559,-87.88367,America/Chicago
Streamwood,IL,42.02558,-88.17841,America/Chicago
Streator,IL,41.12087,-88.83535,America/Chicago
Sugar Grove,IL,41.76142,-88.44369,America/Chicago
Sullivan,IL,39.59948,-88.60784,America/Chicago
Summit,IL,41.78809,-87.81033,America/Chicago
Sumner,IL,38.71699,-87.86142,America/Chicago
Swansea,IL,38.53394,-89.98899,America/Chicago
Sycamore,IL,41.98892,-88.68675,America/Chicago
Taylorville,IL,39.54894,-89.29453,America/Chicago
Teutopolis,IL,39.1331,-88.47199,America/Chicago
The Galena Territory,IL,42.39343,-90.32582,America/Chicago
Third Lake,IL,42.37391,-88.01091,America/Chicago
Thomasboro,IL,40.2417,-88.18421,America/Chicago
Thornton,IL,41.56809,-87.6081,America/Chicago
Tilton,IL,40.09531,-87.64752,America/Chicago
Tinley Park,IL,41.57337,-87.78449,America/Chicago
Toledo,IL,39.27365,-88.24365,America/Chicago
Tolono,IL,39.98614,-88.25894,America/Chicago
Toluca,IL,41.00226,-89.13342,America/Chicago
Toulon,IL,41.09365,-89.86483,America/Chicago
Tower Lake,IL,42.23197,-88.15202,America/Chicago
Tremont,IL,40.52754,-89.4926,America/Chicago
Trenton,IL,38.6056,-89.68204,America/Chicago
Troy,IL,38.72921,-89.88315,America/Chicago
Tuscola,IL,39.7992,-88.2831,America/Chicago
Twin Grove,IL,40.49337,-89.0798,America/Chicago
Ukrainian Village,IL,41.89943,-87.68451,America/Chicago
University Park,IL,41.44298,-87.6836,America/Chicago
Upper Alton,IL,38.91144,-90.15066,America/Chicago
Uptown,IL,41.9659,-87.65262,America/Chicago
Urbana,IL,40.11059,-88.20727,America/Chicago
Valmeyer,IL,38.30561,-90.27651,America/Chicago
Vandalia,IL,38.9606,-89.09368,America/Chicago
Venetian Village,IL,42.39863,-88.05258,America/Chicago
Venice,IL,38.67227,-90.16983,America/Chicago
Vernon Hills,IL,42.21947,-87.97952,America/Chicago
Vienna,IL,37.41533,-88.89784,America/Chicago
Villa Grove,IL,39.86281,-88.16227,America/Chicago
Villa Park,IL,41.88975,-87.98895,America/Chicago
Village of Campton Hills,IL,41.9366,-88.3975,America/Chicago
Virden,IL,39.50089,-89.76787,America/Chicago
Virginia,IL,39.95116,-90.21234,America/Chicago
Volo,IL,42.32613,-88.16786,America/Chicago
Wadsworth,IL,42.42863,-87.92397,America/Chicago
Walnut,IL,41.5567,-89.59343,America/Chicago
Wamac,IL,38.50894,-89.14063,America/Chicago
Warren,IL,42.4964,-89.98957,America/Chicago
Warrensburg,IL,39.93282,-89.06203,America/Chicago
Warrenville,IL,41.81781,-88.1734,America/Chicago
Warsaw,IL,40.35921,-91.4346,America/Chicago
Wasco,IL,41.93808,-88.40452,America/Chicago
Washburn,IL,40.9192,-89.2912,America/Chicago
Washington,IL,40.70365,-89.40731,America/Chicago
Washington Park,IL,38.63505,-90.09289,America/Chicago
Waterloo,IL,38.33589,-90.14983,America/Chicago
Waterman,IL,41.7717,-88.77369,America/Chicago
Watseka,IL,40.77615,-87.73642,America/Chicago
Wauconda,IL,42.25891,-88.13925,America/Chicago
Waukegan,IL,42.36363,-87.84479,America/Chicago
Waverly,IL,39.59172,-89.95288,America/Chicago
Wayne,IL,41.95086,-88.2423,America/Chicago
Wayne City,IL,38.34533,-88.58783,America/Chicago
West Chicago,IL,41.88475,-88.20396,America/Chicago
West Dundee,IL,42.09808,-88.28286,America/Chicago
West Elsdon,IL,41.79392,-87.7245,America/Chicago
West Englewood,IL,41.77809,-87.66672,America/Chicago
West Frankfort,IL,37.89783,-88.93146,America/Chicago
West Garfield Park,IL,41.88059,-87.72922,America/Chicago
West Lawn,IL,41.77281,-87.72227,America/Chicago
West Peoria,IL,40.69254,-89.62788,America/Chicago
West Ridge,IL,41.99975,-87.69284,America/Chicago
West Town,IL,41.89381,-87.67493,America/Chicago
Westchester,IL,41.85059,-87.882,America/Chicago
Western Springs,IL,41.80975,-87.90062,America/Chicago
Westmont,IL,41.79586,-87.97562,America/Chicago
Westville,IL,40.04226,-87.63863,America/Chicago
Wheaton,IL,41.86614,-88.10701,America/Chicago
Wheeling,IL,42.13919,-87.92896,America/Chicago
White Hall,IL,39.43699,-90.40318,America/Chicago
Williamsville,IL,39.95422,-89.54871,America/Chicago
Willow Springs,IL,41.74087,-87.86033,America/Chicago
Willowbrook,IL,41.76975,-87.93589,America/Chicago
Willowbrook,IL,41.45781,-87.53643,America/Chicago
Wilmette,IL,42.07225,-87.72284,America/Chicago
Wilmington,IL,41.30781,-88.14672,America/Chicago
Winchester,IL,39.62977,-90.45624,America/Chicago
Windsor,IL,39.44087,-88.59478,America/Chicago
Winfield,IL,41.8617,-88.1609,America/Chicago
Winnebago,IL,42.26613,-89.24122,America/Chicago
Winnetka,IL,42.10808,-87.7359,America/Chicago
Winthrop Harbor,IL,42.47891,-87.82368,America/Chicago
Wonder Lake,IL,42.3853,-88.34731,America/Chicago
Wood Dale,IL,41.96336,-87.97896,America/Chicago
Wood River,IL,38.86116,-90.09761,America/Chicago
Woodlawn,IL,41.77948,-87.59949,America/Chicago
Woodridge,IL,41.74697,-88.05034,America/Chicago
Woodstock,IL,42.31474,-88.4487,America/Chicago
Worden,IL,38.93144,-89.83899,America/Chicago
Worth,IL,41.68975,-87.79728,America/Chicago
Wyoming,IL,41.0617,-89.77316,America/Chicago
Yorkville,IL,41.64114,-88.44729,America/Chicago
Zeigler,IL,37.89949,-89.05202,America/Chicago
Zion,IL,42.44613,-87.83285,America/Chicago
Aberdeen,IN,41.43893,-87.11142,America/Chicago
Akron,IN,41.03838,-86.02805,America/Indiana/Indianapolis
Albany,IN,40.30088,-85.24191,America/Indiana/Indianapolis
Albion,IN,41.3956,-85.42442,America/Indiana/Indianapolis
Alexandria,IN,40.26282,-85.67581,America/Indiana/Indianapolis
Anderson,IN,40.10532,-85.68025,America/Indiana/Indianapolis
Andrews,IN,40.86254,-85.60165,America/Indiana/Indianapolis
Angola,IN,41.63477,-84.99941,America/Indiana/Indianapolis
Arcadia,IN,40.17587,-86.02165,America/Indiana/Indianapolis
Argos,IN,41.2378,-86.21465,America/Indiana/Indianapolis
Attica,IN,40.2942,-87.2489,America/Indiana/Indianapolis
Auburn,IN,41.36699,-85.05886,America/Indiana/Indianapolis
Aurora,IN,39.057,-84.90134,America/New_York
Austin,IN,38.75839,-85.80803,America/Indiana/Indianapolis
Avilla,IN,41.36588,-85.23886,America/Indiana/Indianapolis
Avon,IN,39.76282,-86.39972,America/Indiana/Indianapolis
Bargersville,IN,39.52088,-86.16777,America/Indiana/Indianapolis
Bass Lake,IN,41.20726,-86.60196,America/Indiana/Knox
Batesville,IN,39.30005,-85.22218,America/Indiana/Indianapolis
Battle Ground,IN,40.50837,-86.84168,America/Indiana/Indianapolis
Bedford,IN,38.86116,-86.48721,America/Indiana/Indianapolis
Beech Grove,IN,39.72199,-86.08998,America/Indiana/Indianapolis
Berne,IN,40.65782,-84.95191,America/Indiana/Indianapolis
Bicknell,IN,38.77421,-87.30779,America/Indiana/Vincennes
Bloomfield,IN,39.02699,-86.93751,America/Indiana/Indianapolis
Bloomington,IN,39.16533,-86.52639,America/Indiana/Indianapolis
Bluffton,IN,40.73866,-85.17164,America/Indiana/Indianapolis
Boonville,IN,38.04921,-87.27417,America/Chicago
Bourbon,IN,41.2956,-86.11639,America/Indiana/Indianapolis
Brazil,IN,39.52365,-87.12502,America/Indiana/Indianapolis
Bremen,IN,41.44644,-86.14806,America/Indiana/Indianapolis
Bright,IN,39.21839,-84.85606,America/New_York
Bristol,IN,41.72144,-85.81749,America/Indiana/Indianapolis
Broad Ripple,IN,39.86671,-86.14165,America/Indiana/Indianapolis
Brooklyn,IN,39.53921,-86.36916,America/Indiana/Indianapolis
Brookston,IN,40.60281,-86.86723,America/Indiana/Indianapolis
Brookville,IN,39.42311,-85.01274,America/Indiana/Indianapolis
Brownsburg,IN,39.84338,-86.39777,America/Indiana/Indianapolis
Brownstown,IN,38.87894,-86.04192,America/Indiana/Indianapolis
Burns Harbor,IN,41.62587,-87.13337,America/Chicago
Butler,IN,41.42977,-84.87135,America/Indiana/Indianapolis
Cambridge City,IN,39.81255,-85.17163,America/Indiana/Indianapolis
Cannelton,IN,37.91144,-86.74443,America/Indiana/Tell_City
Carmel,IN,39.97837,-86.11804,America/Indiana/Indianapolis
Cayuga,IN,39.94865,-87.45974,America/Indiana/Indianapolis
Cedar Lake,IN,41.36476,-87.44115,America/Chicago
Centerville,IN,39.81782,-84.99635,America/Indiana/Indianapolis
Chandler,IN,38.04171,-87.36806,America/Chicago
Charlestown,IN,38.45312,-85.67024,America/Kentucky/Louisville
Chesterfield,IN,40.11254,-85.59692,America/Indiana/Indianapolis
Chesterton,IN,41.61059,-87.0642,America/Chicago
Churubusco,IN,41.2306,-85.31942,America/Indiana/Indianapolis
Cicero,IN,40.12393,-86.01332,America/Indiana/Indianapolis
Clarksville,IN,38.29674,-85.75996,America/Kentucky/Louisville
Clermont,IN,39.80977,-86.32249,America/Indiana/Indianapolis
Clinton,IN,39.65698,-87.39807,America/Indiana/Indianapolis
Cloverdale,IN,39.51477,-86.7939,America/Indiana/Indianapolis
Columbia City,IN,41.15727,-85.48831,America/Indiana/Indianapolis
Columbus,IN,39.20144,-85.92138,America/Indiana/Indianapolis
Connersville,IN,39.64116,-85.14107,America/Indiana/Indianapolis
Converse,IN,40.57754,-85.87332,America/Indiana/Indianapolis
Cordry Sweetwater Lakes,IN,39.30464,-86.11837,America/Indiana/Indianapolis
Corydon,IN,38.21201,-86.12192,America/Kentucky/Louisville
Country Squire Lakes,IN,39.03478,-85.69858,America/Indiana/Indianapolis
Covington,IN,40.1417,-87.39474,America/Indiana/Indianapolis
Crawfordsville,IN,40.04115,-86.87445,America/Indiana/Indianapolis
Crothersville,IN,38.80061,-85.84164,America/Indiana/Indianapolis
Crown Point,IN,41.41698,-87.36531,America/Chicago
Culver,IN,41.21893,-86.42306,America/Indiana/Indianapolis
Cumberland,IN,39.77615,-85.9572,America/Indiana/Indianapolis
Dale,IN,38.16894,-86.99,America/Chicago
Dale,IN,40.01671,-86.4,America/Indiana/Indianapolis
Daleville,IN,40.12115,-85.55803,America/Indiana/Indianapolis
Danville,IN,39.7606,-86.52639,America/Indiana/Indianapolis
Darmstadt,IN,38.09921,-87.57891,America/Chicago
Dayton,IN,40.3742,-86.7689,America/Indiana/Indianapolis
DeMotte,IN,41.19504,-87.19864,America/Chicago
Decatur,IN,40.8306,-84.92913,America/Indiana/Indianapolis
Delphi,IN,40.58754,-86.67501,America/Indiana/Indianapolis
Dillsboro,IN,39.01783,-85.05884,America/New_York
Dunkirk,IN,40.75643,-86.39361,America/Indiana/Indianapolis
Dunkirk,IN,40.37532,-85.20941,America/Indiana/Indianapolis
Dunlap,IN,41.63783,-85.92166,America/Indiana/Indianapolis
Dyer,IN,41.4942,-87.52171,America/Chicago
East Chicago,IN,41.6392,-87.45476,America/Chicago
Eaton,IN,40.34032,-85.3508,America/Indiana/Indianapolis
Edgewood,IN,40.10337,-85.73414,America/Indiana/Indianapolis
Edinburgh,IN,39.35422,-85.96666,America/Indiana/Indianapolis
Elkhart,IN,41.68199,-85.97667,America/Indiana/Indianapolis
Ellettsville,IN,39.23393,-86.625,America/Indiana/Indianapolis
Elwood,IN,40.27698,-85.84192,America/Indiana/Indianapolis
English,IN,38.3345,-86.46415,America/Indiana/Marengo
Evansville,IN,37.97476,-87.55585,America/Chicago
Fairfield Heights,IN,39.82861,-86.38224,America/Indiana/Indianapolis
Fairmount,IN,40.41532,-85.65053,America/Indiana/Indianapolis
Fairview Park,IN,39.68031,-87.41752,America/Indiana/Indianapolis
Farmersburg,IN,39.24865,-87.38196,America/Indiana/Indianapolis
Farmland,IN,40.18782,-85.12747,America/Indiana/Indianapolis
Ferdinand,IN,38.22394,-86.86222,America/Indiana/Vincennes
Fish Lake,IN,41.56671,-86.55196,America/Chicago
Fishers,IN,39.95559,-86.01387,America/Indiana/Indianapolis
Flora,IN,40.54726,-86.52444,America/Indiana/Indianapolis
Fort Branch,IN,38.25116,-87.58113,America/Chicago
Fort Wayne,IN,41.1306,-85.12886,America/Indiana/Indianapolis
Fortville,IN,39.93226,-85.84804,America/Indiana/Indianapolis
Fowler,IN,40.6167,-87.32085,America/Indiana/Indianapolis
Frankfort,IN,40.27948,-86.51084,America/Indiana/Indianapolis
Franklin,IN,39.48061,-86.05499,America/Indiana/Indianapolis
Frankton,IN,40.22282,-85.77887,America/Indiana/Indianapolis
Fremont,IN,41.73088,-84.93274,America/Indiana/Indianapolis
French Lick,IN,38.54894,-86.61999,America/Indiana/Indianapolis
Galena,IN,38.35173,-85.94164,America/Kentucky/Louisville
Galveston,IN,40.57893,-86.19027,America/Indiana/Indianapolis
Garrett,IN,41.34949,-85.13553,America/Indiana/Indianapolis
Gary,IN,41.59337,-87.34643,America/Chicago
Gas City,IN,40.48726,-85.61303,America/Indiana/Indianapolis
Geneva,IN,39.39172,-85.71998,America/Indiana/Indianapolis
Geneva,IN,40.59199,-84.95719,America/Indiana/Indianapolis
Georgetown,IN,38.29451,-85.97552,America/Kentucky/Louisville
Georgetown,IN,40.7406,-86.50473,America/Indiana/Indianapolis
Georgetown,IN,41.72949,-86.22834,America/Indiana/Indianapolis
Goodland,IN,40.76337,-87.29363,America/Chicago
Goshen,IN,41.58227,-85.83444,America/Indiana/Indianapolis
Grabill,IN,41.21088,-84.96691,America/Indiana/Indianapolis
Granger,IN,41.75338,-86.11084,America/Indiana/Indianapolis
Greencastle,IN,39.64449,-86.86473,America/Indiana/Indianapolis
Greendale,IN,39.11256,-84.86412,America/New_York
Greenfield,IN,39.78504,-85.76942,America/Indiana/Indianapolis
Greensburg,IN,39.33727,-85.48358,America/Indiana/Indianapolis
Greentown,IN,40.47809,-85.96665,America/Indiana/Indianapolis
Greenwood,IN,39.61366,-86.10665,America/Indiana/Indianapolis
Griffith,IN,41.52837,-87.42365,America/Chicago
Grissom Air Force Base,IN,40.65753,-86.14755,America/Indiana/Indianapolis
Gulivoire Park,IN,41.61338,-86.24528,America/Indiana/Indianapolis
Hagerstown,IN,39.91116,-85.16163,America/Indiana/Indianapolis
Hamilton,IN,41.53366,-84.91274,America/Indiana/Indianapolis
Hammond,IN,41.58337,-87.50004,America/Chicago
Hanover,IN,38.71423,-85.47357,America/Indiana/Indianapolis
Harlan,IN,41.19616,-84.91969,America/Indiana/Indianapolis
Hartford City,IN,40.45115,-85.36997,America/Indiana/Indianapolis
Haubstadt,IN,38.20504,-87.57419,America/Chicago
Hebron,IN,41.31865,-87.20031,America/Chicago
Henryville,IN,38.54173,-85.76774,America/Kentucky/Louisville
Heritage Lake,IN,39.72779,-86.71022,America/Indiana/Indianapolis
Hidden Valley,IN,39.16228,-84.84301,America/New_York
Highland,IN,38.03976,-87.57307,America/Chicago
Highland,IN,41.55365,-87.45198,America/Chicago
Hobart,IN,41.53226,-87.25504,America/Chicago
Hope,IN,39.30394,-85.77137,America/Indiana/Indianapolis
Hudson Lake,IN,41.71032,-86.53419,America/Chicago
Huntertown,IN,41.22838,-85.17247,America/Indiana/Indianapolis
Huntingburg,IN,38.29894,-86.955,America/Indiana/Vincennes
Huntington,IN,40.8831,-85.49748,America/Indiana/Indianapolis
Indian Heights,IN,40.42726,-86.12555,America/Indiana/Indianapolis
Indianapolis,IN,39.76838,-86.15804,America/Indiana/Indianapolis
Ingalls,IN,39.95699,-85.80526,America/Indiana/Indianapolis
Jasonville,IN,39.1631,-87.19918,America/Indiana/Indianapolis
Jasper,IN,38.39144,-86.93111,America/Indiana/Vincennes
Jeffersonville,IN,38.27757,-85.73718,America/Kentucky/Louisville
Jonesboro,IN,40.47976,-85.62775,America/Indiana/Indianapolis
Kendallville,IN,41.44144,-85.26498,America/Indiana/Indianapolis
Kentland,IN,40.77032,-87.4453,America/Chicago
Kingsford Heights,IN,41.4806,-86.69169,America/Chicago
Knightstown,IN,39.7956,-85.52636,America/Indiana/Indianapolis
Knox,IN,41.29588,-86.62501,America/Indiana/Knox
Kokomo,IN,40.48643,-86.1336,America/Indiana/Indianapolis
Koontz Lake,IN,41.4181,-86.48585,America/Indiana/Knox
Kouts,IN,41.31671,-87.02586,America/Chicago
La Porte,IN,41.60774,-86.71389,America/Chicago
Lafayette,IN,40.4167,-86.87529,America/Indiana/Indianapolis
Lagrange,IN,41.64172,-85.41665,America/Indiana/Indianapolis
Lake Dalecarlia,IN,41.33087,-87.39476,America/Chicago
Lake Station,IN,41.57504,-87.23892,America/Chicago
Lakes of the Four Seasons,IN,41.41032,-87.21309,America/Chicago
Lapel,IN,40.06837,-85.84831,America/Indiana/Indianapolis
Lawrence,IN,39.83865,-86.02526,America/Indiana/Indianapolis
Lawrenceburg,IN,39.09089,-84.84995,America/New_York
Lebanon,IN,40.04837,-86.46917,America/Indiana/Indianapolis
Leo-Cedarville,IN,41.21255,-85.01664,America/Indiana/Indianapolis
Liberty,IN,39.6356,-84.93107,America/Indiana/Indianapolis
Ligonier,IN,41.46588,-85.58748,America/Indiana/Indianapolis
Linton,IN,39.03477,-87.16585,America/Indiana/Indianapolis
Logansport,IN,40.75448,-86.35667,America/Indiana/Indianapolis
Long Beach,IN,41.73893,-86.85697,America/Chicago
Loogootee,IN,38.67699,-86.91417,America/Indiana/Vincennes
Lowell,IN,41.29142,-87.42059,America/Chicago
Lynn,IN,40.04977,-84.93969,America/Indiana/Indianapolis
Madison,IN,38.73589,-85.37996,America/Indiana/Indianapolis
Marion,IN,40.55837,-85.65914,America/Indiana/Indianapolis
Markle,IN,40.82462,-85.33884,America/Indiana/Indianapolis
Martinsville,IN,39.42783,-86.42833,America/Indiana/Indianapolis
McCordsville,IN,39.9081,-85.92276,America/Indiana/Indianapolis
Melody Hill,IN,38.02615,-87.51585,America/Chicago
Meridian Hills,IN,39.89004,-86.15721,America/Indiana/Indianapolis
Merrillville,IN,41.48281,-87.33281,America/Chicago
Michigan City,IN,41.70754,-86.89503,America/Chicago
Middlebury,IN,39.26421,-87.1189,America/Indiana/Indianapolis
Middlebury,IN,41.67533,-85.7061,America/Indiana/Indianapolis
Middletown,IN,40.05727,-85.5372,America/Indiana/Indianapolis
Milan,IN,39.12117,-85.13135,America/Indiana/Indianapolis
Milford,IN,41.40977,-85.84555,America/Indiana/Indianapolis
Mishawaka,IN,41.66199,-86.15862,America/Indiana/Indianapolis
Mitchell,IN,38.73283,-86.4736,America/Indiana/Indianapolis
Monon,IN,40.86782,-86.8789,America/Indiana/Indianapolis
Monroeville,IN,40.97477,-84.8683,America/Indiana/Indianapolis
Monrovia,IN,39.57894,-86.48222,America/Indiana/Indianapolis
Monticello,IN,40.74532,-86.76473,America/Indiana/Indianapolis
Montpelier,IN,40.55393,-85.27747,America/Indiana/Indianapolis
Mooresville,IN,39.61282,-86.37416,America/Indiana/Indianapolis
Morocco,IN,40.94615,-87.45336,America/Chicago
Morristown,IN,39.67338,-85.69859,America/Indiana/Indianapolis
Mount Vernon,IN,37.93227,-87.89503,America/Chicago
Mount Vernon,IN,40.66949,-85.82415,America/Indiana/Indianapolis
Mulberry,IN,40.34448,-86.66528,America/Indiana/Indianapolis
Muncie,IN,40.19338,-85.38636,America/Indiana/Indianapolis
Munster,IN,41.56448,-87.51254,America/Chicago
Nappanee,IN,41.44283,-86.00139,America/Indiana/Indianapolis
Nashville,IN,39.20727,-86.2511,America/Indiana/Indianapolis
New Albany,IN,38.28562,-85.82413,America/Kentucky/Louisville
New Carlisle,IN,41.70032,-86.50946,America/Indiana/Indianapolis
New Castle,IN,39.92894,-85.37025,America/Indiana/Indianapolis
New Chicago,IN,41.55837,-87.27448,America/Chicago
New Haven,IN,41.0706,-85.01441,America/Indiana/Indianapolis
New Palestine,IN,39.72199,-85.88915,America/Indiana/Indianapolis
New Paris,IN,41.50033,-85.82805,America/Indiana/Indianapolis
New Pekin,IN,38.50506,-86.01692,America/Indiana/Indianapolis
New Whiteland,IN,39.5581,-86.09526,America/Indiana/Indianapolis
Newburgh,IN,37.94449,-87.40529,America/Chicago
Newport,IN,39.8842,-87.40863,America/Indiana/Indianapolis
Noblesville,IN,40.04559,-86.0086,America/Indiana/Indianapolis
North Judson,IN,41.21504,-86.77585,America/Indiana/Knox
North Liberty,IN,41.53421,-86.42723,America/Indiana/Indianapolis
North Madison,IN,38.76784,-85.39663,America/Indiana/Indianapolis
North Manchester,IN,41.0006,-85.7686,America/Indiana/Indianapolis
North Terre Haute,IN,39.52781,-87.3603,America/Indiana/Indianapolis
North Vernon,IN,39.00617,-85.62358,America/Indiana/Indianapolis
North Webster,IN,41.3256,-85.69776,America/Indiana/Indianapolis
Notre Dame,IN,41.70019,-86.23793,America/Indiana/Indianapolis
Oak Park,IN,38.30562,-85.69635,America/Kentucky/Louisville
Oakland City,IN,38.33866,-87.34501,America/Chicago
Odon,IN,38.84283,-86.9914,America/Indiana/Vincennes
Ogden Dunes,IN,41.62281,-87.1917,America/Chicago
Oolitic,IN,38.90088,-86.52527,America/Indiana/Indianapolis
Orleans,IN,38.66172,-86.45166,America/Indiana/Indianapolis
Osceola,IN,41.66505,-86.07584,America/Indiana/Indianapolis
Osgood,IN,39.12922,-85.29163,America/Indiana/Indianapolis
Ossian,IN,40.8806,-85.16636,America/Indiana/Indianapolis
Otis,IN,41.59921,-86.90586,America/Chicago
Otterbein,IN,40.49059,-87.0964,America/Indiana/Indianapolis
Owensville,IN,38.27199,-87.6878,America/Chicago
Oxford,IN,40.51976,-87.24779,America/Indiana/Indianapolis
Paoli,IN,38.55617,-86.46832,America/Indiana/Indianapolis
Parker City,IN,40.18893,-85.20413,America/Indiana/Indianapolis
Pendleton,IN,39.99754,-85.74664,America/Indiana/Indianapolis
Peru,IN,40.75365,-86.06888,America/Indiana/Indianapolis
Petersburg,IN,38.49199,-87.27862,America/Indiana/Petersburg
Pierceton,IN,41.20032,-85.70554,America/Indiana/Indianapolis
Pittsboro,IN,39.86393,-86.46694,America/Indiana/Indianapolis
Plainfield,IN,39.70421,-86.39944,America/Indiana/Indianapolis
Plymouth,IN,41.34366,-86.30973,America/Indiana/Indianapolis
Portage,IN,41.57587,-87.17615,America/Chicago
Porter,IN,41.61559,-87.0742,America/Chicago
Portland,IN,40.43449,-84.97775,America/Indiana/Indianapolis
Poseyville,IN,38.17004,-87.78308,America/Chicago
Princes Lakes,IN,39.35366,-86.09805,America/Indiana/Indianapolis
Princeton,IN,38.35532,-87.56752,America/Chicago
Redkey,IN,40.34893,-85.14997,America/Indiana/Indianapolis
Remington,IN,40.76087,-87.15085,America/Chicago
Rensselaer,IN,40.9367,-87.15086,America/Chicago
Richmond,IN,39.82894,-84.89024,America/Indiana/Indianapolis
Rising Sun,IN,38.9495,-84.85384,America/New_York
Roanoke,IN,40.96255,-85.37331,America/Indiana/Indianapolis
Rochester,IN,41.06476,-86.21583,America/Indiana/Indianapolis
Rockport,IN,39.88087,-87.2789,America/Chicago
Rockport,IN,37.88311,-87.04944,America/Chicago
Rockville,IN,39.76254,-87.22918,America/Indiana/Indianapolis
Rome City,IN,41.49616,-85.37665,America/Indiana/Indianapolis
Roselawn,IN,41.1417,-87.31475,America/Chicago
Rossville,IN,40.41698,-86.59472,America/Indiana/Indianapolis
Rushville,IN,39.60921,-85.44636,America/Indiana/Indianapolis
Russiaville,IN,40.41754,-86.27138,America/Indiana/Indianapolis
Saint John,IN,41.45004,-87.47004,America/Chicago
Saint Paul,IN,39.4281,-85.62831,America/Indiana/Indianapolis
Salem,IN,38.60561,-86.10109,America/Indiana/Indianapolis
Santa Claus,IN,38.12005,-86.91416,America/Chicago
Schererville,IN,41.47892,-87.45476,America/Chicago
Scottsburg,IN,38.68561,-85.77025,America/Indiana/Indianapolis
Seelyville,IN,39.49198,-87.26724,America/Indiana/Indianapolis
Sellersburg,IN,38.39812,-85.75496,America/Kentucky/Louisville
Seymour,IN,38.95922,-85.89025,America/Indiana/Indianapolis
Shadeland,IN,40.37365,-86.9489,America/Indiana/Indianapolis
Shelburn,IN,39.17837,-87.39363,America/Indiana/Indianapolis
Shelbyville,IN,39.52144,-85.77692,America/Indiana/Indianapolis
Sheridan,IN,40.13504,-86.22055,America/Indiana/Indianapolis
Shoals,IN,38.66644,-86.79111,America/Indiana/Vincennes
Shorewood Forest,IN,41.46315,-87.14472,America/Chicago
Simonton Lake,IN,41.75422,-85.975,America/Indiana/Indianapolis
Smithville-Sanders,IN,39.05969,-86.51077,America/Indiana/Indianapolis
South Bend,IN,41.68338,-86.25001,America/Indiana/Indianapolis
South Haven,IN,41.54198,-87.13726,America/Chicago
South Whitley,IN,41.08477,-85.62804,America/Indiana/Indianapolis
Southport,IN,39.66505,-86.12776,America/Indiana/Indianapolis
Speedway,IN,39.80227,-86.26721,America/Indiana/Indianapolis
Spencer,IN,39.28671,-86.76251,America/Indiana/Indianapolis
Sullivan,IN,39.09532,-87.40585,America/Indiana/Indianapolis
Sunman,IN,39.237,-85.09468,America/Indiana/Indianapolis
Sweetser,IN,40.57198,-85.76915,America/Indiana/Indianapolis
Syracuse,IN,41.42783,-85.75249,America/Indiana/Indianapolis
Tell City,IN,37.95144,-86.76777,America/Indiana/Tell_City
Terre Haute,IN,39.4667,-87.41391,America/Indiana/Indianapolis
Thorntown,IN,40.12948,-86.60667,America/Indiana/Indianapolis
Tipton,IN,40.28226,-86.0411,America/Indiana/Indianapolis
Topeka,IN,41.53922,-85.53971,America/Indiana/Indianapolis
Trafalgar,IN,39.41616,-86.15082,America/Indiana/Indianapolis
Trail Creek,IN,41.69837,-86.8592,America/Chicago
Tri-Lakes,IN,41.24588,-85.44192,America/Indiana/Indianapolis
Union City,IN,40.20199,-84.80913,America/Indiana/Indianapolis
Upland,IN,40.4756,-85.49442,America/Indiana/Indianapolis
Valparaiso,IN,41.47309,-87.06114,America/Chicago
Veedersburg,IN,40.11309,-87.26251,America/Indiana/Indianapolis
Versailles,IN,39.072,-85.2519,America/Indiana/Indianapolis
Vevay,IN,38.74784,-85.06717,America/Indiana/Vevay
Vincennes,IN,38.67727,-87.52863,America/Chicago
Wabash,IN,40.79782,-85.82054,America/Indiana/Indianapolis
Wakarusa,IN,41.53616,-86.02083,America/Indiana/Indianapolis
Walkerton,IN,41.46671,-86.48307,America/Indiana/Indianapolis
Walton,IN,40.66087,-86.24194,America/Indiana/Indianapolis
Wanatah,IN,41.4306,-86.89836,America/Chicago
Warren,IN,40.68282,-85.4272,America/Indiana/Indianapolis
Warren Park,IN,39.78199,-86.05026,America/Indiana/Indianapolis
Warsaw,IN,41.2381,-85.85305,America/Indiana/Indianapolis
Washington,IN,38.65922,-87.17279,America/Indiana/Vincennes
Waterloo,IN,39.56255,-86.19749,America/Indiana/Indianapolis
Waterloo,IN,41.43199,-85.01997,America/Indiana/Indianapolis
West Lafayette,IN,40.42587,-86.90807,America/Indiana/Indianapolis
West Terre Haute,IN,39.46504,-87.45002,America/Indiana/Indianapolis
Westfield,IN,40.04282,-86.12749,America/Indiana/Indianapolis
Westport,IN,39.17589,-85.57303,America/Indiana/Indianapolis
Westville,IN,41.54143,-86.90058,America/Chicago
Whiteland,IN,39.55005,-86.07971,America/Indiana/Indianapolis
Whitestown,IN,39.99726,-86.34583,America/Indiana/Indianapolis
Whiting,IN,41.67976,-87.49449,America/Chicago
Williamsport,IN,40.28837,-87.2939,America/Indiana/Indianapolis
Winamac,IN,41.05143,-86.60306,America/Indiana/Winamac
Winchester,IN,40.17199,-84.98135,America/Indiana/Indianapolis
Winfield,IN,41.40531,-87.27531,America/Chicago
Winona Lake,IN,41.22727,-85.82193,America/Indiana/Indianapolis
Wolcottville,IN,41.52588,-85.36665,America/Indiana/Indianapolis
Woodburn,IN,41.12533,-84.8533,America/Indiana/Indianapolis
Worthington,IN,39.12504,-86.97945,America/Indiana/Indianapolis
Yorktown,IN,40.17365,-85.49414,America/Indiana/Indianapolis
Zionsville,IN,39.95087,-86.26194,America/Indiana/Indianapolis
Abilene,KS,38.91722,-97.21391,America/Chicago
Alma,KS,39.01667,-96.28916,America/Chicago
Altamont,KS,37.19034,-95.29719,America/Chicago
Andover,KS,37.7139,-97.13643,America/Chicago
Anthony,KS,37.15336,-98.03117,America/Chicago
Arkansas City,KS,37.06197,-97.03837,America/Chicago
Arma,KS,37.54394,-94.70024,America/Chicago
Ashland,KS,37.18864,-99.76568,America/Chicago
Atchison,KS,39.56305,-95.12164,America/Chicago
Atwood,KS,39.80667,-101.0421,America/Chicago
Auburn,KS,38.90611,-95.8161,America/Chicago
Augusta,KS,37.68668,-96.9767,America/Chicago
Baldwin City,KS,38.77501,-95.18636,America/Chicago
Basehor,KS,39.14167,-94.93858,America/Chicago
Baxter Springs,KS,37.02368,-94.7355,America/Chicago
Bellaire,KS,37.76251,-97.26699,America/Chicago
Belle Plaine,KS,37.39391,-97.28115,America/Chicago
Belleville,KS,39.82445,-97.63254,America/Chicago
Beloit,KS,39.45612,-98.10616,America/Chicago
Bonner Springs,KS,39.05973,-94.88358,America/Chicago
Buhler,KS,38.13445,-97.77005,America/Chicago
Burlington,KS,38.19447,-95.74276,America/Chicago
Caldwell,KS,37.03225,-97.60699,America/Chicago
Caney,KS,37.01146,-95.93526,America/Chicago
Carbondale,KS,38.81862,-95.68915,America/Chicago
Chanute,KS,37.67921,-95.4572,America/Chicago
Chapman,KS,38.97222,-97.02251,America/Chicago
Cheney,KS,37.63001,-97.78255,America/Chicago
Cherryvale,KS,37.27034,-95.55248,America/Chicago
Chetopa,KS,37.03729,-95.08996,America/Chicago
Cimarron,KS,37.80669,-100.3482,America/Chicago
Clay Center,KS,37.51946,-96.77114,America/Chicago
Clay Center,KS,39.37694,-97.12474,America/Chicago
Clearwater,KS,37.5028,-97.50449,America/Chicago
Coffeyville,KS,37.0373,-95.61637,America/Chicago
Colby,KS,39.39584,-101.05238,America/Chicago
Coldwater,KS,37.26891,-99.32678,America/Chicago
Columbus,KS,37.16923,-94.84412,America/Chicago
Colwich,KS,37.77918,-97.53644,America/Chicago
Concordia,KS,39.57084,-97.66254,America/Chicago
Conway Springs,KS,37.3903,-97.64227,America/Chicago
Cottonwood Falls,KS,38.37224,-96.54278,America/Chicago
Council Grove,KS,38.66112,-96.49195,America/Chicago
De Soto,KS,38.97917,-94.96858,America/Chicago
Derby,KS,37.54557,-97.26893,America/Chicago
Dighton,KS,38.48196,-100.46708,America/Chicago
Dodge City,KS,37.7528,-100.01708,America/Chicago
Douglass,KS,37.51946,-97.01281,America/Chicago
Edgerton,KS,38.76473,-95.00802,America/Chicago
Edwardsville,KS,39.06112,-94.81968,America/Chicago
El Dorado,KS,37.81724,-96.86225,America/Chicago
Elkhart,KS,37.00808,-101.89017,America/Chicago
Ellinwood,KS,38.35557,-98.58091,America/Chicago
Ellis,KS,38.93807,-99.56067,America/Chicago
Ellsworth,KS,38.73056,-98.22811,America/Chicago
Elwood,KS,39.75555,-94.87247,America/Chicago
Emporia,KS,38.4039,-96.18166,America/Chicago
Erie,KS,37.56811,-95.24331,America/Chicago
Eudora,KS,38.94334,-95.09858,America/Chicago
Eureka,KS,37.82392,-96.28917,America/Chicago
Fairway,KS,39.02223,-94.6319,America/Chicago
Fort Riley North,KS,39.11081,-96.81392,America/Chicago
Fort Scott,KS,37.83976,-94.7083,America/Chicago
Fredonia,KS,37.53394,-95.82665,America/Chicago
Frontenac,KS,37.4556,-94.68913,America/Chicago
Galena,KS,37.0759,-94.63967,America/Chicago
Garden City,KS,37.97169,-100.87266,America/Chicago
Gardner,KS,38.81084,-94.92719,America/Chicago
Garnett,KS,38.28058,-95.24192,America/Chicago
Girard,KS,37.51116,-94.83802,America/Chicago
Goddard,KS,37.65974,-97.57533,America/Chicago
Goodland,KS,39.35083,-101.71017,America/Denver
Gove,KS,38.95779,-100.48875,America/Chicago
Grandview Plaza,KS,39.02916,-96.78917,America/Chicago
Great Bend,KS,38.36446,-98.76481,America/Chicago
Greensburg,KS,37.6028,-99.29261,America/Chicago
Halstead,KS,38.0014,-97.50865,America/Chicago
Harper,KS,37.28669,-98.02589,America/Chicago
Haven,KS,37.8989,-97.78283,America/Chicago
Hays,KS,38.87918,-99.32677,America/Chicago
Haysville,KS,37.56446,-97.35227,America/Chicago
Herington,KS,38.67112,-96.94251,America/Chicago
Hesston,KS,38.13834,-97.43143,America/Chicago
Hiawatha,KS,39.8525,-95.53582,America/Chicago
Highland,KS,39.85972,-95.2697,America/Chicago
Hill City,KS,39.36473,-99.84206,America/Chicago
Hillsboro,KS,38.35196,-97.20447,America/Chicago
Hoisington,KS,38.51807,-98.77814,America/Chicago
Holcomb,KS,37.98614,-100.98933,America/Chicago
Holton,KS,39.46527,-95.73637,America/Chicago
Horton,KS,39.66056,-95.52637,America/Chicago
Howard,KS,37.47031,-96.26361,America/Chicago
Hoxie,KS,39.3575,-100.44181,America/Chicago
Hugoton,KS,37.1753,-101.3496,America/Chicago
Humboldt,KS,37.8106,-95.43693,America/Chicago
Hutchinson,KS,38.06084,-97.92977,America/Chicago
Independence,KS,37.22424,-95.70831,America/Chicago
Inman,KS,38.23195,-97.77338,America/Chicago
Iola,KS,37.92448,-95.39998,America/Chicago
Jetmore,KS,38.08446,-99.89346,America/Chicago
Johnson,KS,37.57057,-101.751,America/Chicago
Junction City,KS,39.02861,-96.8314,America/Chicago
Kansas City,KS,39.11417,-94.62746,America/Chicago
Kechi,KS,37.79585,-97.27949,America/Chicago
Kingman,KS,37.64585,-98.11367,America/Chicago
Kinsley,KS,37.92307,-99.40984,America/Chicago
Kiowa,KS,37.01725,-98.48535,America/Chicago
La Crosse,KS,38.5314,-99.30872,America/Chicago
La Cygne,KS,38.35002,-94.76135,America/Chicago
Lakin,KS,37.94058,-101.25489,America/Chicago
Lansing,KS,39.24861,-94.90024,America/Chicago
Larned,KS,38.18057,-99.09871,America/Chicago
Lawrence,KS,38.97167,-95.23525,America/Chicago
Leavenworth,KS,39.31111,-94.92246,America/Chicago
Leawood,KS,38.96667,-94.6169,America/Chicago
Lenexa,KS,38.95362,-94.73357,America/Chicago
Leoti,KS,38.47974,-101.35877,America/Chicago
Liberal,KS,37.04308,-100.921,America/Chicago
Lincoln,KS,39.04084,-98.14477,America/Chicago
Lindsborg,KS,38.57362,-97.67448,America/Chicago
Louisburg,KS,38.61946,-94.68079,America/Chicago
Lyndon,KS,38.61001,-95.68443,America/Chicago
Lyons,KS,38.34501,-98.20173,America/Chicago
Maize,KS,37.77918,-97.46727,America/Chicago
Manhattan,KS,39.18361,-96.57167,America/Chicago
Mankato,KS,39.78723,-98.21005,America/Chicago
Marion,KS,38.34835,-97.01725,America/Chicago
Marysville,KS,39.84111,-96.64724,America/Chicago
McConnell AFB,KS,37.63007,-97.25869,America/Chicago
McPherson,KS,38.37084,-97.66421,America/Chicago
Meade,KS,37.28558,-100.34015,America/Chicago
Medicine Lodge,KS,37.28113,-98.58036,America/Chicago
Merriam,KS,39.02362,-94.69357,America/Chicago
Minneapolis,KS,39.12194,-97.7067,America/Chicago
Mission,KS,39.02778,-94.65579,America/Chicago
Mission Hills,KS,39.01778,-94.6169,America/Chicago
Mound City,KS,38.14281,-94.81357,America/Chicago
Moundridge,KS,38.20307,-97.51921,America/Chicago
Mulvane,KS,37.47446,-97.24393,America/Chicago
Neodesha,KS,37.41839,-95.68026,America/Chicago
Ness City,KS,38.45279,-99.90651,America/Chicago
New Century,KS,38.82253,-94.89971,America/Chicago
Newton,KS,38.04668,-97.34504,America/Chicago
Nickerson,KS,38.14723,-98.08367,America/Chicago
North Newton,KS,38.07223,-97.34559,America/Chicago
Norton,KS,39.83389,-99.89151,America/Chicago
Oakley,KS,39.13334,-100.86376,America/Chicago
Oberlin,KS,39.81834,-100.5282,America/Chicago
Ogden,KS,39.11111,-96.70612,America/Chicago
Olathe,KS,38.8814,-94.81913,America/Chicago
Osage City,KS,38.6339,-95.82582,America/Chicago
Osawatomie,KS,38.49724,-94.95052,America/Chicago
Osborne,KS,39.43914,-98.69624,America/Chicago
Oskaloosa,KS,39.21528,-95.31275,America/Chicago
Oswego,KS,37.16757,-95.10996,America/Chicago
Ottawa,KS,38.61557,-95.26775,America/Chicago
Overbrook,KS,38.78056,-95.5572,America/Chicago
Overland Park,KS,38.98223,-94.67079,America/Chicago
Oxford,KS,37.27419,-97.16893,America/Chicago
Paola,KS,38.57224,-94.87913,America/Chicago
Park City,KS,37.80001,-97.31838,America/Chicago
Parsons,KS,37.34034,-95.26108,America/Chicago
Peabody,KS,38.16946,-97.1067,America/Chicago
Phillipsburg,KS,39.75612,-99.32399,America/Chicago
Pittsburg,KS,37.41088,-94.70496,America/Chicago
Plains,KS,37.2603,-100.59265,America/Chicago
Plainville,KS,39.23473,-99.29816,America/Chicago
Pleasanton,KS,38.17781,-94.71135,America/Chicago
Prairie Village,KS,38.99167,-94.63357,America/Chicago
Pratt,KS,37.64391,-98.73759,America/Chicago
Roeland Park,KS,39.03751,-94.63218,America/Chicago
Rose Hill,KS,37.55835,-97.13504,America/Chicago
Rossville,KS,39.13611,-95.95166,America/Chicago
Russell,KS,38.89527,-98.86103,America/Chicago
Sabetha,KS,39.90222,-95.80082,America/Chicago
Saint Francis,KS,39.77222,-101.7999,America/Chicago
Saint John,KS,38.00224,-98.76009,America/Chicago
Saint Marys,KS,39.19416,-96.0711,America/Chicago
Saint Marys,KS,37.70668,-97.64005,America/Chicago
Salina,KS,38.84028,-97.61142,America/Chicago
Satanta,KS,37.43725,-100.97211,America/Chicago
Scott City,KS,38.48252,-100.90709,America/Chicago
Sedan,KS,37.12672,-96.18694,America/Chicago
Sedgwick,KS,37.91668,-97.42254,America/Chicago
Seneca,KS,39.83416,-96.06417,America/Chicago
Sharon Springs,KS,38.89779,-101.75212,America/Denver
Shawnee,KS,39.04167,-94.72024,America/Chicago
Silver Lake,KS,39.10417,-95.8586,America/Chicago
Smith Center,KS,39.77918,-98.78507,America/Chicago
Solomon,KS,38.91944,-97.37114,America/Chicago
South Hutchinson,KS,38.02807,-97.94033,America/Chicago
Spring Hill,KS,38.74306,-94.82552,America/Chicago
Sterling,KS,38.21001,-98.20701,America/Chicago
Stockton,KS,39.43807,-99.2651,America/Chicago
Sublette,KS,37.48169,-100.84377,America/Chicago
Syracuse,KS,37.98071,-101.7543,America/Denver
Tonganoxie,KS,39.10972,-95.08775,America/Chicago
Topeka,KS,39.04833,-95.67804,America/Chicago
Towanda,KS,37.79752,-96.99976,America/Chicago
Tribune,KS,38.46974,-101.75267,America/Denver
Troy,KS,39.78305,-95.08997,America/Chicago
Ulysses,KS,37.58141,-101.35517,America/Chicago
Valley Center,KS,37.83473,-97.37338,America/Chicago
Valley Falls,KS,39.34333,-95.46025,America/Chicago
Victoria,KS,38.85279,-99.1476,America/Chicago
WaKeeney,KS,39.02501,-99.87957,America/Chicago
Wamego,KS,39.20194,-96.305,America/Chicago
Washington,KS,39.81806,-97.05086,America/Chicago
Wathena,KS,39.75916,-94.94969,America/Chicago
Wellington,KS,37.2653,-97.37171,America/Chicago
Wellsville,KS,38.71834,-95.08164,America/Chicago
Westmoreland,KS,39.39389,-96.41361,America/Chicago
Westwood,KS,39.04056,-94.6169,America/Chicago
Wichita,KS,37.69224,-97.33754,America/Chicago
Winfield,KS,37.23975,-96.99559,America/Chicago
Yates Center,KS,37.88115,-95.73332,America/Chicago
Albany,KY,36.6909,-85.13468,America/Chicago
Alexandria,KY,38.95951,-84.38799,America/New_York
Anchorage,KY,38.26674,-85.53302,America/Kentucky/Louisville
Annville,KY,37.31925,-83.97048,America/New_York
Ashland,KY,38.47841,-82.63794,America/New_York
Auburn,KY,36.86421,-86.71027,America/Chicago
Audubon Park,KY,38.20396,-85.72524,America/Kentucky/Louisville
Augusta,KY,38.77174,-84.00576,America/New_York
Barbourmeade,KY,38.29729,-85.60329,America/Kentucky/Louisville
Barbourville,KY,36.86648,-83.88881,America/New_York
Bardstown,KY,37.80923,-85.4669,America/New_York
Bardwell,KY,36.87061,-89.00979,America/Chicago
Beattyville,KY,37.57175,-83.70686,America/New_York
Beaver Dam,KY,37.40199,-86.87583,America/Chicago
Bedford,KY,38.59256,-85.31773,America/New_York
Beechwood Village,KY,38.25479,-85.63135,America/Kentucky/Louisville
Bellevue,KY,39.10645,-84.47883,America/New_York
Benton,KY,36.85728,-88.35031,America/Chicago
Berea,KY,37.56869,-84.29632,America/New_York
Bloomfield,KY,37.91034,-85.31662,America/New_York
Booneville,KY,37.4762,-83.67491,America/New_York
Bowling Green,KY,36.99032,-86.4436,America/Chicago
Brandenburg,KY,37.99896,-86.16941,America/New_York
Breckinridge Center,KY,37.68282,-87.86308,America/Chicago
Brodhead,KY,37.40425,-84.41383,America/New_York
Brooks,KY,38.06118,-85.70968,America/New_York
Brooksville,KY,38.68257,-84.06576,America/New_York
Brownsville,KY,37.19255,-86.26775,America/Chicago
Buckner,KY,38.38368,-85.43996,America/New_York
Buechel,KY,38.19507,-85.6519,America/Kentucky/Louisville
Burkesville,KY,36.79034,-85.37052,America/Chicago
Burlington,KY,39.02756,-84.72411,America/New_York
Cadiz,KY,36.86505,-87.8353,America/Chicago
Calhoun,KY,37.53894,-87.25833,America/Chicago
Calvert City,KY,37.03339,-88.35004,America/Chicago
Camargo,KY,37.99425,-83.8877,America/New_York
Campbellsville,KY,37.3434,-85.34191,America/New_York
Campton,KY,37.73425,-83.54741,America/New_York
Carlisle,KY,38.31202,-84.02743,America/New_York
Carrollton,KY,38.6809,-85.1794,America/New_York
Catlettsburg,KY,38.4048,-82.60044,America/New_York
Cave City,KY,37.13672,-85.95692,America/Chicago
Central City,KY,37.29393,-87.12333,America/Chicago
Claryville,KY,38.91923,-84.39549,America/New_York
Clay,KY,37.47671,-87.82002,America/Chicago
Clay City,KY,37.85925,-83.91853,America/New_York
Clinton,KY,36.66728,-88.9934,America/Chicago
Cloverport,KY,37.83339,-86.63276,America/Chicago
Coal Run Village,KY,37.51316,-82.55849,America/New_York
Cold Spring,KY,39.02173,-84.43994,America/New_York
Coldstream,KY,38.31479,-85.52385,America/Kentucky/Louisville
Columbia,KY,37.10284,-85.30635,America/Chicago
Corbin,KY,36.9487,-84.09688,America/New_York
Covington,KY,39.08367,-84.50855,America/New_York
Crescent Springs,KY,39.05145,-84.58161,America/New_York
Crestview Hills,KY,39.02728,-84.58494,America/New_York
Crestwood,KY,38.32424,-85.47246,America/New_York
Crittenden,KY,38.78284,-84.60522,America/New_York
Cumberland,KY,36.97815,-82.9885,America/New_York
Cynthiana,KY,38.39035,-84.2941,America/New_York
Danville,KY,37.64563,-84.77217,America/New_York
Dawson Springs,KY,37.16727,-87.69251,America/Chicago
Dayton,KY,39.11284,-84.47272,America/New_York
Dixon,KY,37.51782,-87.69029,America/Chicago
Doe Valley,KY,37.95665,-86.11653,America/New_York
Douglass Hills,KY,38.23785,-85.55274,America/Kentucky/Louisville
Dry Ridge,KY,38.68201,-84.58994,America/New_York
Earlington,KY,37.27421,-87.51194,America/Chicago
Eddyville,KY,37.0945,-88.0803,America/Chicago
Edgewood,KY,39.01867,-84.58189,America/New_York
Edmonton,KY,36.98006,-85.61219,America/Chicago
Elizabethtown,KY,37.69395,-85.85913,America/New_York
Elk Creek,KY,38.10034,-85.37107,America/New_York
Elkfork,KY,37.96481,-83.13295,America/New_York
Elkton,KY,36.81004,-87.15417,America/Chicago
Elsmere,KY,39.01256,-84.60467,America/New_York
Eminence,KY,38.37007,-85.18051,America/New_York
Erlanger,KY,39.01673,-84.60078,America/New_York
Fairdale,KY,38.10507,-85.75885,America/Kentucky/Louisville
Falmouth,KY,38.67674,-84.33021,America/New_York
Farley,KY,37.04634,-88.56856,America/Chicago
Fern Creek,KY,38.15979,-85.58774,America/Kentucky/Louisville
Flatwoods,KY,38.52258,-82.71711,America/New_York
Flemingsburg,KY,38.4223,-83.73381,America/New_York
Florence,KY,38.99895,-84.62661,America/New_York
Fort Campbell North,KY,36.65429,-87.46056,America/Chicago
Fort Knox,KY,37.89113,-85.96363,America/New_York
Fort Mitchell,KY,39.0595,-84.54744,America/New_York
Fort Thomas,KY,39.07506,-84.44716,America/New_York
Fort Wright,KY,39.05173,-84.53411,America/New_York
Francisville,KY,39.10506,-84.72439,America/New_York
Frankfort,KY,38.20091,-84.87328,America/New_York
Franklin,KY,36.72226,-86.57722,America/Chicago
Frenchburg,KY,37.95092,-83.62575,America/New_York
Fulton,KY,36.50423,-88.87423,America/Chicago
Georgetown,KY,38.2098,-84.55883,America/New_York
Glasgow,KY,36.99588,-85.91192,America/Chicago
Graymoor-Devondale,KY,38.27313,-85.62302,America/Kentucky/Louisville
Grayson,KY,38.33258,-82.9485,America/New_York
Greensburg,KY,37.26089,-85.49885,America/Chicago
Greenup,KY,38.57313,-82.83017,America/New_York
Greenville,KY,37.20115,-87.17889,America/Chicago
Guthrie,KY,36.64838,-87.16639,America/Chicago
Hardinsburg,KY,37.78006,-86.46053,America/Chicago
Harlan,KY,36.84314,-83.32185,America/New_York
Harrodsburg,KY,37.7623,-84.84329,America/New_York
Hartford,KY,37.45116,-86.90916,America/Chicago
Hawesville,KY,37.90006,-86.75499,America/Chicago
Hazard,KY,37.24954,-83.19323,America/New_York
Hebron,KY,39.06589,-84.70106,America/New_York
Hebron Estates,KY,38.04951,-85.66607,America/New_York
Henderson,KY,37.83615,-87.59001,America/Chicago
Hendron,KY,37.0395,-88.62922,America/Chicago
Heritage Creek,KY,38.12368,-85.71968,America/Kentucky/Louisville
Hickman,KY,36.57117,-89.18618,America/Chicago
Highland Heights,KY,39.03312,-84.45189,America/New_York
Highview,KY,38.14285,-85.62413,America/Kentucky/Louisville
Hillview,KY,38.06979,-85.68551,America/New_York
Hindman,KY,37.33593,-82.98044,America/New_York
Hodgenville,KY,37.57395,-85.73996,America/New_York
Hopkinsville,KY,36.86561,-87.49117,America/Chicago
Horse Cave,KY,37.1795,-85.90692,America/Chicago
Hurstbourne,KY,38.23813,-85.58829,America/Kentucky/Louisville
Hurstbourne Acres,KY,38.22118,-85.58913,America/Kentucky/Louisville
Hyden,KY,37.16093,-83.37324,America/New_York
Independence,KY,38.94312,-84.54411,America/New_York
Indian Hills,KY,38.27257,-85.66274,America/Kentucky/Louisville
Indian Hills Cherokee Section,KY,38.27951,-85.64996,America/Kentucky/Louisville
Inez,KY,37.86648,-82.53876,America/New_York
Irvine,KY,37.70064,-83.97381,America/New_York
Irvington,KY,37.88034,-86.28386,America/Chicago
Jackson,KY,37.55315,-83.38351,America/New_York
Jackson,KY,37.82508,-84.87079,America/New_York
Jamestown,KY,36.98479,-85.06301,America/Chicago
Jeffersontown,KY,38.19424,-85.5644,America/Kentucky/Louisville
Jeffersonville,KY,37.97369,-83.84186,America/New_York
Jenkins,KY,37.17344,-82.63099,America/New_York
Junction City,KY,37.58674,-84.79384,America/New_York
Knottsville,KY,37.77172,-86.90416,America/Chicago
La Center,KY,37.07672,-88.97368,America/Chicago
La Grange,KY,38.40757,-85.37885,America/New_York
Lakeside Park,KY,39.03562,-84.56911,America/New_York
Lancaster,KY,37.61952,-84.578,America/New_York
Lawrenceburg,KY,38.0373,-84.89662,America/New_York
Lebanon,KY,37.56979,-85.25274,America/New_York
Lebanon Junction,KY,37.83451,-85.7319,America/New_York
Ledbetter,KY,37.04756,-88.47699,America/Chicago
Leitchfield,KY,37.48005,-86.29386,America/Chicago
Lewisport,KY,37.937,-86.90221,America/Chicago
Lexington,KY,37.98869,-84.47772,America/New_York
Lexington-Fayette,KY,38.0498,-84.45855,America/New_York
Liberty,KY,37.31841,-84.9394,America/New_York
Livermore,KY,37.4931,-87.13194,America/Chicago
London,KY,37.12898,-84.08326,America/New_York
Louisa,KY,38.11425,-82.60321,America/New_York
Louisville,KY,38.25424,-85.75941,America/Kentucky/Louisville
Ludlow,KY,39.09256,-84.54744,America/New_York
Lyndon,KY,38.25674,-85.60163,America/Kentucky/Louisville
Madisonville,KY,37.3281,-87.49889,America/Chicago
Manchester,KY,37.1537,-83.76186,America/New_York
Marion,KY,37.33283,-88.08113,America/Chicago
Masonville,KY,37.67505,-87.03472,America/Chicago
Massac,KY,37.029,-88.686,America/Chicago
Mayfield,KY,36.74172,-88.63672,America/Chicago
Maysville,KY,38.64119,-83.74437,America/New_York
McKee,KY,37.43036,-83.99798,America/New_York
Meads,KY,38.41258,-82.70905,America/New_York
Middlesboro,KY,36.60842,-83.71658,America/New_York
Middletown,KY,38.24535,-85.53885,America/Kentucky/Louisville
Midway,KY,38.15091,-84.68383,America/New_York
Monticello,KY,36.82979,-84.84911,America/Kentucky/Monticello
Morehead,KY,38.18397,-83.43268,America/New_York
Morehead,KY,37.27115,-87.17638,America/Chicago
Morganfield,KY,37.68338,-87.91669,America/Chicago
Morgantown,KY,37.2256,-86.6836,America/Chicago
Mount Olivet,KY,38.53146,-84.03687,America/New_York
Mount Sterling,KY,38.05647,-83.94326,America/New_York
Mount Vernon,KY,38.02563,-84.49522,America/New_York
Mount Vernon,KY,37.35286,-84.34049,America/New_York
Mount Washington,KY,38.05006,-85.54579,America/New_York
Munfordville,KY,37.27228,-85.89108,America/Chicago
Murray,KY,36.61033,-88.31476,America/Chicago
New Castle,KY,38.4334,-85.16968,America/New_York
Newburg,KY,38.16007,-85.65968,America/Kentucky/Louisville
Newport,KY,39.09145,-84.49578,America/New_York
Nicholasville,KY,37.88063,-84.573,America/New_York
North Corbin,KY,36.96064,-84.09326,America/New_York
Northfield,KY,38.28701,-85.64107,America/Kentucky/Louisville
Nortonville,KY,37.19088,-87.45278,America/Chicago
Oak Grove,KY,36.66505,-87.44279,America/Chicago
Oak Grove,KY,37.34421,-86.75471,America/Chicago
Oakbrook,KY,38.99978,-84.68522,America/New_York
Okolona,KY,38.14118,-85.68774,America/Kentucky/Louisville
Olive Hill,KY,38.30008,-83.17407,America/New_York
Orchard Grass Hills,KY,38.32368,-85.52135,America/New_York
Owensboro,KY,37.77422,-87.11333,America/Chicago
Owenton,KY,38.53672,-84.84338,America/New_York
Owingsville,KY,38.1448,-83.76408,America/New_York
Paducah,KY,37.08339,-88.60005,America/Chicago
Paintsville,KY,37.81454,-82.80711,America/New_York
Paris,KY,38.2098,-84.25299,America/New_York
Park Hills,KY,39.07145,-84.53217,America/New_York
Pewee Valley,KY,38.31062,-85.48746,America/New_York
Pikeville,KY,37.47927,-82.51876,America/New_York
Pine Knot,KY,36.65091,-84.43855,America/New_York
Pineville,KY,36.76203,-83.69492,America/New_York
Pioneer Village,KY,38.06062,-85.67774,America/New_York
Plano,KY,36.88032,-86.41832,America/Chicago
Pleasure Ridge Park,KY,38.14535,-85.8583,America/Kentucky/Louisville
Prestonsburg,KY,37.66565,-82.77155,America/New_York
Princeton,KY,37.10922,-87.88196,America/Chicago
Prospect,KY,38.34507,-85.61552,America/Kentucky/Louisville
Providence,KY,38.57451,-85.22107,America/New_York
Providence,KY,37.39755,-87.76279,America/Chicago
Raceland,KY,38.54008,-82.7285,America/New_York
Radcliff,KY,37.84035,-85.94913,America/New_York
Reidland,KY,37.01756,-88.53143,America/Chicago
Richmond,KY,37.74786,-84.29465,America/New_York
Russell,KY,38.5173,-82.69766,America/New_York
Russell Springs,KY,37.05618,-85.08857,America/Chicago
Russellville,KY,36.84532,-86.88722,America/Chicago
Ryland Heights,KY,38.95756,-84.463,America/New_York
Saint Dennis,KY,38.1884,-85.8458,America/Kentucky/Louisville
Saint Matthews,KY,38.25285,-85.65579,America/Kentucky/Louisville
Saint Regis Park,KY,38.22674,-85.61663,America/Kentucky/Louisville
Salyersville,KY,37.75259,-83.06878,America/New_York
Sandy Hook,KY,38.08647,-83.12628,America/New_York
Scottsville,KY,36.75338,-86.19054,America/Chicago
Sebree,KY,37.60699,-87.52862,America/Chicago
Shelbyville,KY,38.21201,-85.22357,America/New_York
Shepherdsville,KY,37.9884,-85.71579,America/New_York
Shively,KY,38.20007,-85.82274,America/Kentucky/Louisville
Silver Grove,KY,39.03451,-84.39022,America/New_York
Simpsonville,KY,38.22257,-85.35523,America/New_York
Smithland,KY,37.13894,-88.40337,America/Chicago
Somerset,KY,37.09202,-84.60411,America/New_York
South Shore,KY,38.72091,-82.95823,America/New_York
Southgate,KY,39.072,-84.47272,America/New_York
Springfield,KY,37.68534,-85.22218,America/New_York
Stanford,KY,37.53119,-84.66189,America/New_York
Stanton,KY,37.84564,-83.85825,America/New_York
Stearns,KY,36.69897,-84.47744,America/New_York
Sturgis,KY,37.54671,-87.98391,America/Chicago
Taylor Mill,KY,38.99756,-84.49633,America/New_York
Taylorsville,KY,38.03173,-85.34245,America/New_York
Tompkinsville,KY,36.70228,-85.69164,America/Chicago
Union,KY,38.9459,-84.6805,America/New_York
Valley Station,KY,38.11118,-85.87024,America/Kentucky/Louisville
Van Lear,KY,37.77121,-82.75794,America/New_York
Vanceburg,KY,38.59924,-83.3188,America/New_York
Verona,KY,38.8184,-84.66078,America/New_York
Versailles,KY,38.05258,-84.72995,America/New_York
Villa Hills,KY,39.06339,-84.593,America/New_York
Vine Grove,KY,37.81007,-85.98135,America/New_York
Walton,KY,38.87562,-84.61022,America/New_York
Warsaw,KY,38.7834,-84.90162,America/New_York
Watterson Park,KY,38.19229,-85.68329,America/Kentucky/Louisville
West Buechel,KY,38.19701,-85.66329,America/Kentucky/Louisville
West Liberty,KY,37.92148,-83.25962,America/New_York
Westwood,KY,38.48314,-82.66988,America/New_York
Whitesburg,KY,37.11843,-82.82683,America/New_York
Whitley City,KY,36.72341,-84.47049,America/New_York
Wickliffe,KY,36.96478,-89.08923,America/Chicago
Wilder,KY,39.05645,-84.48689,America/New_York
Williamsburg,KY,36.74342,-84.15966,America/New_York
Williamstown,KY,38.63812,-84.5605,America/New_York
Wilmore,KY,37.86202,-84.66161,America/New_York
Winchester,KY,37.99008,-84.17965,America/New_York
Windy Hills,KY,38.27396,-85.63441,America/Kentucky/Louisville
Worthington,KY,38.54841,-82.72433,America/New_York
Worthington,KY,38.31562,-85.56163,America/Kentucky/Louisville
Worthington Hills,KY,38.30896,-85.5269,America/Kentucky/Louisville
Wurtland,KY,38.55036,-82.77794,America/New_York
Abbeville,LA,29.97465,-92.13429,America/Chicago
Abita Springs,LA,30.47864,-90.04008,America/Chicago
Addis,LA,30.3538,-91.26539,America/Chicago
Albany,LA,30.50436,-90.58231,America/Chicago
Alexandria,LA,31.31129,-92.44514,America/Chicago
Ama,LA,29.95215,-90.29647,America/Chicago
Amelia,LA,29.66632,-91.10204,America/Chicago
Amite,LA,30.72657,-90.50898,America/Chicago
Arabi,LA,29.95437,-90.00535,America/Chicago
Arcadia,LA,32.54904,-92.92016,America/Chicago
Arnaudville,LA,30.3977,-91.93151,America/Chicago
Avondale,LA,29.91298,-90.20369,America/Chicago
Baker,LA,30.58824,-91.16816,America/Chicago
Baldwin,LA,29.83798,-91.54428,America/Chicago
Ball,LA,31.41546,-92.4118,America/Chicago
Banks Springs,LA,32.0821,-92.09291,America/Chicago
Barataria,LA,29.72327,-90.12369,America/Chicago
Basile,LA,30.4852,-92.59597,America/Chicago
Bastrop,LA,32.77828,-91.91144,America/Chicago
Batchelor,LA,30.84046,-91.66151,America/Chicago
Baton Rouge,LA,30.44332,-91.18747,America/Chicago
Bawcomville,LA,32.47042,-92.16736,America/Chicago
Bayou Boeuf,LA,29.86937,-90.59675,America/Chicago
Bayou Cane,LA,29.6241,-90.7512,America/Chicago
Bayou Gauche,LA,29.78743,-90.41314,America/Chicago
Bayou Vista,LA,29.68965,-91.27094,America/Chicago
Belle Chasse,LA,29.85493,-89.99063,America/Chicago
Belle Rose,LA,30.05048,-91.04149,America/Chicago
Benton,LA,32.69487,-93.74185,America/Chicago
Bernice,LA,32.82209,-92.65793,America/Chicago
Berwick,LA,29.69465,-91.21899,America/Chicago
Blanchard,LA,32.58098,-93.89268,America/Chicago
Bogalusa,LA,30.79102,-89.84869,America/Chicago
Bossier City,LA,32.51599,-93.73212,America/Chicago
Bourg,LA,29.55355,-90.60231,America/Chicago
Boutte,LA,29.90243,-90.38814,America/Chicago
Breaux Bridge,LA,30.27353,-91.89928,America/Chicago
Bridge City,LA,29.93326,-90.17007,America/Chicago
Broussard,LA,30.14715,-91.96123,America/Chicago
Brownsfield,LA,30.54658,-91.12066,America/Chicago
Brownsville,LA,32.48709,-92.1543,America/Chicago
Brusly,LA,30.39436,-91.25372,America/Chicago
Bunkie,LA,30.95325,-92.18263,America/Chicago
Cade,LA,30.08742,-91.9054,America/Chicago
Cameron,LA,29.79772,-93.32515,America/Chicago
Campti,LA,31.8935,-93.11822,America/Chicago
Carencro,LA,30.31714,-92.04901,America/Chicago
Carlyss,LA,30.16882,-93.37599,America/Chicago
Carville,LA,30.21742,-91.09621,America/Chicago
Catahoula,LA,30.21464,-91.709,America/Chicago
Cecilia,LA,30.33714,-91.85317,America/Chicago
Central,LA,30.55435,-91.03677,America/Chicago
Chackbay,LA,29.88354,-90.79732,America/Chicago
Chalmette,LA,29.94296,-89.96537,America/Chicago
Charenton,LA,29.88159,-91.52511,America/Chicago
Chauvin,LA,29.43855,-90.59537,America/Chicago
Church Point,LA,30.40298,-92.21513,America/Chicago
Claiborne,LA,32.51598,-92.1918,America/Chicago
Clarks,LA,32.02655,-92.13903,America/Chicago
Clinton,LA,30.86574,-91.01566,America/Chicago
Colfax,LA,31.51906,-92.70682,America/Chicago
Columbia,LA,32.10516,-92.07791,America/Chicago
Convent,LA,30.02076,-90.82982,America/Chicago
Cottonport,LA,30.98408,-92.05346,America/Chicago
Coushatta,LA,32.01488,-93.34212,America/Chicago
Covington,LA,30.47549,-90.10042,America/Chicago
Crowley,LA,30.21409,-92.37458,America/Chicago
Cullen,LA,32.96903,-93.45073,America/Chicago
Cut Off,LA,29.54272,-90.33814,America/Chicago
DeQuincy,LA,30.45048,-93.43322,America/Chicago
DeRidder,LA,30.84631,-93.28905,America/Chicago
Delcambre,LA,29.94826,-91.98873,America/Chicago
Delhi,LA,32.45764,-91.49317,America/Chicago
Denham Springs,LA,30.4874,-90.95753,America/Chicago
Des Allemands,LA,29.82382,-90.47508,America/Chicago
Destrehan,LA,29.94322,-90.35345,America/Chicago
Deville,LA,31.3574,-92.16541,America/Chicago
Donaldsonville,LA,30.10114,-90.99412,America/Chicago
Dulac,LA,29.38883,-90.71398,America/Chicago
Duson,LA,30.23576,-92.1854,America/Chicago
Eastwood,LA,32.55626,-93.56712,America/Chicago
Eden Isle,LA,30.22853,-89.79867,America/Chicago
Edgard,LA,30.04326,-90.56009,America/Chicago
Elmwood,LA,29.95659,-90.1898,America/Chicago
Elton,LA,30.48131,-92.6957,America/Chicago
Erath,LA,29.95826,-92.03596,America/Chicago
Erwinville,LA,30.53102,-91.40789,America/Chicago
Estelle,LA,29.84576,-90.10674,America/Chicago
Eunice,LA,30.49437,-92.41763,America/Chicago
Farmerville,LA,32.77347,-92.4057,America/Chicago
Ferriday,LA,31.63017,-91.55456,America/Chicago
Fort Polk North,LA,31.10302,-93.17913,America/Chicago
Fort Polk South,LA,31.0511,-93.21578,America/Chicago
Franklin,LA,29.79604,-91.5015,America/Chicago
Franklinton,LA,30.84731,-90.15527,America/Chicago
French Settlement,LA,30.29599,-90.7963,America/Chicago
Galliano,LA,29.44216,-90.29925,America/Chicago
Gardere,LA,30.34575,-91.14011,America/Chicago
Garyville,LA,30.05604,-90.61926,America/Chicago
Glenmora,LA,30.97658,-92.58514,America/Chicago
Golden Meadow,LA,29.37911,-90.26008,America/Chicago
Gonzales,LA,30.23853,-90.9201,America/Chicago
Grambling,LA,32.52765,-92.71404,America/Chicago
Gramercy,LA,30.04742,-90.68981,America/Chicago
Grand Bayou Mobile Home Park,LA,29.90802,-90.77711,America/Chicago
Grand Isle,LA,29.23662,-89.98729,America/Chicago
Grand Point,LA,30.06131,-90.75343,America/Chicago
Gray,LA,29.69771,-90.78648,America/Chicago
Greensburg,LA,30.83074,-90.67176,America/Chicago
Greenwood,LA,32.44293,-93.97296,America/Chicago
Greenwood,LA,30.54491,-91.10677,America/Chicago
Gretna,LA,29.91465,-90.05396,America/Chicago
Gueydan,LA,30.02604,-92.50847,America/Chicago
Hackberry,LA,29.99605,-93.3421,America/Chicago
Hahnville,LA,29.97659,-90.40897,America/Chicago
Hammond,LA,30.50463,-90.46293,America/Chicago
Harahan,LA,29.94048,-90.20313,America/Chicago
Harrisonburg,LA,31.77211,-91.82152,America/Chicago
Harvey,LA,29.90354,-90.07729,America/Chicago
Haughton,LA,32.53265,-93.50406,America/Chicago
Haynesville,LA,32.96208,-93.14016,America/Chicago
Henderson,LA,30.31325,-91.79039,America/Chicago
Homer,LA,32.79192,-93.05503,America/Chicago
Houma,LA,29.59577,-90.71953,America/Chicago
Independence,LA,30.63551,-90.50335,America/Chicago
Inniswold,LA,30.40491,-91.08344,America/Chicago
Iota,LA,30.33131,-92.49569,America/Chicago
Iowa,LA,30.23687,-93.01376,America/Chicago
Jackson,LA,30.8374,-91.21761,America/Chicago
Jean Lafitte,LA,29.73604,-90.12674,America/Chicago
Jeanerette,LA,29.91104,-91.66345,America/Chicago
Jefferson,LA,29.96604,-90.15313,America/Chicago
Jena,LA,31.68323,-92.13374,America/Chicago
Jennings,LA,30.22243,-92.65708,America/Chicago
Jonesboro,LA,32.24127,-92.71599,America/Chicago
Jonesville,LA,31.62656,-91.81818,America/Chicago
Kaplan,LA,29.99798,-92.28485,America/Chicago
Kenner,LA,29.99409,-90.24174,America/Chicago
Kentwood,LA,30.93824,-90.50898,America/Chicago
Killian,LA,30.35881,-90.5862,America/Chicago
Kinder,LA,30.48548,-92.8507,America/Chicago
Krotz Springs,LA,30.53686,-91.75289,America/Chicago
Labadieville,LA,29.83743,-90.95621,America/Chicago
Lacombe,LA,30.31353,-89.94313,America/Chicago
Lafayette,LA,30.22409,-92.01984,America/Chicago
Lake Arthur,LA,30.08076,-92.67153,America/Chicago
Lake Charles,LA,30.21309,-93.2044,America/Chicago
Lake Providence,LA,32.80499,-91.17098,America/Chicago
Lakeshore,LA,32.53514,-92.02958,America/Chicago
Laplace,LA,30.06698,-90.48147,America/Chicago
Larose,LA,29.57244,-90.38175,America/Chicago
Lawtell,LA,30.51853,-92.18485,America/Chicago
Lecompte,LA,31.09463,-92.40041,America/Chicago
Leesville,LA,31.14352,-93.261,America/Chicago
Leonville,LA,30.47047,-91.97845,America/Chicago
Livingston,LA,30.50213,-90.74787,America/Chicago
Livonia,LA,30.55908,-91.55594,America/Chicago
Lockport,LA,29.64605,-90.53925,America/Chicago
Lockport Heights,LA,29.65049,-90.54647,America/Chicago
Logansport,LA,31.97545,-93.99797,America/Chicago
Luling,LA,29.93215,-90.36647,America/Chicago
Lutcher,LA,30.04048,-90.69898,America/Chicago
Mamou,LA,30.63381,-92.4193,America/Chicago
Mandeville,LA,30.35825,-90.06563,America/Chicago
Mansfield,LA,32.03766,-93.70018,America/Chicago
Mansura,LA,31.05797,-92.04901,America/Chicago
Many,LA,31.56878,-93.48406,America/Chicago
Maringouin,LA,30.4913,-91.51955,America/Chicago
Marksville,LA,31.12797,-92.06624,America/Chicago
Marrero,LA,29.89937,-90.10035,America/Chicago
Mathews,LA,29.68632,-90.54675,America/Chicago
Maurice,LA,30.10854,-92.12457,America/Chicago
Melville,LA,30.69297,-91.744,America/Chicago
Meraux,LA,29.93017,-89.91623,America/Chicago
Merrydale,LA,30.5013,-91.10844,America/Chicago
Merryville,LA,30.75437,-93.54045,America/Chicago
Metairie,LA,29.98409,-90.15285,America/Chicago
Metairie Terrace,LA,29.97854,-90.16396,America/Chicago
Midway,LA,31.69212,-92.15236,America/Chicago
Milton,LA,30.10381,-92.07651,America/Chicago
Minden,LA,32.61543,-93.28684,America/Chicago
Minorca,LA,31.57933,-91.48179,America/Chicago
Monroe,LA,32.50931,-92.1193,America/Chicago
Montegut,LA,30.07076,-90.50203,America/Chicago
Montegut,LA,29.47439,-90.55703,America/Chicago
Monticello,LA,32.59653,-91.394,America/Chicago
Monticello,LA,30.48908,-91.04872,America/Chicago
Montz,LA,30.00687,-90.46869,America/Chicago
Morgan City,LA,29.69937,-91.20677,America/Chicago
Moss Bluff,LA,30.3027,-93.19071,America/Chicago
Napoleonville,LA,29.94048,-91.02482,America/Chicago
Natalbany,LA,30.54622,-90.48619,America/Chicago
Natchitoches,LA,31.76072,-93.08627,America/Chicago
New Iberia,LA,30.00354,-91.81873,America/Chicago
New Llano,LA,31.11491,-93.27155,America/Chicago
New Orleans,LA,29.95465,-90.07507,America/Chicago
New Roads,LA,30.70157,-91.43622,America/Chicago
New Sarpy,LA,29.97817,-90.38963,America/Chicago
Newellton,LA,32.07265,-91.24095,America/Chicago
Norco,LA,29.99909,-90.4123,America/Chicago
North Vacherie,LA,29.99687,-90.70565,America/Chicago
Oak Grove,LA,32.86096,-91.38845,America/Chicago
Oak Hills Place,LA,30.35992,-91.0876,America/Chicago
Oakdale,LA,30.81603,-92.66042,America/Chicago
Oberlin,LA,30.6202,-92.76265,America/Chicago
Old Jefferson,LA,30.38269,-91.01705,America/Chicago
Olla,LA,31.90294,-92.24319,America/Chicago
Opelousas,LA,30.53353,-92.08151,America/Chicago
Ossun,LA,30.27603,-92.11235,America/Chicago
Paradis,LA,29.87965,-90.43397,America/Chicago
Patterson,LA,29.69326,-91.30205,America/Chicago
Paulina,LA,30.02631,-90.71315,America/Chicago
Pearl River,LA,30.37603,-89.7484,America/Chicago
Pierre Part,LA,29.9652,-91.20316,America/Chicago
Pine Prairie,LA,30.78381,-92.42541,America/Chicago
Pineville,LA,31.3224,-92.4343,America/Chicago
Plaquemine,LA,30.29005,-91.23497,America/Chicago
Ponchatoula,LA,30.4388,-90.44148,America/Chicago
Port Allen,LA,30.45214,-91.21011,America/Chicago
Port Barre,LA,30.5602,-91.95401,America/Chicago
Port Sulphur,LA,29.48049,-89.69395,America/Chicago
Poydras,LA,29.86937,-89.88895,America/Chicago
Prairieville,LA,30.30297,-90.97205,America/Chicago
Presquille,LA,29.56383,-90.6462,America/Chicago
Prien,LA,30.18187,-93.27377,America/Chicago
Raceland,LA,29.72743,-90.59898,America/Chicago
Rayne,LA,30.23493,-92.26846,America/Chicago
Rayville,LA,32.47736,-91.75485,America/Chicago
Red Chute,LA,32.55598,-93.61323,America/Chicago
Reserve,LA,30.05381,-90.55175,America/Chicago
Richwood,LA,32.44876,-92.08486,America/Chicago
Ringgold,LA,32.32849,-93.27989,America/Chicago
River Ridge,LA,29.9602,-90.21563,America/Chicago
Roseland,LA,30.76491,-90.51176,America/Chicago
Rosepine,LA,30.91991,-93.28239,America/Chicago
Ruston,LA,32.52321,-92.63793,America/Chicago
Saint Francisville,LA,30.7799,-91.3765,America/Chicago
Saint Gabriel,LA,30.2577,-91.09927,America/Chicago
Saint Joseph,LA,31.91849,-91.23345,America/Chicago
Saint Martinville,LA,30.1252,-91.83345,America/Chicago
Saint Rose,LA,29.94687,-90.32313,America/Chicago
Schriever,LA,29.74215,-90.81037,America/Chicago
Scott,LA,30.23576,-92.09457,America/Chicago
Shenandoah,LA,30.4013,-91.00094,America/Chicago
Shreveport,LA,32.52515,-93.75018,America/Chicago
Sibley,LA,32.53932,-93.29628,America/Chicago
Simmesport,LA,30.98352,-91.80012,America/Chicago
Slidell,LA,30.27519,-89.78117,America/Chicago
Sorrento,LA,30.18436,-90.85926,America/Chicago
South Vacherie,LA,29.94283,-90.69348,America/Chicago
Springhill,LA,33.00597,-93.46684,America/Chicago
Sterlington,LA,32.69625,-92.08597,America/Chicago
Stonewall,LA,32.28183,-93.82407,America/Chicago
Sulphur,LA,30.23659,-93.37738,America/Chicago
Sunset,LA,30.41131,-92.06845,America/Chicago
Supreme,LA,29.85937,-90.98121,America/Chicago
Swartz,LA,32.56875,-91.98513,America/Chicago
Tallulah,LA,32.40848,-91.18678,America/Chicago
Terrytown,LA,29.91021,-90.03257,America/Chicago
Thibodaux,LA,29.79576,-90.82287,America/Chicago
Timberlane,LA,29.87743,-90.03202,America/Chicago
Urania,LA,31.86378,-92.29597,America/Chicago
Vidalia,LA,31.56544,-91.42595,America/Chicago
Vienna Bend,LA,31.73239,-93.041,America/Chicago
Village Saint George,LA,30.36214,-91.06733,America/Chicago
Ville Platte,LA,30.68797,-92.27152,America/Chicago
Vinton,LA,30.19076,-93.58127,America/Chicago
Violet,LA,29.89576,-89.89784,America/Chicago
Vivian,LA,32.87153,-93.9874,America/Chicago
Waggaman,LA,29.91854,-90.21091,America/Chicago
Walker,LA,30.48797,-90.86149,America/Chicago
Watson,LA,30.57574,-90.95316,America/Chicago
Welsh,LA,30.23604,-92.82265,America/Chicago
West Ferriday,LA,31.64044,-91.57318,America/Chicago
West Monroe,LA,32.51848,-92.14764,America/Chicago
Westlake,LA,30.24215,-93.25071,America/Chicago
Westminster,LA,30.4138,-91.0876,America/Chicago
Westwego,LA,29.90604,-90.1423,America/Chicago
White Castle,LA,30.16992,-91.14705,America/Chicago
Winnfield,LA,31.92558,-92.64131,America/Chicago
Winnsboro,LA,32.16321,-91.72068,America/Chicago
Woodmere,LA,29.85798,-90.08035,America/Chicago
Woodworth,LA,31.14658,-92.49736,America/Chicago
Youngsville,LA,30.09965,-91.99012,America/Chicago
Zachary,LA,30.64852,-91.1565,America/Chicago
Zwolle,LA,31.63156,-93.64407,America/Chicago
Aberdeen,MA,42.34454,-71.1495,America/New_York
Abington,MA,42.10482,-70.94532,America/New_York
Acton,MA,42.48509,-71.43284,America/New_York
Acushnet,MA,41.68066,-70.90782,America/New_York
Acushnet Center,MA,41.68508,-70.90642,America/New_York
Adams,MA,42.62425,-73.1176,America/New_York
Agawam,MA,42.06954,-72.61481,America/New_York
Allston,MA,42.35843,-71.12589,America/New_York
Allston/Brighton,MA,42.35569,-71.14231,America/New_York
Amesbury,MA,42.85842,-70.93005,America/New_York
Amherst,MA,42.36723,-72.51852,America/New_York
Amherst Center,MA,42.37537,-72.51925,America/New_York
Andover,MA,42.65843,-71.137,America/New_York
Arlington,MA,42.41537,-71.15644,America/New_York
Ashburnham,MA,42.6362,-71.90785,America/New_York
Ashby,MA,42.67787,-71.82035,America/New_York
Ashfield,MA,42.52647,-72.78843,America/New_York
Ashland,MA,42.26121,-71.4634,America/New_York
Ashmont,MA,42.28343,-71.06894,America/New_York
Assonet,MA,41.79594,-71.06782,America/New_York
Athol,MA,42.59592,-72.22675,America/New_York
Attleboro,MA,41.94454,-71.28561,America/New_York
Auburn,MA,42.19454,-71.83563,America/New_York
Auburndale,MA,42.34732,-71.2495,America/New_York
Avon,MA,42.13066,-71.04116,America/New_York
Ayer,MA,42.5612,-71.58979,America/New_York
Back Bay,MA,42.3501,-71.087,America/New_York
Back of the Hill,MA,42.32926,-71.11102,America/New_York
Baldwinville,MA,42.60842,-72.07591,America/New_York
Barnstable,MA,41.70011,-70.29947,America/New_York
Barre,MA,42.42287,-72.10508,America/New_York
Beacon Hill,MA,42.35871,-71.06783,America/New_York
Beaconsfield,MA,42.33676,-71.14116,America/New_York
Becket,MA,42.33203,-73.08288,America/New_York
Bedford,MA,42.49065,-71.27617,America/New_York
Belchertown,MA,42.27704,-72.40092,America/New_York
Bellevue,MA,42.2876,-71.14533,America/New_York
Bellingham,MA,42.08676,-71.47451,America/New_York
Belmont,MA,42.39593,-71.17867,America/New_York
Bemis,MA,42.36871,-71.20367,America/New_York
Berkley,MA,41.84593,-71.08282,America/New_York
Berkshire Heights,MA,42.18898,-73.369,America/New_York
Berlin,MA,42.3812,-71.63701,America/New_York
Bernardston,MA,42.67092,-72.54953,America/New_York
Beverly,MA,42.55843,-70.88005,America/New_York
Beverly Cove,MA,42.55343,-70.85366,America/New_York
Billerica,MA,42.55843,-71.26895,America/New_York
Blackstone,MA,42.01788,-71.54117,America/New_York
Bliss Corner,MA,41.61177,-70.93837,America/New_York
Bolton,MA,42.43343,-71.60784,America/New_York
Bondsville,MA,42.21259,-72.34536,America/New_York
Boston,MA,42.35843,-71.05977,America/New_York
Boston Seaport,MA,42.34669,-71.04331,America/New_York
Bourne,MA,41.74122,-70.59892,America/New_York
Boxborough,MA,42.49084,-71.52851,America/New_York
Boxford,MA,42.6612,-70.99672,America/New_York
Boylston,MA,42.39176,-71.70368,America/New_York
Braintree,MA,42.20384,-71.00215,America/New_York
Brewster,MA,41.76011,-70.0828,America/New_York
Bridgewater,MA,41.99038,-70.97504,America/New_York
Brighton,MA,42.3501,-71.15644,America/New_York
Brimfield,MA,42.12287,-72.20091,America/New_York
Brockton,MA,42.08343,-71.01838,America/New_York
Brook Farm,MA,42.28859,-71.16303,America/New_York
Brookline,MA,42.33176,-71.12116,America/New_York
Buckland,MA,42.59231,-72.79176,America/New_York
Burlington,MA,42.50482,-71.19561,America/New_York
Buzzards Bay,MA,41.74538,-70.61809,America/New_York
Cambridge,MA,42.3751,-71.10561,America/New_York
Cambridgeport,MA,42.35843,-71.10366,America/New_York
Canton,MA,42.15843,-71.14477,America/New_York
Carlisle,MA,42.52926,-71.3495,America/New_York
Carver,MA,41.88344,-70.76254,America/New_York
Centerville,MA,41.64872,-70.34808,America/New_York
Charlemont,MA,42.62786,-72.86982,America/New_York
Charlestown,MA,42.37787,-71.062,America/New_York
Charlton,MA,42.13565,-71.97007,America/New_York
Chatham,MA,41.68206,-69.95974,America/New_York
Chelmsford,MA,42.59981,-71.36728,America/New_York
Chelsea,MA,42.39176,-71.03283,America/New_York
Chesterfield,MA,42.39175,-72.83982,America/New_York
Chestnut Hill,MA,42.33065,-71.16616,America/New_York
Chicopee,MA,42.1487,-72.60787,America/New_York
Clarendon Hills,MA,42.2751,-71.1245,America/New_York
Clinton,MA,42.41676,-71.68285,America/New_York
Cochituate,MA,42.32093,-71.36423,America/New_York
Cohasset,MA,42.24177,-70.80365,America/New_York
Colrain,MA,42.67314,-72.69676,America/New_York
Concord,MA,42.46037,-71.34895,America/New_York
Conway,MA,42.50981,-72.69953,America/New_York
Coolidge Corner,MA,42.34593,-71.1245,America/New_York
Cordaville,MA,42.26898,-71.52395,America/New_York
Cotuit,MA,41.61678,-70.43697,America/New_York
Dalton,MA,42.4737,-73.16621,America/New_York
Danvers,MA,42.57509,-70.93005,America/New_York
Dedham,MA,42.24177,-71.16616,America/New_York
Dennis,MA,41.73539,-70.19391,America/New_York
Dennis Port,MA,41.65845,-70.12863,America/New_York
Devens,MA,42.5447,-71.61318,America/New_York
Dighton,MA,41.81399,-71.12032,America/New_York
Dorchester,MA,42.29732,-71.0745,America/New_York
Douglas,MA,42.05426,-71.73951,America/New_York
Dover,MA,42.24593,-71.28283,America/New_York
Dracut,MA,42.67037,-71.30201,America/New_York
Dudley,MA,42.0451,-71.93007,America/New_York
Dunstable,MA,42.67509,-71.48284,America/New_York
Duxbury,MA,42.04177,-70.67226,America/New_York
East Boston,MA,42.3751,-71.03922,America/New_York
East Bridgewater,MA,42.03343,-70.95921,America/New_York
East Brookfield,MA,42.22787,-72.04674,America/New_York
East Cambridge,MA,42.36676,-71.08005,America/New_York
East Dennis,MA,41.74261,-70.16196,America/New_York
East Douglas,MA,42.07232,-71.7134,America/New_York
East Falmouth,MA,41.57844,-70.55864,America/New_York
East Harwich,MA,41.70011,-70.02724,America/New_York
East Longmeadow,MA,42.06454,-72.51259,America/New_York
East Pepperell,MA,42.66537,-71.57312,America/New_York
East Sandwich,MA,41.74177,-70.45169,America/New_York
East Somerville,MA,42.38673,-71.0839,America/New_York
Eastham,MA,41.83011,-69.97391,America/New_York
Easthampton,MA,42.26676,-72.66898,America/New_York
Easton,MA,42.02454,-71.12866,America/New_York
Edgartown,MA,41.38901,-70.51336,America/New_York
Erving,MA,42.60009,-72.39814,America/New_York
Essex,MA,42.63204,-70.78283,America/New_York
Everett,MA,42.40843,-71.05366,America/New_York
Fairhaven,MA,41.6376,-70.90365,America/New_York
Fairmount,MA,42.25149,-71.11477,America/New_York
Fall River,MA,41.70149,-71.15505,America/New_York
Falmouth,MA,41.5515,-70.61475,America/New_York
Faneuil,MA,42.35565,-71.16339,America/New_York
Fenway/Kenmore,MA,42.34491,-71.10017,America/New_York
Fiskdale,MA,42.11621,-72.11341,America/New_York
Fitchburg,MA,42.58342,-71.8023,America/New_York
Forestdale,MA,41.69177,-70.49947,America/New_York
Foxborough,MA,42.06538,-71.24783,America/New_York
Framingham,MA,42.27926,-71.41617,America/New_York
Framingham Center,MA,42.29732,-71.43701,America/New_York
Franklin,MA,42.08343,-71.39673,America/New_York
Freetown,MA,41.76677,-71.03282,America/New_York
Gardner,MA,42.57509,-71.99813,America/New_York
Gill,MA,42.64036,-72.49953,America/New_York
Gloucester,MA,42.61405,-70.66313,America/New_York
Grafton,MA,42.20704,-71.68562,America/New_York
Granby,MA,42.25648,-72.5162,America/New_York
Granville,MA,42.06676,-72.86149,America/New_York
Great Barrington,MA,42.19592,-73.36206,America/New_York
Green Harbor-Cedar Crest,MA,42.07495,-70.65843,America/New_York
Greenfield,MA,42.58759,-72.59953,America/New_York
Groton,MA,42.6112,-71.57451,America/New_York
Grove Hall,MA,42.31121,-71.0745,America/New_York
Groveland,MA,42.76037,-71.03145,America/New_York
Hadley,MA,42.34176,-72.58842,America/New_York
Halifax,MA,41.99121,-70.86199,America/New_York
Hamilton Worcester,MA,42.2562,-71.76757,America/New_York
Hampden,MA,42.06398,-72.41342,America/New_York
Hanover,MA,42.11316,-70.81199,America/New_York
Hanson,MA,42.0751,-70.88004,America/New_York
Hardwick,MA,42.35009,-72.19952,America/New_York
Harvard,MA,42.50009,-71.58284,America/New_York
Harwich,MA,41.68622,-70.07585,America/New_York
Harwich Center,MA,41.69235,-70.06938,America/New_York
Harwich Port,MA,41.66678,-70.07863,America/New_York
Hatfield,MA,42.37092,-72.59814,America/New_York
Haverhill,MA,42.7762,-71.07728,America/New_York
Head of Westport,MA,41.62094,-71.06199,America/New_York
Highland,MA,42.28538,-71.15672,America/New_York
Hingham,MA,42.24177,-70.88977,America/New_York
Hinsdale,MA,42.4387,-73.12538,America/New_York
Holbrook,MA,42.1551,-71.00866,America/New_York
Holden,MA,42.35176,-71.86341,America/New_York
Holland,MA,42.06398,-72.1573,America/New_York
Holliston,MA,42.2001,-71.4245,America/New_York
Holyoke,MA,42.20426,-72.6162,America/New_York
Hopedale,MA,42.13065,-71.54117,America/New_York
Hopkinton,MA,42.22871,-71.52256,America/New_York
Housatonic,MA,42.25425,-73.36622,America/New_York
Hubbardston,MA,42.4737,-72.00619,America/New_York
Hudson,MA,42.39176,-71.56618,America/New_York
Hull,MA,42.30204,-70.90782,America/New_York
Hyannis,MA,41.65289,-70.2828,America/New_York
Hyde Park,MA,42.25565,-71.1245,America/New_York
Ipswich,MA,42.67926,-70.84116,America/New_York
Jamaica Plain,MA,42.30982,-71.12033,America/New_York
Jeffries Point,MA,42.36538,-71.03283,America/New_York
Kendall Square,MA,42.365,-71.08554,America/New_York
Kingston,MA,41.99455,-70.72448,America/New_York
Lancaster,MA,42.45565,-71.67312,America/New_York
Lanesborough,MA,42.51731,-73.22816,America/New_York
Lawrence,MA,42.70704,-71.16311,America/New_York
Lee,MA,42.30425,-73.24816,America/New_York
Leicester,MA,42.24593,-71.90868,America/New_York
Lenox,MA,42.35648,-73.28483,America/New_York
Leominster,MA,42.52509,-71.75979,America/New_York
Leverett,MA,42.45203,-72.50148,America/New_York
Lexington,MA,42.44732,-71.2245,America/New_York
Lincoln,MA,42.42593,-71.30395,America/New_York
Littleton Common,MA,42.54593,-71.47451,America/New_York
Longmeadow,MA,42.0501,-72.58287,America/New_York
Lowell,MA,42.63342,-71.31617,America/New_York
Lower Allston,MA,42.36465,-71.12583,America/New_York
Ludlow,MA,42.16009,-72.47592,America/New_York
Lunenburg,MA,42.59453,-71.72452,America/New_York
Lynn,MA,42.46676,-70.94949,America/New_York
Lynnfield,MA,42.53898,-71.04811,America/New_York
Malden,MA,42.4251,-71.06616,America/New_York
Manchester-by-the-Sea,MA,42.57787,-70.76894,America/New_York
Mansfield,MA,42.03343,-71.21894,America/New_York
Mansfield Center,MA,42.02262,-71.21808,America/New_York
Marblehead,MA,42.5001,-70.85783,America/New_York
Marion,MA,41.7001,-70.76281,America/New_York
Marion Center,MA,41.70424,-70.76286,America/New_York
Marlborough,MA,42.34593,-71.55229,America/New_York
Marshfield,MA,42.09177,-70.70559,America/New_York
Marshfield Hills,MA,42.14594,-70.73976,America/New_York
Marstons Mills,MA,41.65622,-70.41614,America/New_York
Mashpee,MA,41.64844,-70.48114,America/New_York
Mattapan,MA,42.27232,-71.087,America/New_York
Mattapoisett,MA,41.65844,-70.81615,America/New_York
Mattapoisett Center,MA,41.66595,-70.8072,America/New_York
Maynard,MA,42.43343,-71.44951,America/New_York
Medfield,MA,42.1876,-71.30645,America/New_York
Medford,MA,42.41843,-71.10616,America/New_York
Medway,MA,42.14176,-71.39673,America/New_York
Melrose,MA,42.45843,-71.06616,America/New_York
Mendon,MA,42.10565,-71.55229,America/New_York
Merrimac,MA,42.83065,-71.00228,America/New_York
Methuen,MA,42.7262,-71.19089,America/New_York
Mid-Cambridge,MA,42.37205,-71.10598,America/New_York
Middleborough,MA,41.89316,-70.91115,America/New_York
Middleborough Center,MA,41.8946,-70.92618,America/New_York
Middleton,MA,42.59509,-71.01616,America/New_York
Milford,MA,42.13982,-71.51617,America/New_York
Millbury,MA,42.19398,-71.76007,America/New_York
Millers Falls,MA,42.58203,-72.49259,America/New_York
Millis,MA,42.1676,-71.35784,America/New_York
Millis-Clicquot,MA,42.1648,-71.35442,America/New_York
Millville,MA,42.02788,-71.5809,America/New_York
Milton,MA,42.24954,-71.06616,America/New_York
Milton Center,MA,42.25427,-71.08005,America/New_York
Milton Upper Mills,MA,42.26121,-71.09533,America/New_York
Milton Village,MA,42.26677,-71.07172,America/New_York
Mission Hill,MA,42.33437,-71.10845,America/New_York
Monson,MA,42.10426,-72.31897,America/New_York
Monson Center,MA,42.09898,-72.30481,America/New_York
Montague,MA,42.53564,-72.53509,America/New_York
Monument Beach,MA,41.71955,-70.61198,America/New_York
Nahant,MA,42.42649,-70.91894,America/New_York
Nantucket,MA,41.28346,-70.09946,America/New_York
Natick,MA,42.28343,-71.3495,America/New_York
Needham,MA,42.28343,-71.23283,America/New_York
New Bedford,MA,41.63526,-70.92701,America/New_York
New Marlborough,MA,42.12287,-73.22872,America/New_York
Newburyport,MA,42.81259,-70.87728,America/New_York
Newton,MA,42.33704,-71.20922,America/New_York
Newton Center,MA,42.33065,-71.1995,America/New_York
Newton Corner,MA,42.36121,-71.19533,America/New_York
Newton Highlands,MA,42.32093,-71.1995,America/New_York
Newton Lower Falls,MA,42.32926,-71.25367,America/New_York
Newton Upper Falls,MA,42.31399,-71.2195,America/New_York
Newtonville,MA,42.3501,-71.20367,America/New_York
Nonantum,MA,42.3626,-71.20228,America/New_York
Norfolk,MA,42.11954,-71.32506,America/New_York
North Adams,MA,42.70092,-73.10871,America/New_York
North Amherst,MA,42.41037,-72.53092,America/New_York
North Andover,MA,42.6987,-71.13506,America/New_York
North Attleborough Center,MA,41.97263,-71.32474,America/New_York
North Brighton,MA,42.35843,-71.13839,America/New_York
North Brookfield,MA,42.26676,-72.08285,America/New_York
North Chicopee,MA,42.18343,-72.59953,America/New_York
North Eastham,MA,41.86511,-69.99113,America/New_York
North End,MA,42.3651,-71.0545,America/New_York
North Falmouth,MA,41.64594,-70.61836,America/New_York
North Lakeville,MA,41.8576,-70.94226,America/New_York
North Pembroke,MA,42.09316,-70.79254,America/New_York
North Plymouth,MA,41.97094,-70.68281,America/New_York
North Reading,MA,42.57509,-71.07867,America/New_York
North Scituate,MA,42.21899,-70.7856,America/New_York
North Seekonk,MA,41.88927,-71.33005,America/New_York
North Westport,MA,41.66038,-71.08838,America/New_York
Northampton,MA,42.32509,-72.6412,America/New_York
Northborough,MA,42.31954,-71.64118,America/New_York
Northbridge,MA,42.15148,-71.64951,America/New_York
Northfield,MA,42.69592,-72.45287,America/New_York
Northwest Harwich,MA,41.69029,-70.1025,America/New_York
Norton,MA,41.96677,-71.18699,America/New_York
Norton Center,MA,41.97254,-71.18535,America/New_York
Norwell,MA,42.16177,-70.79393,America/New_York
Norwood,MA,42.19454,-71.1995,America/New_York
Oak Bluffs,MA,41.45428,-70.56197,America/New_York
Oak Hill Park,MA,42.29454,-71.18561,America/New_York
Oakham,MA,42.35287,-72.04535,America/New_York
Ocean Bluff-Brant Rock,MA,42.10234,-70.65736,America/New_York
Ocean Grove,MA,41.72927,-71.20921,America/New_York
Onset,MA,41.74177,-70.65781,America/New_York
Orange,MA,42.59036,-72.30981,America/New_York
Orient Heights,MA,42.3876,-71.00366,America/New_York
Orleans,MA,41.78983,-69.98974,America/New_York
Osterville,MA,41.62844,-70.38697,America/New_York
Otis,MA,42.19315,-73.09177,America/New_York
Oxford,MA,42.11676,-71.86479,America/New_York
Palmer,MA,42.15843,-72.32869,America/New_York
Paxton,MA,42.3112,-71.92813,America/New_York
Peabody,MA,42.52787,-70.92866,America/New_York
Pelham,MA,42.39315,-72.4037,America/New_York
Pepperell,MA,42.66592,-71.5884,America/New_York
Phillipston,MA,42.5487,-72.13286,America/New_York
Pinehurst,MA,42.52926,-71.22811,America/New_York
Pittsfield,MA,42.45008,-73.24538,America/New_York
Plainville,MA,42.00427,-71.33283,America/New_York
Plymouth,MA,41.95844,-70.66726,America/New_York
Plympton,MA,41.95288,-70.81448,America/New_York
Pocasset,MA,41.68622,-70.61614,America/New_York
Princeton,MA,42.4487,-71.8773,America/New_York
Provincetown,MA,42.05295,-70.1864,America/New_York
Quincy,MA,42.25288,-71.00227,America/New_York
Randolph,MA,42.1626,-71.04116,America/New_York
Raynham,MA,41.94871,-71.0731,America/New_York
Raynham Center,MA,41.92371,-71.05227,America/New_York
Reading,MA,42.52565,-71.09533,America/New_York
Readville,MA,42.24038,-71.137,America/New_York
Rehoboth,MA,41.84038,-71.24949,America/New_York
Reservoir,MA,42.33482,-71.14839,America/New_York
Revere,MA,42.40843,-71.01199,America/New_York
Richmond,MA,42.37314,-73.36761,America/New_York
Rochester,MA,41.73177,-70.82004,America/New_York
Rockland,MA,42.13066,-70.91616,America/New_York
Rockport,MA,42.65565,-70.62032,America/New_York
Roslindale,MA,42.29121,-71.1245,America/New_York
Rowley,MA,42.71676,-70.87866,America/New_York
Roxbury Crossing,MA,42.33065,-71.09116,America/New_York
Royalston,MA,42.67759,-72.18786,America/New_York
Rutland,MA,42.36954,-71.94813,America/New_York
Sagamore,MA,41.77011,-70.52836,America/New_York
Salem,MA,42.51977,-70.89552,America/New_York
Salisbury,MA,42.84176,-70.86061,America/New_York
Sandwich,MA,41.759,-70.49392,America/New_York
Saugus,MA,42.46482,-71.01005,America/New_York
Savin Hill,MA,42.3126,-71.05783,America/New_York
Scituate,MA,42.19593,-70.72587,America/New_York
Seekonk,MA,41.80843,-71.337,America/New_York
Sharon,MA,42.12371,-71.17866,America/New_York
Sheffield,MA,42.11037,-73.35511,America/New_York
Shelburne,MA,42.58981,-72.68842,America/New_York
Shelburne Falls,MA,42.60425,-72.73926,America/New_York
Sherborn,MA,42.23899,-71.36978,America/New_York
Shirley,MA,42.5437,-71.64951,America/New_York
Shrewsbury,MA,42.29593,-71.71285,America/New_York
Shutesbury,MA,42.45648,-72.40981,America/New_York
Smith Mills,MA,41.63899,-70.99115,America/New_York
Somerset,MA,41.76955,-71.12866,America/New_York
Somerville,MA,42.3876,-71.0995,America/New_York
South Amherst,MA,42.34037,-72.50509,America/New_York
South Ashburnham,MA,42.61037,-71.93897,America/New_York
South Boston,MA,42.33343,-71.04949,America/New_York
South Deerfield,MA,42.47731,-72.60787,America/New_York
South Dennis,MA,41.68956,-70.15641,America/New_York
South Duxbury,MA,42.02316,-70.68281,America/New_York
South Hadley,MA,42.25842,-72.57453,America/New_York
South Lancaster,MA,42.44454,-71.68701,America/New_York
South Peabody,MA,42.50982,-70.94949,America/New_York
South Yarmouth,MA,41.66678,-70.18474,America/New_York
Southampton,MA,42.22926,-72.73009,America/New_York
Southborough,MA,42.30565,-71.52451,America/New_York
Southbridge,MA,42.0751,-72.03341,America/New_York
Southwick,MA,42.05482,-72.77037,America/New_York
Spencer,MA,42.24398,-71.9923,America/New_York
Spring Hill,MA,42.38591,-71.10927,America/New_York
Springfield,MA,42.10148,-72.58981,America/New_York
Sterling,MA,42.43759,-71.76063,America/New_York
Stockbridge,MA,42.28759,-73.32039,America/New_York
Stoneham,MA,42.4801,-71.0995,America/New_York
Stoughton,MA,42.1251,-71.10227,America/New_York
Stow,MA,42.43704,-71.50562,America/New_York
Sturbridge,MA,42.10843,-72.07869,America/New_York
Sudbury,MA,42.38343,-71.41617,America/New_York
Suffolk Downs Station,MA,42.38982,-70.99783,America/New_York
Sunderland,MA,42.24454,-71.77174,America/New_York
Sutton,MA,42.1501,-71.76285,America/New_York
Swampscott,MA,42.47093,-70.91755,America/New_York
Swansea,MA,41.74816,-71.18977,America/New_York
Taunton,MA,41.9001,-71.08977,America/New_York
Teaticket,MA,41.56455,-70.59586,America/New_York
Templeton,MA,42.55564,-72.06758,America/New_York
Ten Hills,MA,42.39676,-71.087,America/New_York
Tewksbury,MA,42.61065,-71.23422,America/New_York
Thompsonville,MA,42.31538,-71.18422,America/New_York
Three Rivers,MA,42.1812,-72.36064,America/New_York
Topsfield,MA,42.63759,-70.9495,America/New_York
Townsend,MA,42.66676,-71.70507,America/New_York
Truro,MA,41.99344,-70.04975,America/New_York
Tufts University,MA,42.40745,-71.1192,America/New_York
Turners Falls,MA,42.60425,-72.55648,America/New_York
Tyngsboro,MA,42.67676,-71.42451,America/New_York
Union Square,MA,42.37972,-71.09653,America/New_York
Uphams Corner,MA,42.31676,-71.06061,America/New_York
Upton,MA,42.17454,-71.60229,America/New_York
Uxbridge,MA,42.07732,-71.62951,America/New_York
"VA Boston Healthcare System, Brockton Campus",MA,42.36638,-71.05896,America/New_York
Vineyard Haven,MA,41.45398,-70.6012,America/New_York
Wakefield,MA,42.50648,-71.07283,America/New_York
Wales,MA,42.06954,-72.2223,America/New_York
Walpole,MA,42.14177,-71.2495,America/New_York
Waltham,MA,42.37649,-71.23561,America/New_York
Ware,MA,42.25981,-72.2398,America/New_York
Wareham Center,MA,41.76677,-70.72615,America/New_York
Warren,MA,42.21259,-72.19119,America/New_York
Watertown,MA,42.37093,-71.18283,America/New_York
Watertown Square,MA,42.36531,-71.18462,America/New_York
Wayland,MA,42.3626,-71.36145,America/New_York
Webster,MA,42.0501,-71.88007,America/New_York
Wellesley,MA,42.29649,-71.29256,America/New_York
Wellfleet,MA,41.93761,-70.0328,America/New_York
Wendell,MA,42.54814,-72.39675,America/New_York
Wenham,MA,42.60426,-70.89116,America/New_York
West Barnstable,MA,41.70566,-70.37447,America/New_York
West Boylston,MA,42.36676,-71.78563,America/New_York
West Bridgewater,MA,42.01899,-71.00782,America/New_York
West Brookfield,MA,42.23537,-72.14119,America/New_York
West Cambridge/Harvard Square,MA,42.37247,-71.11947,America/New_York
West Chatham,MA,41.68122,-69.99113,America/New_York
West Concord,MA,42.45843,-71.39534,America/New_York
West Dennis,MA,41.66456,-70.1728,America/New_York
West Falmouth,MA,41.60427,-70.63447,America/New_York
West Fens,MA,42.34298,-71.09839,America/New_York
West Newbury,MA,42.80148,-70.98978,America/New_York
West Newton,MA,42.3501,-71.23283,America/New_York
West Roxbury,MA,42.27926,-71.1495,America/New_York
West Somerville/Davis Square,MA,42.39593,-71.12255,America/New_York
West Springfield,MA,42.10704,-72.62037,America/New_York
West Stockbridge,MA,42.34592,-73.36622,America/New_York
West Tisbury,MA,41.38122,-70.67447,America/New_York
West Wareham,MA,41.78983,-70.76031,America/New_York
West Yarmouth,MA,41.65011,-70.24113,America/New_York
Westborough,MA,42.26954,-71.61618,America/New_York
Westfield,MA,42.12509,-72.74954,America/New_York
Westford,MA,42.57926,-71.43784,America/New_York
Westhampton,MA,42.30287,-72.77454,America/New_York
Westminster,MA,42.54592,-71.91063,America/New_York
Weston,MA,42.36676,-71.30311,America/New_York
Westwood,MA,42.21399,-71.2245,America/New_York
Weweantic,MA,41.73538,-70.73198,America/New_York
Weymouth,MA,42.22093,-70.93977,America/New_York
Whately,MA,42.43981,-72.63481,America/New_York
White Island Shores,MA,41.8001,-70.63475,America/New_York
Whitinsville,MA,42.11121,-71.66618,America/New_York
Whitman,MA,42.08066,-70.9356,America/New_York
Wilbraham,MA,42.12371,-72.43147,America/New_York
Williamsburg,MA,42.39314,-72.73009,America/New_York
Williamstown,MA,42.71202,-73.20372,America/New_York
Wilmington,MA,42.54648,-71.17367,America/New_York
Winchendon,MA,42.6862,-72.04397,America/New_York
Winchester,MA,42.45232,-71.137,America/New_York
Winter Hill,MA,42.39593,-71.09894,America/New_York
Winthrop,MA,42.3751,-70.98283,America/New_York
Woburn,MA,42.47926,-71.15228,America/New_York
Worcester,MA,42.26259,-71.80229,America/New_York
Wrentham,MA,42.06677,-71.32811,America/New_York
Yarmouth,MA,41.70567,-70.22863,America/New_York
Yarmouth Port,MA,41.70205,-70.24947,America/New_York
Aberdeen,MD,39.50956,-76.16412,America/New_York
Aberdeen Proving Ground,MD,39.46686,-76.13066,America/New_York
Abingdon,MD,39.46233,-76.27912,America/New_York
Accokeek,MD,38.66762,-77.02831,America/New_York
Adamstown,MD,39.31094,-77.47471,America/New_York
Adelphi,MD,39.00317,-76.97192,America/New_York
Algonquin,MD,38.5829,-76.10577,America/New_York
Allendale,MD,39.28993,-76.68154,America/New_York
Andrews Air Force Base,MD,38.80531,-76.8746,America/New_York
Annapolis,MD,38.97859,-76.49184,America/New_York
Arbutus,MD,39.25455,-76.69997,America/New_York
Arcadia,MD,39.33385,-76.56774,America/New_York
Arden on the Severn,MD,39.06594,-76.57885,America/New_York
Arlington,MD,39.34857,-76.68324,America/New_York
Armistead Gardens,MD,39.30177,-76.54941,America/New_York
Arnold,MD,39.03206,-76.50274,America/New_York
Ashburton,MD,39.32823,-76.6717,America/New_York
Ashton-Sandy Spring,MD,39.14976,-77.00504,America/New_York
Aspen Hill,MD,39.07955,-77.07303,America/New_York
Baden,MD,38.65928,-76.77775,America/New_York
Ballenger Creek,MD,39.3726,-77.43526,America/New_York
Baltimore,MD,39.29038,-76.61219,America/New_York
Baltimore Highlands,MD,39.23316,-76.63663,America/New_York
Baltimore Highlands,MD,39.29342,-76.5661,America/New_York
Barclay,MD,39.31472,-76.61233,America/New_York
Bartonsville,MD,39.3926,-77.35804,America/New_York
Bayview,MD,39.28895,-76.54163,America/New_York
Beechfield,MD,39.27177,-76.69275,America/New_York
Bel Air,MD,39.53594,-76.34829,America/New_York
Bel Air,MD,39.57314,-78.84974,America/New_York
Bel Air North,MD,39.55429,-76.37309,America/New_York
Bel Air South,MD,39.50506,-76.31977,America/New_York
Beltsville,MD,39.03483,-76.90747,America/New_York
Bennsville,MD,38.60929,-77.0122,America/New_York
Berea,MD,39.30961,-76.57801,America/New_York
Berlin,MD,38.32262,-75.21769,America/New_York
Berwyn Heights,MD,38.994,-76.91053,America/New_York
Bethesda,MD,38.98067,-77.10026,America/New_York
Better Waverly,MD,39.32439,-76.60517,America/New_York
Bladensburg,MD,38.93928,-76.93386,America/New_York
Bolton Hill,MD,39.30782,-76.62573,America/New_York
Boonsboro,MD,39.50621,-77.65249,America/New_York
Bowie,MD,38.94278,-76.73028,America/New_York
Bowleys Quarters,MD,39.33539,-76.39024,America/New_York
Bowling Green,MD,39.6237,-78.80446,America/New_York
Braddock Heights,MD,39.41871,-77.5036,America/New_York
Brandywine,MD,38.69678,-76.84775,America/New_York
Brentwood,MD,38.94317,-76.95664,America/New_York
Brewers Hill,MD,39.28417,-76.56462,America/New_York
Bridgeview/Greenlawn,MD,39.30151,-76.65466,America/New_York
Broadway East,MD,39.30846,-76.58882,America/New_York
Brock Hall,MD,38.85011,-76.76108,America/New_York
Broening Manor,MD,39.27424,-76.53783,America/New_York
Brooklyn,MD,39.23039,-76.60219,America/New_York
Brooklyn Park,MD,39.22844,-76.61636,America/New_York
Brookmont,MD,38.94206,-77.12026,America/New_York
Brunswick,MD,39.31427,-77.62777,America/New_York
Bryans Road,MD,38.62706,-77.07303,America/New_York
Buckeystown,MD,39.33482,-77.43165,America/New_York
Burtonsville,MD,39.11122,-76.93248,America/New_York
Butcher's Hill,MD,39.28955,-76.5883,America/New_York
Cabin John,MD,38.97539,-77.15803,America/New_York
California,MD,38.3004,-76.50745,America/New_York
Callaway-Garrison,MD,39.33156,-76.67963,America/New_York
Calverton,MD,39.05761,-76.93581,America/New_York
Cambridge,MD,38.56317,-76.07883,America/New_York
Cameron Village,MD,39.35666,-76.59958,America/New_York
Camp Springs,MD,38.804,-76.90664,America/New_York
Canton,MD,39.28039,-76.56663,America/New_York
Cape Saint Claire,MD,39.04317,-76.44496,America/New_York
Capitol Heights,MD,38.88511,-76.91581,America/New_York
Carney,MD,39.39427,-76.52358,America/New_York
Carroll-South Hilton,MD,39.28579,-76.66691,America/New_York
Carrollton Ridge,MD,39.28232,-76.64886,America/New_York
Catonsville,MD,39.27205,-76.73192,America/New_York
Cavetown,MD,39.64426,-77.58582,America/New_York
Cedmont,MD,39.34668,-76.53452,America/New_York
Cedonia,MD,39.33221,-76.53206,America/New_York
Central Forest Park,MD,39.32677,-76.68833,America/New_York
Central Park Heights,MD,39.34368,-76.67106,America/New_York
Centreville,MD,39.04178,-76.06633,America/New_York
Charles North,MD,39.31058,-76.61709,America/New_York
Charles Village,MD,39.32316,-76.6133,America/New_York
Charlestown,MD,39.26816,-76.70525,America/New_York
Charlestown,MD,39.57373,-75.97495,America/New_York
Charlotte Hall,MD,38.48096,-76.77802,America/New_York
Cherry Hill,MD,39.25483,-76.63441,America/New_York
Chesapeake Beach,MD,38.68623,-76.53468,America/New_York
Chesapeake Ranch Estates,MD,38.34624,-76.41773,America/New_York
Chesapeake Ranch Estates-Drum Point,MD,38.35022,-76.41889,America/New_York
Chester,MD,38.97539,-76.2894,America/New_York
Chestertown,MD,39.209,-76.06661,America/New_York
Cheswolde,MD,39.364,-76.68914,America/New_York
Cheverly,MD,38.92817,-76.91581,America/New_York
Chevy Chase,MD,39.00287,-77.07115,America/New_York
Chevy Chase Village,MD,38.96928,-77.07887,America/New_York
Chillum,MD,38.96372,-76.99081,America/New_York
Chinquapin Park,MD,39.36314,-76.60228,America/New_York
Clarksburg,MD,39.23872,-77.27943,America/New_York
Clinton,MD,38.76511,-76.89831,America/New_York
Clover Hill,MD,39.45621,-77.42887,America/New_York
Cloverly,MD,39.10816,-76.99775,America/New_York
Cobb Island,MD,38.25846,-76.84386,America/New_York
Cockeysville,MD,39.48122,-76.64386,America/New_York
Cold Spring,MD,39.34844,-76.65775,America/New_York
Coldstream Homestead Montebello,MD,39.32294,-76.59547,America/New_York
Colesville,MD,39.07566,-77.00192,America/New_York
College Park,MD,38.98067,-76.93692,America/New_York
Colmar Manor,MD,38.93317,-76.94581,America/New_York
Columbia,MD,39.24038,-76.83942,America/New_York
Concerned Citizens Of Forest Park,MD,39.32314,-76.68369,America/New_York
Coppin Heights/Ash-Co-East,MD,39.307,-76.65725,America/New_York
Coral Hills,MD,38.87039,-76.92108,America/New_York
Cottage City,MD,38.93817,-76.94831,America/New_York
Cresaptown,MD,39.59287,-78.83335,America/New_York
Crisfield,MD,37.98346,-75.85382,America/New_York
Crofton,MD,39.00178,-76.68747,America/New_York
Croom,MD,38.75262,-76.76386,America/New_York
Cross Country,MD,39.36612,-76.69797,America/New_York
Crownsville,MD,39.02844,-76.60135,America/New_York
Cumberland,MD,39.65287,-78.76252,America/New_York
Curtis Bay,MD,39.22677,-76.58802,America/New_York
Cylburn,MD,39.34762,-76.66408,America/New_York
Damascus,MD,39.28844,-77.20387,America/New_York
Darnestown,MD,39.10344,-77.29082,America/New_York
Davidsonville,MD,38.92289,-76.6283,America/New_York
Deale,MD,38.77651,-76.55524,America/New_York
Denton,MD,38.88456,-75.82716,America/New_York
Derwood,MD,39.11733,-77.16109,America/New_York
District Heights,MD,38.85761,-76.88942,America/New_York
Dolfield,MD,39.33772,-76.68031,America/New_York
Dorchester,MD,39.33178,-76.68632,America/New_York
Downtown,MD,39.29107,-76.61518,America/New_York
Druid Heights,MD,39.3083,-76.63708,America/New_York
Drum Point,MD,38.32679,-76.42606,America/New_York
Dundalk,MD,39.25066,-76.52052,America/New_York
Dunkirk,MD,38.72178,-76.66052,America/New_York
Dunkirk Town Center,MD,38.72039,-76.65857,America/New_York
East Arlington,MD,39.33147,-76.66848,America/New_York
East Baltimore Midway,MD,39.31485,-76.60323,America/New_York
East Riverdale,MD,38.958,-76.911,America/New_York
Easterwood,MD,39.30744,-76.65029,America/New_York
Easton,MD,38.77428,-76.07633,America/New_York
Edgemere,MD,39.24205,-76.44802,America/New_York
Edgewater,MD,38.938,-76.557,America/New_York
Edgewood,MD,39.41872,-76.2944,America/New_York
Edmondson Village,MD,39.29511,-76.68164,America/New_York
Edmonston,MD,38.94678,-76.93109,America/New_York
Ednor Gardens-Lakeside,MD,39.33314,-76.5967,America/New_York
Eldersburg,MD,39.40371,-76.95026,America/New_York
Elkridge,MD,39.21261,-76.71358,America/New_York
Elkton,MD,39.60678,-75.83327,America/New_York
Ellicott City,MD,39.26733,-76.79831,America/New_York
Ellwood Park/Monument,MD,39.29717,-76.57219,America/New_York
Emmitsburg,MD,39.70454,-77.32693,America/New_York
Essex,MD,39.30927,-76.47496,America/New_York
Fairland,MD,39.07622,-76.95775,America/New_York
Fairmount Heights,MD,38.90095,-76.91553,America/New_York
Fairwood,MD,38.95665,-76.77772,America/New_York
Fallstaff,MD,39.36844,-76.70664,America/New_York
Fallston,MD,39.51455,-76.41107,America/New_York
Federal Hill,MD,39.27827,-76.61161,America/New_York
Federalsburg,MD,38.69428,-75.77216,America/New_York
Fells Point,MD,39.28261,-76.5933,America/New_York
Ferndale,MD,39.18316,-76.64024,America/New_York
Forest Glen,MD,39.01455,-77.0547,America/New_York
Forest Heights,MD,38.80956,-76.99803,America/New_York
Forest Park,MD,39.32594,-76.68191,America/New_York
Forestville,MD,38.84511,-76.87497,America/New_York
Fort George G Mead Junction,MD,39.12594,-76.78914,America/New_York
Fort Meade,MD,39.10815,-76.74323,America/New_York
Fort Washington,MD,38.70734,-77.02303,America/New_York
Fountainhead-Orchard Hills,MD,39.68636,-77.71901,America/New_York
Four Corners,MD,39.02039,-77.01275,America/New_York
Frankford,MD,39.32928,-76.54463,America/New_York
Franklin Square,MD,39.2904,-76.64277,America/New_York
Franklintown,MD,39.30584,-76.70145,America/New_York
Franklintown Road,MD,39.29738,-76.66758,America/New_York
Frederick,MD,39.41427,-77.41054,America/New_York
Friendly,MD,38.75178,-76.97859,America/New_York
Friendship Village,MD,38.96289,-77.08887,America/New_York
Frostburg,MD,39.65814,-78.92836,America/New_York
Fruitland,MD,38.32206,-75.6202,America/New_York
Fulton,MD,39.15094,-76.92303,America/New_York
Gaithersburg,MD,39.14344,-77.20137,America/New_York
Gambrills,MD,39.081,-76.658,America/New_York
Garrett Park,MD,39.03816,-77.09303,America/New_York
Garrison,MD,39.40594,-76.76053,America/New_York
Garwyn Oaks,MD,39.31785,-76.67933,America/New_York
Gay Street,MD,39.30123,-76.59683,America/New_York
Germantown,MD,39.17316,-77.27165,America/New_York
Glassmanor,MD,38.819,-76.99859,America/New_York
Glen,MD,39.35632,-76.69066,America/New_York
Glen Burnie,MD,39.16261,-76.62469,America/New_York
Glen Oaks,MD,39.36483,-76.59647,America/New_York
Glenarden,MD,38.92928,-76.86164,America/New_York
Glenham-Belhar,MD,39.35003,-76.54858,America/New_York
Glenmont,MD,39.05789,-77.0497,America/New_York
Glenn Dale,MD,38.98761,-76.82053,America/New_York
Goddard,MD,38.98955,-76.85331,America/New_York
Golden Beach,MD,38.48985,-76.68218,America/New_York
Graceland Park,MD,39.28119,-76.53314,America/New_York
Grasonville,MD,38.95817,-76.21023,America/New_York
Greater Upper Marlboro,MD,38.83142,-76.74827,America/New_York
Greektown,MD,39.28542,-76.55425,America/New_York
Green Haven,MD,39.13955,-76.54774,America/New_York
Green Valley,MD,39.30927,-77.29721,America/New_York
Greenbelt,MD,39.00455,-76.87553,America/New_York
Greenmount West,MD,39.30874,-76.6116,America/New_York
Greensboro,MD,38.97372,-75.80493,America/New_York
Greenspring,MD,39.33706,-76.66022,America/New_York
Grove Park,MD,39.34042,-76.70257,America/New_York
Guilford,MD,39.33483,-76.61802,America/New_York
Gwynn Oak,MD,39.33261,-76.69275,America/New_York
Hagerstown,MD,39.64176,-77.71999,America/New_York
Halfway,MD,39.62065,-77.75888,America/New_York
Hamilton Hills,MD,39.36277,-76.56505,America/New_York
Hampden,MD,39.33094,-76.63497,America/New_York
Hampstead,MD,39.60483,-76.84998,America/New_York
Hampton,MD,39.42288,-76.58469,America/New_York
Hancock,MD,39.69898,-78.17973,America/New_York
Hanlon-Longwood,MD,39.31821,-76.66946,America/New_York
Hanover,MD,39.19289,-76.72414,America/New_York
Harlem Park,MD,39.29597,-76.6401,America/New_York
Harwood,MD,39.32078,-76.61125,America/New_York
Havre de Grace,MD,39.54928,-76.09162,America/New_York
Hebron,MD,38.42012,-75.68771,America/New_York
Herald Harbor,MD,39.05372,-76.56913,America/New_York
Highfield-Cascade,MD,39.71616,-77.48282,America/New_York
Highland,MD,39.179,-76.95748,America/New_York
Highlandtown,MD,39.2865,-76.56885,America/New_York
Hillandale,MD,39.0265,-76.97414,America/New_York
Hillcrest Heights,MD,38.83289,-76.95942,America/New_York
Hillen,MD,39.34187,-76.59019,America/New_York
Hillsmere Shores,MD,38.94011,-76.49496,America/New_York
Hollins Market,MD,39.28733,-76.63319,America/New_York
Homeland,MD,39.35816,-76.62441,America/New_York
Howard Park,MD,39.33122,-76.69469,America/New_York
Hughesville,MD,38.53262,-76.78386,America/New_York
Hunt Valley,MD,39.49983,-76.64108,America/New_York
Hunting Ridge,MD,39.29261,-76.70192,America/New_York
Huntingtown,MD,38.61595,-76.61302,America/New_York
Huntingtown Town Center,MD,38.62095,-76.61607,America/New_York
Hurlock,MD,38.62428,-75.85438,America/New_York
Hyattsville,MD,38.95594,-76.94553,America/New_York
Idlewood,MD,39.37011,-76.58913,America/New_York
Ilchester,MD,39.25094,-76.76469,America/New_York
Indian Head,MD,38.60012,-77.1622,America/New_York
Inner Harbor,MD,39.28356,-76.6063,America/New_York
Irvington,MD,39.28288,-76.68608,America/New_York
Jarrettsville,MD,39.60455,-76.47774,America/New_York
Jefferson,MD,39.36205,-77.53165,America/New_York
Jessup,MD,39.14927,-76.77525,America/New_York
Johnston Square,MD,39.30348,-76.60624,America/New_York
Jonestown,MD,39.29086,-76.60366,America/New_York
Joppatowne,MD,39.414,-76.358,America/New_York
Keedysville,MD,39.48621,-77.69971,America/New_York
Kemp Mill,MD,39.039,-77.01914,America/New_York
Kenilworth Park,MD,39.35427,-76.59802,America/New_York
Kensington,MD,39.02567,-77.07637,America/New_York
Kettering,MD,38.88456,-76.81469,America/New_York
Kingstown,MD,39.20483,-76.05133,America/New_York
Kingsville,MD,39.44872,-76.41774,America/New_York
La Plata,MD,38.52929,-76.97525,America/New_York
La Vale,MD,39.65564,-78.81058,America/New_York
Lake Arbor,MD,38.90789,-76.82969,America/New_York
Lake Shore,MD,39.10705,-76.48496,America/New_York
Lake Walker,MD,39.36961,-76.60434,America/New_York
Lakeland,MD,39.25816,-76.6508,America/New_York
Landover,MD,38.934,-76.89664,America/New_York
Landover Hills,MD,38.94317,-76.8922,America/New_York
Langley Park,MD,38.98872,-76.98136,America/New_York
Lanham,MD,38.96875,-76.8634,America/New_York
Lanham-Seabrook,MD,38.96835,-76.85108,America/New_York
Lansdowne,MD,39.24511,-76.66052,America/New_York
Largo,MD,38.89761,-76.83025,America/New_York
Lauraville,MD,39.34669,-76.57154,America/New_York
Laurel,MD,39.09928,-76.84831,America/New_York
Layhill,MD,39.09233,-77.04442,America/New_York
Leisure World,MD,39.1023,-77.06898,America/New_York
Leonardtown,MD,38.29124,-76.63579,America/New_York
Levindale,MD,39.35296,-76.66466,America/New_York
Lexington Park,MD,38.26679,-76.45384,America/New_York
Linganore,MD,39.411,-77.302,America/New_York
Linthicum,MD,39.20511,-76.65275,America/New_York
Loch Raven,MD,39.36142,-76.58183,America/New_York
Lochearn,MD,39.34066,-76.72219,America/New_York
Locust Point,MD,39.26945,-76.59204,America/New_York
Lonaconing,MD,39.56592,-78.9803,America/New_York
Londontowne,MD,38.93345,-76.54941,America/New_York
Long Beach,MD,38.46096,-76.46884,America/New_York
Loyola/Notre Dame,MD,39.3493,-76.62116,America/New_York
Lusby,MD,38.355,-76.437,America/New_York
Lutherville,MD,39.42122,-76.62608,America/New_York
Lutherville-Timonium,MD,39.43997,-76.61099,America/New_York
Madison Park,MD,39.30449,-76.62722,America/New_York
Madison-Eastend,MD,39.30077,-76.57691,America/New_York
Manchester,MD,39.66121,-76.88498,America/New_York
Marlboro Meadows,MD,38.83622,-76.71497,America/New_York
Marlboro Village,MD,38.83054,-76.76965,America/New_York
Marlow Heights,MD,38.83345,-76.95164,America/New_York
Marlton,MD,38.77373,-76.78997,America/New_York
Maryland City,MD,39.09205,-76.81775,America/New_York
Maugansville,MD,39.69287,-77.74472,America/New_York
Mayo,MD,38.88761,-76.5119,America/New_York
Mays Chapel,MD,39.43316,-76.64941,America/New_York
McElderry Park,MD,39.29686,-76.58046,America/New_York
Mechanicsville,MD,38.4429,-76.74385,America/New_York
Medfield,MD,39.34026,-76.64326,America/New_York
Medford,MD,39.27872,-76.54733,America/New_York
Mellwood,MD,38.81039,-76.82414,America/New_York
Mid-Govans,MD,39.35743,-76.60582,America/New_York
Mid-Town Belvedere,MD,39.30406,-76.61659,America/New_York
Middle East,MD,39.30151,-76.58982,America/New_York
Middle River,MD,39.33427,-76.43941,America/New_York
Middletown,MD,39.44371,-77.54471,America/New_York
Midtown-Edmondson,MD,39.29627,-76.65014,America/New_York
Milford Mill,MD,39.34788,-76.76997,America/New_York
Millhill,MD,39.27928,-76.65683,America/New_York
Milton-Montford,MD,39.30062,-76.58312,America/New_York
Mitchellville,MD,38.92,-76.808,America/New_York
Mondawmin,MD,39.31761,-76.65941,America/New_York
Montgomery Village,MD,39.17677,-77.19526,America/New_York
Morgan State University,MD,39.34609,-76.58201,America/New_York
Morningside,MD,38.83011,-76.89136,America/New_York
Morrell Park,MD,39.26455,-76.6608,America/New_York
Mosher,MD,39.29735,-76.6624,America/New_York
Mount Airy,MD,39.37621,-77.1547,America/New_York
Mount Holly,MD,39.31214,-76.67864,America/New_York
Mount Rainier,MD,38.9415,-76.96498,America/New_York
Mount Vernon,MD,39.29761,-76.6158,America/New_York
Mount Washington,MD,39.36427,-76.67275,America/New_York
Mountain Lake Park,MD,39.39843,-79.38171,America/New_York
Myersville,MD,39.5051,-77.56638,America/New_York
National Harbor,MD,38.78264,-77.01506,America/New_York
Naval Academy,MD,38.98568,-76.48774,America/New_York
New Carrollton,MD,38.96983,-76.87997,America/New_York
New Market,MD,39.3826,-77.26943,America/New_York
New Northwood,MD,39.34883,-76.59496,America/New_York
New Southwest/Mount Clare,MD,39.28303,-76.64173,America/New_York
New Windsor,MD,39.54205,-77.10804,America/New_York
North Beach,MD,38.70734,-76.53107,America/New_York
North Bel Air,MD,39.53983,-76.35496,America/New_York
North Bethesda,MD,39.04455,-77.11887,America/New_York
North East,MD,39.60011,-75.94133,America/New_York
North Harford Road,MD,39.36617,-76.54612,America/New_York
North Kensington,MD,39.039,-77.071,America/New_York
North Laurel,MD,39.139,-76.87053,America/New_York
North Potomac,MD,39.08289,-77.26498,America/New_York
North Roland Park/Poplar Hill,MD,39.36694,-76.63962,America/New_York
Northwest Community Action,MD,39.30647,-76.66529,America/New_York
Oakland,MD,39.40787,-79.40671,America/New_York
Ocean City,MD,38.3365,-75.08491,America/New_York
Ocean Pines,MD,38.39539,-75.15574,America/New_York
Odenton,MD,39.084,-76.70025,America/New_York
Old Town,MD,39.294,-76.60719,America/New_York
Oliver,MD,39.30802,-76.5993,America/New_York
Olney,MD,39.15316,-77.06692,America/New_York
Orchard Ridge,MD,39.31324,-76.55828,America/New_York
Original Northwood,MD,39.33982,-76.59678,America/New_York
Otterbein,MD,39.28195,-76.61614,America/New_York
Overlea,MD,39.36344,-76.52052,America/New_York
Owings,MD,38.71762,-76.60135,America/New_York
Owings Mills,MD,39.41955,-76.78025,America/New_York
Oxon Hill,MD,38.80345,-76.9897,America/New_York
Oxon Hill-Glassmanor,MD,38.79615,-76.97499,America/New_York
Panway/Braddish Avenue,MD,39.31287,-76.66267,America/New_York
Paramount-Long Meadow,MD,39.68042,-77.6929,America/New_York
Park Circle,MD,39.32877,-76.66013,America/New_York
Parklane,MD,39.34268,-76.66224,America/New_York
Parkview/Woodbrook,MD,39.3168,-76.64805,America/New_York
Parkville,MD,39.37733,-76.53969,America/New_York
Parole,MD,38.981,-76.545,America/New_York
Pasadena,MD,39.119,-76.57108,America/New_York
Patterson Park Neighborhood,MD,39.29269,-76.57471,America/New_York
Patterson Place,MD,39.29376,-76.5834,America/New_York
Pen Lucy,MD,39.33974,-76.60498,America/New_York
Penn North,MD,39.31212,-76.64259,America/New_York
Penn-Fallsway,MD,39.29753,-76.60867,America/New_York
Penrose/Fayette Street Outreach,MD,39.29112,-76.65739,America/New_York
Peppermill Village,MD,38.89472,-76.88654,America/New_York
Perring Loch,MD,39.35269,-76.58478,America/New_York
Perry Hall,MD,39.41261,-76.46357,America/New_York
Perryman,MD,39.46955,-76.2044,America/New_York
Perryville,MD,39.56011,-76.07134,America/New_York
Pikesville,MD,39.37427,-76.72247,America/New_York
Pittsville,MD,38.39539,-75.41297,America/New_York
Pleasant Hills,MD,39.47955,-76.39413,America/New_York
Pocomoke City,MD,38.07568,-75.56798,America/New_York
Point of Rocks,MD,39.27594,-77.53915,America/New_York
Poolesville,MD,39.14594,-77.41693,America/New_York
Poppleton,MD,39.2911,-76.63293,America/New_York
Potomac,MD,39.01817,-77.20859,America/New_York
Potomac Heights,MD,38.60873,-77.14053,America/New_York
Potomac Park,MD,39.61176,-78.80585,America/New_York
Prince Frederick,MD,38.5404,-76.5844,America/New_York
Princess Anne,MD,38.2029,-75.69243,America/New_York
Pumphrey,MD,39.21733,-76.63719,America/New_York
Queen Anne,MD,38.89872,-76.6783,America/New_York
Queenland,MD,38.80524,-76.79126,America/New_York
Ramblewood,MD,39.36288,-76.58691,America/New_York
Randallstown,MD,39.36733,-76.79525,America/New_York
Redland,MD,39.14539,-77.14415,America/New_York
Reisterstown,MD,39.46976,-76.8319,America/New_York
Reisterstown Station,MD,39.35311,-76.70333,America/New_York
Remington,MD,39.32015,-76.62283,America/New_York
Reservoir Hill,MD,39.31363,-76.63316,America/New_York
Ridgely,MD,38.94789,-75.88438,America/New_York
Rising Sun,MD,39.69789,-76.06273,America/New_York
Riva,MD,38.95206,-76.57802,America/New_York
Riverdale Park,MD,38.96344,-76.93164,America/New_York
Riverside,MD,39.47372,-76.24134,America/New_York
Riverside,MD,39.17344,-76.88525,America/New_York
Riverside,MD,39.27252,-76.60688,America/New_York
Riviera Beach,MD,39.16678,-76.50802,America/New_York
Robinwood,MD,38.95428,-76.51468,America/New_York
Robinwood,MD,39.63704,-77.65694,America/New_York
Rock Hall,MD,39.13817,-76.23495,America/New_York
Rockville,MD,39.084,-77.15276,America/New_York
Rognel Heights,MD,39.294,-76.6858,America/New_York
Roland Park,MD,39.35455,-76.63414,America/New_York
Rosaryville,MD,38.75678,-76.80969,America/New_York
Rosedale,MD,39.32011,-76.51552,America/New_York
Rosemont,MD,39.30443,-76.67054,America/New_York
Rosemont East,MD,39.35557,-76.53841,America/New_York
Rosemont Homeowners/Tenants,MD,39.29434,-76.65759,America/New_York
Rossmoor,MD,39.10372,-77.07109,America/New_York
Rossville,MD,39.33844,-76.47968,America/New_York
Saint Charles,MD,38.60317,-76.93858,America/New_York
Saint James,MD,39.5626,-77.75805,America/New_York
Saint Josephs,MD,39.28535,-76.67516,America/New_York
Saint Michaels,MD,38.78512,-76.22439,America/New_York
Salisbury,MD,38.36067,-75.59937,America/New_York
Sandtown-Winchester,MD,39.30376,-76.64258,America/New_York
Savage,MD,39.13789,-76.82386,America/New_York
Scaggsville,MD,39.14511,-76.90025,America/New_York
Seabrook,MD,38.974,-76.849,America/New_York
Seat Pleasant,MD,38.89622,-76.90664,America/New_York
Selby-on-the-Bay,MD,38.91622,-76.52246,America/New_York
Seton Hill,MD,39.29672,-76.6237,America/New_York
Severn,MD,39.13705,-76.6983,America/New_York
Severna Park,MD,39.07039,-76.54524,America/New_York
Shady Side,MD,38.84178,-76.51218,America/New_York
Sharp-Leadenhall,MD,39.27682,-76.61769,America/New_York
Shipley Hill,MD,39.28631,-76.65711,America/New_York
Silver Hill,MD,38.84178,-76.94581,America/New_York
Silver Spring,MD,38.99067,-77.02609,America/New_York
Smithsburg,MD,39.65482,-77.57277,America/New_York
Snow Hill,MD,38.17706,-75.3927,America/New_York
Solomons,MD,38.31846,-76.45412,America/New_York
Somerset,MD,38.96594,-77.09609,America/New_York
South Baltimore,MD,39.2704,-76.61507,America/New_York
South Bel Air,MD,39.53316,-76.33746,America/New_York
South Gate,MD,39.129,-76.6258,America/New_York
South Kensington,MD,39.013,-77.071,America/New_York
South Laurel,MD,39.06983,-76.85025,America/New_York
Spencerville,MD,39.11427,-76.97831,America/New_York
Spring Ridge,MD,39.40149,-77.35248,America/New_York
Springdale,MD,38.93761,-76.83886,America/New_York
St. Charles,MD,38.60728,-76.92478,America/New_York
Stevensville,MD,38.98067,-76.3144,America/New_York
Suitland,MD,38.84872,-76.92386,America/New_York
Suitland-Silver Hill,MD,38.84685,-76.92591,America/New_York
Summerfield,MD,38.90454,-76.8683,America/New_York
Sykesville,MD,39.37371,-76.96776,America/New_York
Takoma Park,MD,38.97789,-77.00748,America/New_York
Taneytown,MD,39.65788,-77.17443,America/New_York
Temple Hills,MD,38.814,-76.94553,America/New_York
Ten Hills,MD,39.28427,-76.70108,America/New_York
Thurmont,MD,39.62371,-77.41082,America/New_York
Timonium,MD,39.43705,-76.61969,America/New_York
Towson,MD,39.4015,-76.60191,America/New_York
Trappe,MD,38.65845,-76.058,America/New_York
Travilah,MD,39.069,-77.26304,America/New_York
Tuscany-Canterbury,MD,39.33784,-76.6215,America/New_York
Union Square,MD,39.28668,-76.64154,America/New_York
University Park,MD,38.97039,-76.94192,America/New_York
Uplands,MD,39.28994,-76.69288,America/New_York
Upper Fells Point,MD,39.28796,-76.58888,America/New_York
Upper Marlboro,MD,38.81595,-76.74969,America/New_York
Upton,MD,39.30149,-76.63152,America/New_York
Urbana,MD,39.32594,-77.35137,America/New_York
Violetville,MD,39.26761,-76.67441,America/New_York
Wakefield,MD,39.31261,-76.69803,America/New_York
Walbrook,MD,39.309,-76.67136,America/New_York
Waldorf,MD,38.62456,-76.93914,America/New_York
Walker Mill,MD,38.87539,-76.88831,America/New_York
Walkersville,MD,39.48621,-77.35193,America/New_York
Waltherson,MD,39.3465,-76.56274,America/New_York
Washington Hill,MD,39.29152,-76.59467,America/New_York
Washington Village/Pigtown,MD,39.28166,-76.6323,America/New_York
Waverly,MD,39.32844,-76.60608,America/New_York
West Arlington,MD,39.33677,-76.69497,America/New_York
West Elkridge,MD,39.20705,-76.72692,America/New_York
West Forest Park,MD,39.32036,-76.69176,America/New_York
West Hills,MD,39.29736,-76.70662,America/New_York
West Laurel,MD,39.10122,-76.8997,America/New_York
West Ocean City,MD,38.3315,-75.10685,America/New_York
Westernport,MD,39.48537,-79.04475,America/New_York
Westfield,MD,39.35917,-76.55148,America/New_York
Westgate,MD,39.28445,-76.70673,America/New_York
Westminster,MD,39.57538,-76.99581,America/New_York
Westphalia,MD,38.84539,-76.81108,America/New_York
Westport,MD,39.26205,-76.63552,America/New_York
Wheaton,MD,39.03983,-77.05526,America/New_York
White Marsh,MD,39.38372,-76.43218,America/New_York
White Oak,MD,39.03983,-76.99303,America/New_York
Williamsport,MD,39.60065,-77.82055,America/New_York
Wilson-Conococheague,MD,39.65351,-77.83157,America/New_York
Woodlawn,MD,39.32288,-76.72803,America/New_York
Woodlawn,MD,38.94956,-76.89136,America/New_York
Woodmore,MD,38.92122,-76.80303,America/New_York
Woodsboro,MD,39.53316,-77.31471,America/New_York
Yale Heights,MD,39.27612,-76.69056,America/New_York
Acton,ME,43.53425,-70.90978,America/New_York
Addison,ME,44.61841,-67.74416,America/New_York
Albion,ME,44.53229,-69.44254,America/New_York
Alfred,ME,43.47647,-70.71839,America/New_York
Appleton,ME,44.28924,-69.25088,America/New_York
Arundel,ME,43.38259,-70.47783,America/New_York
Auburn,ME,44.09785,-70.23117,America/New_York
Augusta,ME,44.31062,-69.77949,America/New_York
Bangor,ME,44.79884,-68.77265,America/New_York
Bar Harbor,ME,44.38758,-68.2039,America/New_York
Bath,ME,43.91064,-69.8206,America/New_York
Belfast,ME,44.42591,-69.00642,America/New_York
Belgrade,ME,44.44729,-69.83255,America/New_York
Benton,ME,44.58618,-69.55088,America/New_York
Berwick,ME,43.26592,-70.8645,America/New_York
Bethel,ME,44.40423,-70.79062,America/New_York
Biddeford,ME,43.49258,-70.45338,America/New_York
Boothbay,ME,43.87647,-69.63366,America/New_York
Boothbay Harbor,ME,43.8523,-69.6281,America/New_York
Bradford,ME,45.06673,-68.93781,America/New_York
Bradley,ME,44.9209,-68.62809,America/New_York
Brewer,ME,44.79674,-68.76142,America/New_York
Bridgton,ME,44.05479,-70.71284,America/New_York
Bristol,ME,43.95758,-69.50921,America/New_York
Brooks,ME,44.55035,-69.12087,America/New_York
Brownfield,ME,43.93813,-70.90868,America/New_York
Brownville,ME,45.307,-69.03337,America/New_York
Brunswick,ME,43.91452,-69.96533,America/New_York
Buckfield,ME,44.28951,-70.36534,America/New_York
Bucksport,ME,44.57369,-68.79559,America/New_York
Burnham,ME,44.69284,-69.42755,America/New_York
Buxton,ME,43.63786,-70.51894,America/New_York
Calais,ME,45.18376,-67.27662,America/New_York
Camden,ME,44.2098,-69.06476,America/New_York
Canaan,ME,44.76173,-69.56144,America/New_York
Canton,ME,44.4408,-70.31649,America/New_York
Cape Neddick,ME,43.1937,-70.62089,America/New_York
Caribou,ME,46.8606,-68.01197,America/New_York
Carmel,ME,44.79757,-69.05115,America/New_York
Castine,ME,44.38785,-68.79975,America/New_York
Charleston,ME,45.08506,-69.04059,America/New_York
Chelsea,ME,44.25035,-69.71727,America/New_York
Cherryfield,ME,44.6073,-67.92584,America/New_York
Chesterville,ME,44.55117,-70.08617,America/New_York
China,ME,44.47868,-69.51726,America/New_York
Chisholm,ME,44.48145,-70.1995,America/New_York
Clinton,ME,44.63784,-69.5031,America/New_York
Corinna,ME,44.92117,-69.26171,America/New_York
Cornish,ME,43.8048,-70.80117,America/New_York
Cornville,ME,44.83673,-69.67311,America/New_York
Cumberland Center,ME,43.79647,-70.25894,America/New_York
Cushing,ME,44.01925,-69.23977,America/New_York
Damariscotta,ME,44.03286,-69.51866,America/New_York
Dayton,ME,43.54972,-70.57555,America/New_York
Dedham,ME,44.69174,-68.66198,America/New_York
Deer Isle,ME,44.22397,-68.67753,America/New_York
Denmark,ME,43.97035,-70.8034,America/New_York
Dexter,ME,45.02395,-69.28977,America/New_York
Dixfield,ME,44.53395,-70.4559,America/New_York
Dixmont,ME,44.68035,-69.16282,America/New_York
Dover-Foxcroft,ME,45.18339,-69.22699,America/New_York
East Machias,ME,44.73924,-67.38999,America/New_York
East Millinocket,ME,45.62755,-68.57448,America/New_York
Easton,ME,46.64115,-67.90947,America/New_York
Eastport,ME,44.90449,-66.98438,America/New_York
Eddington,ME,44.82618,-68.69337,America/New_York
Edgecomb,ME,43.95841,-69.6306,America/New_York
Eliot,ME,43.15314,-70.80006,America/New_York
Ellsworth,ME,44.54341,-68.41946,America/New_York
Enfield,ME,45.24894,-68.56836,America/New_York
Etna,ME,44.8209,-69.11115,America/New_York
Fairfield,ME,44.5884,-69.59866,America/New_York
Falmouth,ME,43.72953,-70.24199,America/New_York
Falmouth Foreside,ME,43.7348,-70.20783,America/New_York
Farmingdale,ME,44.24451,-69.77143,America/New_York
Farmington,ME,44.67062,-70.15117,America/New_York
Fayette,ME,44.40896,-70.03367,America/New_York
Fort Fairfield,ME,46.77227,-67.83391,America/New_York
Fort Kent,ME,47.25865,-68.58949,America/New_York
Frankfort,ME,44.6098,-68.8767,America/New_York
Franklin,ME,44.58702,-68.23224,America/New_York
Freeport,ME,43.85702,-70.10311,America/New_York
Frenchville,ME,47.28087,-68.37976,America/New_York
Friendship,ME,43.98369,-69.33394,America/New_York
Fryeburg,ME,44.01646,-70.98062,America/New_York
Gardiner,ME,44.23007,-69.77532,America/New_York
Garland,ME,45.0384,-69.16032,America/New_York
Gorham,ME,43.67952,-70.44422,America/New_York
Gouldsboro,ME,44.47841,-68.03834,America/New_York
Greenbush,ME,45.08034,-68.65086,America/New_York
Greene Village,ME,44.18979,-70.14033,America/New_York
Greenville,ME,45.45949,-69.59061,America/New_York
Hallowell,ME,44.2859,-69.79088,America/New_York
Hampden,ME,44.74478,-68.83769,America/New_York
Hancock,ME,44.52924,-68.25363,America/New_York
Harpswell Center,ME,43.80175,-69.98421,America/New_York
Harrison,ME,44.11035,-70.67923,America/New_York
Hartford,ME,44.37284,-70.34673,America/New_York
Hebron,ME,44.19813,-70.40645,America/New_York
Hermon,ME,44.81007,-68.91337,America/New_York
Hiram,ME,43.87868,-70.8034,America/New_York
Hodgdon,ME,46.05394,-67.86668,America/New_York
Holden,ME,44.75285,-68.67892,America/New_York
Hollis Center,ME,43.60508,-70.59311,America/New_York
Hope,ME,44.26508,-69.15893,America/New_York
Houlton,ME,46.12616,-67.8403,America/New_York
Howland,ME,45.23867,-68.66364,America/New_York
Hudson,ME,45.00118,-68.88059,America/New_York
Jay,ME,44.50395,-70.21617,America/New_York
Jefferson,ME,44.20674,-69.45254,America/New_York
Jonesport,ME,44.53286,-67.59833,America/New_York
Kenduskeag,ME,44.91951,-68.9317,America/New_York
Kennebunk,ME,43.38397,-70.54478,America/New_York
Kennebunkport,ME,43.36175,-70.47672,America/New_York
Kingfield,ME,44.95922,-70.15395,America/New_York
Kittery,ME,43.08814,-70.73616,America/New_York
Kittery Point,ME,43.08299,-70.71009,America/New_York
Lake Arrowhead,ME,43.66369,-70.73478,America/New_York
Lebanon,ME,43.39453,-70.85089,America/New_York
Leeds,ME,44.3034,-70.1195,America/New_York
Levant,ME,44.86924,-68.93476,America/New_York
Lewiston,ME,44.10035,-70.21478,America/New_York
Limerick,ME,43.68841,-70.79367,America/New_York
Limestone,ME,46.90866,-67.82585,America/New_York
Limington,ME,43.73174,-70.71089,America/New_York
Lincoln,ME,45.36228,-68.50502,America/New_York
Lincolnville,ME,44.28119,-69.00865,America/New_York
Lisbon,ME,44.03146,-70.1045,America/New_York
Lisbon Falls,ME,43.99619,-70.06061,America/New_York
Livermore,ME,44.38396,-70.24922,America/New_York
Livermore Falls,ME,44.47534,-70.18811,America/New_York
Lovell,ME,44.12674,-70.89173,America/New_York
Machias,ME,44.71508,-67.46138,America/New_York
Machiasport,ME,44.69869,-67.39471,America/New_York
Madawaska,ME,47.35532,-68.32171,America/New_York
Madawaska,ME,46.88421,-67.94725,America/New_York
Madison,ME,44.79756,-69.87978,America/New_York
Manchester,ME,44.32451,-69.86033,America/New_York
Mechanic Falls,ME,44.11174,-70.39172,America/New_York
Medway,ME,45.60894,-68.53086,America/New_York
Mexico,ME,44.5609,-70.54534,America/New_York
Milbridge,ME,44.53536,-67.88083,America/New_York
Milford,ME,44.94618,-68.64392,America/New_York
Millinocket,ME,45.65727,-68.70976,America/New_York
Milo,ME,45.25366,-68.98587,America/New_York
Minot,ME,44.08563,-70.32006,America/New_York
Monmouth,ME,44.23868,-70.03561,America/New_York
Mount Vernon,ME,44.50118,-69.98756,America/New_York
New Gloucester,ME,43.96285,-70.28255,America/New_York
New Sharon,ME,44.63895,-70.01561,America/New_York
Newfield,ME,43.64813,-70.84701,America/New_York
Newport,ME,44.83534,-69.27394,America/New_York
Nobleboro,ME,44.07952,-69.48505,America/New_York
Norridgewock,ME,44.71312,-69.79061,America/New_York
North Bath,ME,43.9348,-69.81588,America/New_York
North Berwick,ME,43.3037,-70.73339,America/New_York
North Windham,ME,43.83424,-70.43839,America/New_York
Northport,ME,44.33786,-68.96142,America/New_York
Norway,ME,44.21396,-70.54478,America/New_York
Oakland,ME,44.54034,-69.72199,America/New_York
Ogunquit,ME,43.24898,-70.59922,America/New_York
Old Orchard Beach,ME,43.51731,-70.37755,America/New_York
Old Town,ME,44.93423,-68.64531,America/New_York
Orland,ME,44.57035,-68.73586,America/New_York
Orono,ME,44.88312,-68.67198,America/New_York
Orrington,ME,44.73118,-68.82643,America/New_York
Owls Head,ME,44.0823,-69.05726,America/New_York
Oxford,ME,44.13174,-70.49311,America/New_York
Palermo,ME,44.40785,-69.47393,America/New_York
Palmyra,ME,44.84645,-69.35866,America/New_York
Paris,ME,44.25979,-70.50062,America/New_York
Parsonsfield,ME,43.72702,-70.92868,America/New_York
Patten,ME,45.99644,-68.44614,America/New_York
Penobscot,ME,44.46452,-68.71114,America/New_York
Peru,ME,44.50673,-70.40534,America/New_York
Phillips,ME,44.82311,-70.33951,America/New_York
Phippsburg,ME,43.82064,-69.81477,America/New_York
Pittsfield,ME,44.78256,-69.38338,America/New_York
Pittston,ME,44.22174,-69.7556,America/New_York
Plymouth,ME,44.76729,-69.21033,America/New_York
Poland,ME,44.06063,-70.39367,America/New_York
Porter,ME,43.79591,-70.93256,America/New_York
Portland,ME,43.65737,-70.2589,America/New_York
Presque Isle,ME,46.68115,-68.01586,America/New_York
Randolph,ME,44.23035,-69.76671,America/New_York
Raymond,ME,43.90146,-70.47033,America/New_York
Readfield,ME,44.38785,-69.96672,America/New_York
Richmond,ME,44.0873,-69.79893,America/New_York
Rockland,ME,44.10369,-69.10893,America/New_York
Rockport,ME,44.18452,-69.07615,America/New_York
Rome,ME,44.58506,-69.86922,America/New_York
Rumford,ME,44.55367,-70.5509,America/New_York
Sabattus,ME,44.1198,-70.10755,America/New_York
Saco,ME,43.50092,-70.44283,America/New_York
Saint Albans,ME,44.91006,-69.41005,America/New_York
Saint George,ME,44.01647,-69.19893,America/New_York
Sanford,ME,43.43925,-70.77422,America/New_York
Sangerville,ME,45.16478,-69.35644,America/New_York
Scarborough,ME,43.57814,-70.32172,America/New_York
Searsmont,ME,44.36174,-69.19504,America/New_York
Sedgwick,ME,44.30369,-68.61614,America/New_York
Shapleigh,ME,43.54064,-70.84812,America/New_York
Sidney,ME,44.41312,-69.72893,America/New_York
Skowhegan,ME,44.76506,-69.71922,America/New_York
South Berwick,ME,43.23453,-70.8095,America/New_York
South Eliot,ME,43.10814,-70.77755,America/New_York
South Paris,ME,44.22368,-70.51339,America/New_York
South Portland,ME,43.64147,-70.24088,America/New_York
South Portland Gardens,ME,43.63897,-70.31533,America/New_York
South Sanford,ME,43.41119,-70.74256,America/New_York
South Thomaston,ME,44.05147,-69.12782,America/New_York
South Windham,ME,43.73619,-70.42366,America/New_York
Springvale,ME,43.46675,-70.79367,America/New_York
Steep Falls,ME,43.79397,-70.65256,America/New_York
Stetson,ME,44.89173,-69.14282,America/New_York
Steuben,ME,44.51098,-67.96662,America/New_York
Stockton Springs,ME,44.48952,-68.85698,America/New_York
Stonington,ME,44.15619,-68.66669,America/New_York
Strong,ME,44.80756,-70.2209,America/New_York
Sullivan,ME,44.52036,-68.19668,America/New_York
Surry,ME,44.49591,-68.50169,America/New_York
Swanville,ME,44.52119,-68.99781,America/New_York
Thomaston,ME,44.07897,-69.18171,America/New_York
Topsham,ME,43.92758,-69.97588,America/New_York
Tremont,ME,44.25369,-68.35141,America/New_York
Trenton,ME,44.43897,-68.37002,America/New_York
Troy,ME,44.66479,-69.24088,America/New_York
Turner,ME,44.25646,-70.25617,America/New_York
Union,ME,44.21147,-69.27421,America/New_York
Van Buren,ME,47.15727,-67.9353,America/New_York
Vassalboro,ME,44.45923,-69.67755,America/New_York
Veazie,ME,44.83868,-68.70531,America/New_York
Vinalhaven,ME,44.04814,-68.8317,America/New_York
Waldoboro,ME,44.09536,-69.3756,America/New_York
Warren,ME,44.12036,-69.24005,America/New_York
Washington,ME,44.27369,-69.36727,America/New_York
Waterboro,ME,43.53564,-70.71506,America/New_York
Waterville,ME,44.55201,-69.63171,America/New_York
Wayne,ME,44.34868,-70.06616,America/New_York
Wells Beach Station,ME,43.32397,-70.59144,America/New_York
West Kennebunk,ME,43.4087,-70.58144,America/New_York
West Paris,ME,44.32423,-70.57395,America/New_York
West Scarborough,ME,43.57036,-70.38783,America/New_York
Westbrook,ME,43.67703,-70.37116,America/New_York
Whitefield,ME,44.17007,-69.62532,America/New_York
Wilton,ME,44.59284,-70.22812,America/New_York
Windsor,ME,44.31063,-69.5806,America/New_York
Winslow,ME,44.54701,-69.62116,America/New_York
Winterport,ME,44.63785,-68.84504,America/New_York
Winthrop,ME,44.30507,-69.977,America/New_York
Wiscasset,ME,44.00286,-69.6656,America/New_York
Woodstock,ME,44.37494,-70.60849,America/New_York
Woolwich,ME,43.91869,-69.80116,America/New_York
Yarmouth,ME,43.80064,-70.18672,America/New_York
York Beach,ME,43.17148,-70.60894,America/New_York
York Harbor,ME,43.13676,-70.64561,America/New_York
Adrian,MI,41.89755,-84.03717,America/Detroit
Albion,MI,42.2431,-84.75303,America/Detroit
Algonac,MI,42.61858,-82.5323,America/Detroit
Allegan,MI,42.5292,-85.8553,America/Detroit
Allen Park,MI,42.25754,-83.21104,America/Detroit
Allendale,MI,42.97225,-85.95365,America/Detroit
Alma,MI,43.37892,-84.65973,America/Detroit
Almont,MI,42.92058,-83.04493,America/Detroit
Alpena,MI,45.06168,-83.43275,America/Detroit
Ann Arbor,MI,42.27756,-83.74088,America/Detroit
Argentine,MI,42.79142,-83.84634,America/Detroit
Armada,MI,42.8442,-82.88437,America/Detroit
Athens,MI,42.08866,-85.23471,America/Detroit
Atlanta,MI,45.00473,-84.14389,America/Detroit
Atlantic Mine,MI,47.09715,-88.62762,America/Detroit
Au Sable,MI,44.41085,-83.33219,America/Detroit
Auburn,MI,43.60336,-84.0697,America/Detroit
Auburn Hills,MI,42.68753,-83.2341,America/Detroit
Avoca,MI,43.06197,-82.69104,America/Detroit
Bad Axe,MI,43.80196,-83.00078,America/Detroit
Baldwin,MI,43.90112,-85.85173,America/Detroit
Bangor,MI,42.31254,-86.11308,America/Detroit
Baraga,MI,46.77854,-88.48902,America/Detroit
Barnes Lake-Millers Lake,MI,43.17956,-83.3123,America/Detroit
Bath,MI,42.81864,-84.44859,America/Detroit
Battle Creek,MI,42.3173,-85.17816,America/Detroit
Bay City,MI,43.59447,-83.88886,America/Detroit
Bay Harbor,MI,45.36413,-85.08208,America/Detroit
Beaverton,MI,43.88225,-84.48473,America/Detroit
Beecher,MI,43.09003,-83.6944,America/Detroit
Beechwood,MI,42.79697,-86.12588,America/Detroit
Belding,MI,43.09781,-85.22891,America/Detroit
Bellaire,MI,44.98028,-85.21117,America/Detroit
Belleville,MI,42.20476,-83.48521,America/Detroit
Bellevue,MI,42.44337,-85.01805,America/Detroit
Belmont,MI,43.07558,-85.6092,America/Detroit
Benton Harbor,MI,42.11671,-86.45419,America/Detroit
Benton Heights,MI,42.13115,-86.40724,America/Detroit
Berkley,MI,42.50309,-83.18354,America/Detroit
Berrien Springs,MI,41.94643,-86.3389,America/Detroit
Bessemer,MI,46.48134,-90.05295,America/Menominee
Beulah,MI,44.63194,-86.09092,America/Detroit
Beverly Hills,MI,42.52392,-83.22326,America/Detroit
Big Rapids,MI,43.69808,-85.48366,America/Detroit
Bingham Farms,MI,42.51587,-83.27326,America/Detroit
Birch Run,MI,43.25086,-83.79413,America/Detroit
Birmingham,MI,42.5467,-83.21132,America/Detroit
Blissfield,MI,41.83255,-83.86244,America/Detroit
Bloomfield Hills,MI,42.58364,-83.24549,America/Detroit
Boyne City,MI,45.21668,-85.01394,America/Detroit
Breckenridge,MI,43.40808,-84.475,America/Detroit
Bridgeport,MI,43.35947,-83.88164,America/Detroit
Bridgman,MI,41.9431,-86.55697,America/Detroit
Brighton,MI,42.52948,-83.78022,America/Detroit
Bronson,MI,41.87227,-85.1947,America/Detroit
Brooklyn,MI,42.10587,-84.24828,America/Detroit
Brown City,MI,43.21225,-82.98966,America/Detroit
Brownlee Park,MI,42.31893,-85.14249,America/Detroit
Buchanan,MI,41.82727,-86.36112,America/Detroit
Buena Vista,MI,43.4203,-83.89858,America/Detroit
Burt,MI,43.23669,-83.90636,America/Detroit
Burton,MI,42.99947,-83.61634,America/Detroit
Byron Center,MI,42.81225,-85.72281,America/Detroit
Cadillac,MI,44.25195,-85.40116,America/Detroit
Caledonia,MI,42.7892,-85.51669,America/Detroit
Canadian Lakes,MI,43.57919,-85.3017,America/Detroit
Canton,MI,42.30865,-83.48216,America/Detroit
Capac,MI,43.01253,-82.92799,America/Detroit
Carleton,MI,42.05921,-83.39077,America/Detroit
Caro,MI,43.49073,-83.39885,America/Detroit
Carrollton,MI,43.45864,-83.93025,America/Detroit
Carson City,MI,43.17698,-84.84639,America/Detroit
Cass City,MI,43.60085,-83.17467,America/Detroit
Cassopolis,MI,41.91171,-86.01001,America/Detroit
Cedar Springs,MI,43.22336,-85.55142,America/Detroit
Center Line,MI,42.48504,-83.0277,America/Detroit
Centreville,MI,41.92338,-85.52832,America/Detroit
Charlevoix,MI,45.31806,-85.2584,America/Detroit
Charlotte,MI,42.56365,-84.83582,America/Detroit
Cheboygan,MI,45.64696,-84.47448,America/Detroit
Chelsea,MI,42.31807,-84.02181,America/Detroit
Chesaning,MI,43.18475,-84.11497,America/Detroit
Clare,MI,43.81947,-84.76863,America/Detroit
Clarkston,MI,42.73586,-83.41883,America/Detroit
Clawson,MI,42.53337,-83.14632,America/Detroit
Clinton,MI,42.07199,-83.97161,America/Detroit
Clinton Township,MI,42.58698,-82.91992,America/Detroit
Clio,MI,43.17753,-83.73413,America/Detroit
Coldwater,MI,41.94033,-85.00052,America/Detroit
Coleman,MI,43.75669,-84.58584,America/Detroit
Coloma,MI,42.18615,-86.30836,America/Detroit
Colon,MI,41.95838,-85.32498,America/Detroit
Comstock Northwest,MI,42.32182,-85.51759,America/Detroit
Comstock Park,MI,43.03864,-85.67003,America/Detroit
Concord,MI,42.17782,-84.64302,America/Detroit
Constantine,MI,41.84116,-85.6686,America/Detroit
Coopersville,MI,43.06391,-85.93477,America/Detroit
Corunna,MI,42.98197,-84.11775,America/Detroit
Croswell,MI,43.27558,-82.62104,America/Detroit
Crystal Falls,MI,46.09801,-88.33402,America/Menominee
Cutlerville,MI,42.84086,-85.66364,America/Detroit
Davison,MI,43.03475,-83.51801,America/Detroit
DeWitt,MI,42.84226,-84.56915,America/Detroit
Dearborn,MI,42.32226,-83.17631,America/Detroit
Dearborn Heights,MI,42.33698,-83.27326,America/Detroit
Decatur,MI,42.1081,-85.97446,America/Detroit
Detroit,MI,42.33143,-83.04575,America/Detroit
Detroit Beach,MI,41.93116,-83.32688,America/Detroit
Dexter,MI,42.33834,-83.88954,America/Detroit
Dimondale,MI,42.64559,-84.64887,America/Detroit
Dollar Bay,MI,47.11965,-88.51151,America/Detroit
Douglas,MI,42.64336,-86.20059,America/Detroit
Dowagiac,MI,41.98421,-86.10862,America/Detroit
Dundee,MI,41.95727,-83.65966,America/Detroit
Durand,MI,42.91198,-83.98468,America/Detroit
Eagle River,MI,47.41381,-88.29566,America/Detroit
East Grand Rapids,MI,42.94114,-85.61003,America/Detroit
East Jordan,MI,45.15806,-85.12423,America/Detroit
East Lansing,MI,42.73698,-84.48387,America/Detroit
East Tawas,MI,44.27946,-83.49025,America/Detroit
Eastpointe,MI,42.46837,-82.95547,America/Detroit
Eastwood,MI,42.3031,-85.55028,America/Detroit
Eaton Rapids,MI,42.5092,-84.65581,America/Detroit
Ecorse,MI,42.24448,-83.14576,America/Detroit
Edgemont Park,MI,42.7467,-84.59359,America/Detroit
Edmore,MI,43.40809,-85.03863,America/Detroit
Edwardsburg,MI,41.7956,-86.08084,America/Detroit
Elk Rapids,MI,44.89556,-85.41646,America/Detroit
Escanaba,MI,45.74525,-87.06458,America/Detroit
Essexville,MI,43.6153,-83.84192,America/Detroit
Evart,MI,43.90058,-85.2581,America/Detroit
Fair Plain,MI,42.08699,-86.45586,America/Detroit
Farmington,MI,42.46448,-83.37632,America/Detroit
Farmington Hills,MI,42.48531,-83.37716,America/Detroit
Fennville,MI,42.59392,-86.1017,America/Detroit
Fenton,MI,42.79781,-83.70495,America/Detroit
Ferndale,MI,42.46059,-83.13465,America/Detroit
Ferrysburg,MI,43.08446,-86.22033,America/Detroit
Flat Rock,MI,42.09643,-83.29187,America/Detroit
Flint,MI,43.01253,-83.68746,America/Detroit
Flushing,MI,43.06308,-83.85107,America/Detroit
Forest Hills,MI,42.95947,-85.48975,America/Detroit
Fowler,MI,43.0017,-84.73972,America/Detroit
Fowlerville,MI,42.66059,-84.07301,America/Detroit
Frankenmuth,MI,43.33169,-83.73802,America/Detroit
Frankfort,MI,44.63361,-86.23454,America/Detroit
Franklin,MI,42.52226,-83.30604,America/Detroit
Fraser,MI,42.5392,-82.94937,America/Detroit
Freeland,MI,43.52503,-84.12276,America/Detroit
Fremont,MI,43.46752,-85.942,America/Detroit
Fruitport,MI,43.13196,-86.15478,America/Detroit
Galesburg,MI,42.28865,-85.41806,America/Detroit
Garden City,MI,42.32559,-83.33104,America/Detroit
Gaylord,MI,45.02751,-84.67475,America/Detroit
Gibraltar,MI,42.09504,-83.18965,America/Detroit
Gladstone,MI,45.85274,-87.0218,America/Detroit
Gladwin,MI,43.98085,-84.4864,America/Detroit
Goodrich,MI,42.91697,-83.50634,America/Detroit
Grand Blanc,MI,42.92753,-83.62995,America/Detroit
Grand Haven,MI,43.06307,-86.22839,America/Detroit
Grand Ledge,MI,42.75337,-84.74638,America/Detroit
Grand Rapids,MI,42.96336,-85.66809,America/Detroit
Grandville,MI,42.90975,-85.76309,America/Detroit
Grass Lake,MI,42.25087,-84.21301,America/Detroit
Grayling,MI,44.6614,-84.71475,America/Detroit
Greenville,MI,43.17753,-85.2528,America/Detroit
Greilickville,MI,44.78306,-85.63869,America/Detroit
Grosse Ile,MI,42.12921,-83.14437,America/Detroit
Grosse Pointe,MI,42.38615,-82.91186,America/Detroit
Grosse Pointe Farms,MI,42.4092,-82.89186,America/Detroit
Grosse Pointe Park,MI,42.37587,-82.93742,America/Detroit
Grosse Pointe Shores,MI,42.4367,-82.87686,America/Detroit
Grosse Pointe Woods,MI,42.44365,-82.90686,America/Detroit
Gwinn,MI,46.28106,-87.44097,America/Detroit
Hamtramck,MI,42.39282,-83.04964,America/Detroit
Hancock,MI,47.12687,-88.58096,America/Detroit
Harbor Beach,MI,43.84474,-82.65132,America/Detroit
Harbor Springs,MI,45.43168,-84.992,America/Detroit
Harper Woods,MI,42.43309,-82.92408,America/Detroit
Harrison,MI,44.01919,-84.79947,America/Detroit
Harrisville,MI,44.6564,-83.29469,America/Detroit
Hart,MI,43.69834,-86.36397,America/Detroit
Hartford,MI,42.20671,-86.16669,America/Detroit
Harvey,MI,46.49466,-87.35431,America/Detroit
Haslett,MI,42.74698,-84.40108,America/Detroit
Hastings,MI,42.64587,-85.29084,America/Detroit
Hazel Park,MI,42.46254,-83.10409,America/Detroit
Hemlock,MI,43.41475,-84.23054,America/Detroit
Highland Park,MI,42.40559,-83.09687,America/Detroit
Hillsdale,MI,41.92005,-84.63051,America/Detroit
Holland,MI,42.78752,-86.10893,America/Detroit
Holly,MI,42.79197,-83.62773,America/Detroit
Holt,MI,42.64059,-84.51525,America/Detroit
Homer,MI,42.14588,-84.80886,America/Detroit
Houghton,MI,47.12187,-88.56901,America/Detroit
Houghton Lake,MI,44.31474,-84.76475,America/Detroit
Howard City,MI,43.39558,-85.46782,America/Detroit
Howell,MI,42.60726,-83.9294,America/Detroit
Hubbard Lake,MI,44.75973,-83.54442,America/Detroit
Hudson,MI,41.85505,-84.35384,America/Detroit
Hudsonville,MI,42.87086,-85.86504,America/Detroit
Huntington Woods,MI,42.48059,-83.16687,America/Detroit
Imlay City,MI,43.02475,-83.07772,America/Detroit
Indian River,MI,45.41251,-84.61254,America/Detroit
Inkster,MI,42.2942,-83.30993,America/Detroit
Ionia,MI,42.98725,-85.07112,America/Detroit
Iron Mountain,MI,45.82023,-88.06596,America/Menominee
Iron River,MI,46.09273,-88.64235,America/Menominee
Ironwood,MI,46.45467,-90.17101,America/Menominee
Ishpeming,MI,46.48855,-87.66764,America/Detroit
Ithaca,MI,43.2917,-84.6075,America/Detroit
Jackson,MI,42.24587,-84.40135,America/Detroit
Jenison,MI,42.90725,-85.79198,America/Detroit
Jonesville,MI,41.98421,-84.6619,America/Detroit
K. I. Sawyer Air Force Base,MI,46.33207,-87.36566,America/Detroit
Kalamazoo,MI,42.29171,-85.58723,America/Detroit
Kalkaska,MI,44.73417,-85.17589,America/Detroit
Keego Harbor,MI,42.60809,-83.34382,America/Detroit
Kent City,MI,43.22002,-85.75115,America/Detroit
Kentwood,MI,42.86947,-85.64475,America/Detroit
Kilmanagh,MI,43.75613,-83.3569,America/Detroit
Kingsford,MI,45.79496,-88.07207,America/Menominee
Kingsley,MI,44.58473,-85.5359,America/Detroit
L'Anse,MI,46.7566,-88.45291,America/Detroit
Laingsburg,MI,42.89031,-84.35136,America/Detroit
Lake City,MI,44.33529,-85.21505,America/Detroit
Lake Fenton,MI,42.84614,-83.70773,America/Detroit
Lake Isabella,MI,43.64364,-84.99725,America/Detroit
Lake Michigan Beach,MI,42.22087,-86.36947,America/Detroit
Lake Odessa,MI,42.78476,-85.13834,America/Detroit
Lake Orion,MI,42.78448,-83.23966,America/Detroit
Lakeview,MI,42.29838,-85.2111,America/Detroit
Lakeview,MI,43.44642,-85.2742,America/Detroit
Lakewood Club,MI,43.37112,-86.26034,America/Detroit
Lambertville,MI,41.76588,-83.62799,America/Detroit
Lansing,MI,42.73253,-84.55553,America/Detroit
Lapeer,MI,43.05142,-83.31883,America/Detroit
Lathrup Village,MI,42.49642,-83.22271,America/Detroit
Laurium,MI,47.23743,-88.44317,America/Detroit
Lawton,MI,42.16726,-85.84695,America/Detroit
Leland,MI,45.02305,-85.75981,America/Detroit
Leslie,MI,42.45143,-84.43247,America/Detroit
Level Park-Oak Park,MI,42.36418,-85.2665,America/Detroit
Lewiston,MI,44.8839,-84.30557,America/Detroit
Lexington,MI,43.26808,-82.53076,America/Detroit
Lincoln Park,MI,42.25059,-83.17854,America/Detroit
Linden,MI,42.81447,-83.78245,America/Detroit
Litchfield,MI,42.04393,-84.75746,America/Detroit
Livonia,MI,42.36837,-83.35271,America/Detroit
Lowell,MI,42.93364,-85.34196,America/Detroit
Ludington,MI,43.95528,-86.45258,America/Detroit
Luna Pier,MI,41.80699,-83.44243,America/Detroit
Madison Heights,MI,42.48587,-83.1052,America/Detroit
Mancelona,MI,44.90223,-85.06088,America/Detroit
Manchester,MI,42.15032,-84.03772,America/Detroit
Manistee,MI,44.24445,-86.32425,America/Detroit
Manistique,MI,45.95775,-86.24625,America/Detroit
Manitou Beach-Devils Lake,MI,41.97565,-84.28616,America/Detroit
Manton,MI,44.41084,-85.39894,America/Detroit
Marcellus,MI,42.02588,-85.81556,America/Detroit
Marine City,MI,42.71948,-82.49213,America/Detroit
Marlette,MI,43.32697,-83.08022,America/Detroit
Marquette,MI,46.54354,-87.39542,America/Detroit
Marshall,MI,42.27226,-84.96331,America/Detroit
Marysville,MI,42.91253,-82.48686,America/Detroit
Mason,MI,42.5792,-84.44358,America/Detroit
Mattawan,MI,42.20948,-85.78445,America/Detroit
Melvindale,MI,42.28254,-83.1752,America/Detroit
Memphis,MI,42.89642,-82.76881,America/Detroit
Menominee,MI,45.10776,-87.61427,America/Menominee
Michigan Center,MI,42.23309,-84.32718,America/Detroit
Middleville,MI,42.71309,-85.46196,America/Detroit
Midland,MI,43.61558,-84.24721,America/Detroit
Milan,MI,42.08532,-83.68244,America/Detroit
Milford,MI,42.59364,-83.59939,America/Detroit
Millington,MI,43.28141,-83.52968,America/Detroit
Mio,MI,44.65224,-84.12973,America/Detroit
Monroe,MI,41.91643,-83.39771,America/Detroit
Montague,MI,43.41668,-86.35701,America/Detroit
Montrose,MI,43.17669,-83.89274,America/Detroit
Morenci,MI,41.71949,-84.218,America/Detroit
Mount Clemens,MI,42.59726,-82.87798,America/Detroit
Mount Morris,MI,43.11864,-83.69496,America/Detroit
Mount Pleasant,MI,43.59781,-84.76751,America/Detroit
Munising,MI,46.4112,-86.64926,America/Detroit
Muskegon,MI,43.23418,-86.24839,America/Detroit
Muskegon Heights,MI,43.20113,-86.23895,America/Detroit
Napoleon,MI,42.16059,-84.24606,America/Detroit
Nashville,MI,42.60281,-85.09305,America/Detroit
Negaunee,MI,46.4991,-87.6118,America/Detroit
New Baltimore,MI,42.68114,-82.73686,America/Detroit
New Buffalo,MI,41.79393,-86.74392,America/Detroit
New Haven,MI,42.72948,-82.80131,America/Detroit
New Haven,MI,43.09364,-84.15331,America/Detroit
Newaygo,MI,43.41974,-85.80005,America/Detroit
Newberry,MI,46.355,-85.50956,America/Detroit
Niles,MI,41.82977,-86.25418,America/Detroit
North Branch,MI,43.22947,-83.19661,America/Detroit
North Muskegon,MI,43.25613,-86.26756,America/Detroit
Northview,MI,43.04558,-85.60059,America/Detroit
Northville,MI,42.43115,-83.48327,America/Detroit
Norton Shores,MI,43.1689,-86.26395,America/Detroit
Norway,MI,45.7869,-87.90374,America/Menominee
Novi,MI,42.48059,-83.47549,America/Detroit
Oak Park,MI,42.45948,-83.18271,America/Detroit
Okemos,MI,42.72226,-84.42747,America/Detroit
Olivet,MI,42.44143,-84.92415,America/Detroit
Ontonagon,MI,46.87105,-89.31403,America/Detroit
Orchard Lake,MI,42.58309,-83.35938,America/Detroit
Ortonville,MI,42.85225,-83.443,America/Detroit
Otsego,MI,42.46059,-85.69641,America/Detroit
Ovid,MI,43.00586,-84.37164,America/Detroit
Owosso,MI,42.9978,-84.17664,America/Detroit
Oxford,MI,42.82475,-83.26466,America/Detroit
Parchment,MI,42.3281,-85.56973,America/Detroit
Paw Paw,MI,42.21782,-85.89112,America/Detroit
Paw Paw Lake,MI,42.21226,-86.27197,America/Detroit
Pearl Beach,MI,42.6267,-82.59769,America/Detroit
Perry,MI,42.82642,-84.21941,America/Detroit
Petersburg,MI,41.90116,-83.71494,America/Detroit
Petoskey,MI,45.37334,-84.95533,America/Detroit
Pigeon,MI,43.83002,-83.26996,America/Detroit
Pinckney,MI,42.457,-83.94791,America/Detroit
Pinconning,MI,43.85363,-83.96499,America/Detroit
Plainwell,MI,42.44004,-85.6489,America/Detroit
Pleasant Ridge,MI,42.47115,-83.14215,America/Detroit
Plymouth,MI,42.37143,-83.47021,America/Detroit
Pontiac,MI,42.63892,-83.29105,America/Detroit
Port Huron,MI,42.97086,-82.42491,America/Detroit
Portage,MI,42.20115,-85.58,America/Detroit
Portland,MI,42.8692,-84.90305,America/Detroit
Potterville,MI,42.6292,-84.73887,America/Detroit
Prudenville,MI,44.29835,-84.65197,America/Detroit
Quincy,MI,41.94421,-84.88385,America/Detroit
Quinnesec,MI,45.80635,-87.98846,America/Menominee
Rapid City,MI,44.83445,-85.28256,America/Detroit
Ravenna,MI,43.18947,-85.93699,America/Detroit
Reading,MI,41.83949,-84.74801,America/Detroit
Redford,MI,42.38337,-83.2966,America/Detroit
Reed City,MI,43.87502,-85.51005,America/Detroit
Reese,MI,43.45058,-83.69635,America/Detroit
Richmond,MI,42.8092,-82.75576,America/Detroit
River Rouge,MI,42.27337,-83.13437,America/Detroit
Riverview,MI,42.17421,-83.17937,America/Detroit
Rochester,MI,42.68059,-83.13382,America/Detroit
Rochester Hills,MI,42.65837,-83.14993,America/Detroit
Rockford,MI,43.12003,-85.56003,America/Detroit
Rockwood,MI,42.07088,-83.2466,America/Detroit
Rogers City,MI,45.4214,-83.81833,America/Detroit
Romeo,MI,42.80281,-83.01299,America/Detroit
Romulus,MI,42.22226,-83.3966,America/Detroit
Roosevelt Park,MI,43.1964,-86.27228,America/Detroit
Roscommon,MI,44.49835,-84.59197,America/Detroit
Roseville,MI,42.49726,-82.93714,America/Detroit
Royal Oak,MI,42.48948,-83.14465,America/Detroit
Saginaw,MI,43.41947,-83.95081,America/Detroit
Saginaw Township North,MI,43.46004,-84.00674,America/Detroit
Saint Charles,MI,43.29697,-84.14053,America/Detroit
Saint Clair,MI,42.82087,-82.48602,America/Detroit
Saint Clair Shores,MI,42.49698,-82.88881,America/Detroit
Saint Helen,MI,44.36363,-84.41029,America/Detroit
Saint Ignace,MI,45.86614,-84.72751,America/Detroit
Saint Johns,MI,43.00114,-84.55915,America/Detroit
Saint Joseph,MI,42.10976,-86.48002,America/Detroit
Saint Louis,MI,43.40836,-84.60667,America/Detroit
Saline,MI,42.16671,-83.78161,America/Detroit
Sand Lake,MI,44.31918,-83.6847,America/Detroit
Sandusky,MI,43.4203,-82.82966,America/Detroit
Saranac,MI,42.92948,-85.21307,America/Detroit
Sault Ste. Marie,MI,46.4953,-84.34532,America/Detroit
Schoolcraft,MI,42.11421,-85.63778,America/Detroit
Scottville,MI,43.95473,-86.28008,America/Detroit
Sebewaing,MI,43.73224,-83.45107,America/Detroit
Shelby,MI,42.67087,-83.03298,America/Detroit
Shelby,MI,43.60862,-86.36396,America/Detroit
Shepherd,MI,43.52447,-84.69473,America/Detroit
Shields,MI,43.4153,-84.05637,America/Detroit
Shorewood-Tower Hills-Harbert,MI,41.88169,-86.61409,America/Detroit
Skidway Lake,MI,44.18335,-84.03527,America/Detroit
South Gull Lake,MI,42.38754,-85.39667,America/Detroit
South Haven,MI,42.40309,-86.27364,America/Detroit
South Lyon,MI,42.46059,-83.65161,America/Detroit
South Monroe,MI,41.89588,-83.41771,America/Detroit
South Rockwood,MI,42.06393,-83.26104,America/Detroit
Southfield,MI,42.47337,-83.22187,America/Detroit
Southgate,MI,42.21393,-83.19381,America/Detroit
Sparta,MI,43.16086,-85.71004,America/Detroit
Spring Arbor,MI,42.20504,-84.55274,America/Detroit
Spring Lake,MI,43.07696,-86.197,America/Detroit
Springfield,MI,42.32643,-85.23916,America/Detroit
"Stambaugh, Iron River",MI,46.08107,-88.62708,America/Menominee
Standish,MI,43.98308,-83.95888,America/Detroit
Stanton,MI,43.29253,-85.08141,America/Detroit
Sterling Heights,MI,42.58031,-83.0302,America/Detroit
Stevensville,MI,42.01449,-86.51947,America/Detroit
Stockbridge,MI,42.45115,-84.18051,America/Detroit
Stony Point,MI,42.49698,-85.42668,America/Detroit
Stony Point,MI,41.94143,-83.26493,America/Detroit
Sturgis,MI,41.79922,-85.41915,America/Detroit
Swartz Creek,MI,42.95725,-83.83051,America/Detroit
Sylvan Lake,MI,42.61142,-83.32855,America/Detroit
Tawas City,MI,44.26946,-83.5147,America/Detroit
Taylor,MI,42.24087,-83.26965,America/Detroit
Tecumseh,MI,42.00393,-83.94494,America/Detroit
Temperance,MI,41.77921,-83.56882,America/Detroit
Three Oaks,MI,41.79865,-86.61058,America/Detroit
Three Rivers,MI,41.94394,-85.63249,America/Detroit
Traverse City,MI,44.76306,-85.62063,America/Detroit
Trenton,MI,42.13949,-83.17826,America/Detroit
Trowbridge Park,MI,46.5566,-87.43736,America/Detroit
Troy,MI,42.60559,-83.14993,America/Detroit
Twin Lake,MI,43.36279,-86.16478,America/Detroit
Union City,MI,42.06671,-85.13609,America/Detroit
Utica,MI,42.62614,-83.03354,America/Detroit
Vandercook Lake,MI,42.19337,-84.39107,America/Detroit
Vassar,MI,43.37197,-83.58329,America/Detroit
Vicksburg,MI,42.12005,-85.53278,America/Detroit
Wacousta,MI,42.82781,-84.70082,America/Detroit
Wakefield,MI,46.47523,-89.93989,America/Menominee
Walker,MI,43.00141,-85.76809,America/Detroit
Walled Lake,MI,42.53781,-83.48105,America/Detroit
Warren,MI,42.49044,-83.01304,America/Detroit
Waterford,MI,42.69303,-83.41181,America/Detroit
Watervliet,MI,42.18671,-86.26058,America/Detroit
Waverly,MI,42.7392,-84.62081,America/Detroit
Wayland,MI,42.67392,-85.64474,America/Detroit
Wayne,MI,42.28143,-83.38632,America/Detroit
Webberville,MI,42.66698,-84.17413,America/Detroit
West Bloomfield Township,MI,42.56891,-83.38356,America/Detroit
West Branch,MI,44.27641,-84.23861,America/Detroit
West Ishpeming,MI,46.48355,-87.70097,America/Detroit
West Monroe,MI,41.91393,-83.4316,America/Detroit
Westland,MI,42.3242,-83.40021,America/Detroit
Westwood,MI,42.30282,-85.63362,America/Detroit
White Cloud,MI,43.5503,-85.772,America/Detroit
White Pigeon,MI,41.79811,-85.64332,America/Detroit
Whitehall,MI,43.41001,-86.34868,America/Detroit
Whitmore Lake,MI,42.4397,-83.7453,America/Detroit
Williamston,MI,42.68892,-84.28302,America/Detroit
Wixom,MI,42.52476,-83.53633,America/Detroit
Wolf Lake,MI,43.25474,-86.10978,America/Detroit
Wolverine Lake,MI,42.5567,-83.47383,America/Detroit
Woodhaven,MI,42.13893,-83.2416,America/Detroit
Woodland Beach,MI,41.94005,-83.31326,America/Detroit
Wyandotte,MI,42.21421,-83.14992,America/Detroit
Wyoming,MI,42.91336,-85.70531,America/Detroit
Yale,MI,43.13003,-82.79826,America/Detroit
Ypsilanti,MI,42.24115,-83.61299,America/Detroit
Zeeland,MI,42.81252,-86.01865,America/Detroit
Zilwaukee,MI,43.47641,-83.92053,America/Detroit
Ada,MN,47.29969,-96.51535,America/Chicago
Adrian,MN,43.63497,-95.9328,America/Chicago
Afton,MN,44.90275,-92.78354,America/Chicago
Aitkin,MN,46.53301,-93.71025,America/Chicago
Albany,MN,45.62996,-94.57,America/Chicago
Albert Lea,MN,43.64801,-93.36827,America/Chicago
Albertville,MN,45.23774,-93.65441,America/Chicago
Alexandria,MN,45.88524,-95.37754,America/Chicago
Andover,MN,45.2333,-93.29134,America/Chicago
Annandale,MN,45.26274,-94.12443,America/Chicago
Anoka,MN,45.19774,-93.38718,America/Chicago
Apple Valley,MN,44.73191,-93.21772,America/Chicago
Appleton,MN,45.19691,-96.01977,America/Chicago
Arden Hills,MN,45.05024,-93.15661,America/Chicago
Arlington,MN,44.6083,-94.08053,America/Chicago
Arnold,MN,46.88022,-92.09047,America/Chicago
Atwater,MN,45.13885,-94.77806,America/Chicago
Aurora,MN,47.52993,-92.23712,America/Chicago
Austin,MN,43.66663,-92.97464,America/Chicago
Avon,MN,45.60913,-94.45167,America/Chicago
Babbitt,MN,47.70853,-91.9446,America/Chicago
Bagley,MN,47.52162,-95.39835,America/Chicago
Barnesville,MN,46.65218,-96.41979,America/Chicago
Baudette,MN,48.71247,-94.59993,America/Chicago
Baxter,MN,46.3433,-94.28667,America/Chicago
Bayport,MN,45.02136,-92.78104,America/Chicago
Becker,MN,45.3933,-93.87692,America/Chicago
Belle Plaine,MN,44.62274,-93.76857,America/Chicago
Bemidji,MN,47.47356,-94.88028,America/Chicago
Benson,MN,45.315,-95.6025,America/Chicago
Big Lake,MN,45.33246,-93.74608,America/Chicago
Birchwood,MN,45.06108,-92.97605,America/Chicago
Blaine,MN,45.1608,-93.23495,America/Chicago
Blooming Prairie,MN,43.86663,-93.05103,America/Chicago
Bloomington,MN,44.8408,-93.29828,America/Chicago
Blue Earth,MN,43.63746,-94.10218,America/Chicago
Braham,MN,45.72274,-93.17078,America/Chicago
Brainerd,MN,46.35802,-94.20083,America/Chicago
Branch,MN,45.48524,-92.96188,America/Chicago
Breckenridge,MN,46.26357,-96.58813,America/Chicago
Breezy Point,MN,46.59001,-94.21982,America/Chicago
Brooklyn Center,MN,45.07608,-93.33273,America/Chicago
Brooklyn Park,MN,45.09413,-93.35634,America/Chicago
Buffalo,MN,45.17191,-93.87469,America/Chicago
Burnsville,MN,44.76774,-93.27772,America/Chicago
Byron,MN,44.03274,-92.64546,America/Chicago
Caledonia,MN,43.63469,-91.49681,America/Chicago
Cambridge,MN,45.57274,-93.22439,America/Chicago
Canby,MN,44.70885,-96.27643,America/Chicago
Cannon Falls,MN,44.50691,-92.90548,America/Chicago
Carlton,MN,46.66383,-92.42491,America/Chicago
Carver,MN,44.76357,-93.62579,America/Chicago
Center City,MN,45.39385,-92.8166,America/Chicago
Centerville,MN,45.16302,-93.05578,America/Chicago
Champlin,MN,45.18885,-93.39745,America/Chicago
Chanhassen,MN,44.86219,-93.53079,America/Chicago
Chaska,MN,44.78941,-93.60218,America/Chicago
Chatfield,MN,43.84552,-92.18905,America/Chicago
Chisago City,MN,45.37358,-92.88994,America/Chicago
Chisholm,MN,47.4891,-92.8838,America/Chicago
Circle Pines,MN,45.14858,-93.15161,America/Chicago
Clara City,MN,44.95496,-95.3664,America/Chicago
Clearwater,MN,45.41941,-94.04887,America/Chicago
Cloquet,MN,46.72161,-92.45936,America/Chicago
Cohasset,MN,47.26356,-93.62022,America/Chicago
Cokato,MN,45.0758,-94.18998,America/Chicago
Cold Spring,MN,45.4558,-94.42888,America/Chicago
Coleraine,MN,47.28883,-93.42771,America/Chicago
Collegeville,MN,45.59441,-94.36305,America/Chicago
Cologne,MN,44.77163,-93.78135,America/Chicago
Columbia Heights,MN,45.0408,-93.263,America/Chicago
Columbus,MN,45.26522,-93.05015,America/Chicago
Coon Rapids,MN,45.11997,-93.28773,America/Chicago
Corcoran,MN,45.09524,-93.54746,America/Chicago
Cottage Grove,MN,44.82774,-92.94382,America/Chicago
Cottonwood,MN,44.60885,-95.67419,America/Chicago
Crookston,MN,47.77414,-96.60812,America/Chicago
Crosby,MN,46.48218,-93.95776,America/Chicago
Crosslake,MN,46.65941,-94.11387,America/Chicago
Crystal,MN,45.03274,-93.36023,America/Chicago
Dassel,MN,45.08163,-94.30693,America/Chicago
Dawson,MN,44.93274,-96.05448,America/Chicago
Dayton,MN,45.24385,-93.51496,America/Chicago
Deephaven,MN,44.92969,-93.52246,America/Chicago
Delano,MN,45.04191,-93.78913,America/Chicago
Dellwood,MN,45.08997,-92.97244,America/Chicago
Detroit Lakes,MN,46.81718,-95.84533,America/Chicago
Dilworth,MN,46.87663,-96.70341,America/Chicago
Dodge Center,MN,44.02802,-92.85464,America/Chicago
Duluth,MN,46.78327,-92.10658,America/Chicago
Dundas,MN,44.42941,-93.20188,America/Chicago
Eagan,MN,44.80413,-93.16689,America/Chicago
Eagle Lake,MN,44.16497,-93.88134,America/Chicago
East Bethel,MN,45.31941,-93.20245,America/Chicago
East Grand Forks,MN,47.92998,-97.02452,America/Chicago
East Gull Lake,MN,46.40802,-94.35584,America/Chicago
Eden Prairie,MN,44.85469,-93.47079,America/Chicago
Eden Valley,MN,45.32607,-94.54611,America/Chicago
Edgerton,MN,43.87247,-96.12864,America/Chicago
Edina,MN,44.88969,-93.34995,America/Chicago
Elbow Lake,MN,45.99413,-95.97672,America/Chicago
Elgin,MN,44.13024,-92.25156,America/Chicago
Elk River,MN,45.30385,-93.56718,America/Chicago
Elko New Market,MN,44.56472,-93.32694,America/Chicago
Ely,MN,47.90324,-91.86709,America/Chicago
Esko,MN,46.70578,-92.36325,America/Chicago
Eveleth,MN,47.46243,-92.53991,America/Chicago
Excelsior,MN,44.9033,-93.56635,America/Chicago
Eyota,MN,43.9883,-92.2285,America/Chicago
Fairfax,MN,44.52913,-94.72082,America/Chicago
Fairmont,MN,43.65218,-94.46108,America/Chicago
Falcon Heights,MN,44.99163,-93.16633,America/Chicago
Faribault,MN,44.29496,-93.26883,America/Chicago
Farmington,MN,44.64024,-93.14355,America/Chicago
Fergus Falls,MN,46.28302,-96.07756,America/Chicago
Foley,MN,45.66469,-93.9097,America/Chicago
Forest Lake,MN,45.27886,-92.98522,America/Chicago
Fosston,MN,47.57635,-95.75141,America/Chicago
Frazee,MN,46.72801,-95.70088,America/Chicago
Fridley,MN,45.08608,-93.26328,America/Chicago
Fulda,MN,43.87052,-95.60029,America/Chicago
Gaylord,MN,44.55302,-94.22053,America/Chicago
Gilbert,MN,47.48882,-92.46491,America/Chicago
Glencoe,MN,44.76913,-94.15164,America/Chicago
Glenwood,MN,45.65024,-95.38976,America/Chicago
Glyndon,MN,46.87524,-96.57896,America/Chicago
Golden Valley,MN,45.00969,-93.34912,America/Chicago
Goodhue,MN,44.40052,-92.6238,America/Chicago
Goodview,MN,44.06246,-91.69571,America/Chicago
Grand Marais,MN,47.75045,-90.33427,America/Chicago
Grand Meadow,MN,43.7058,-92.57212,America/Chicago
Grand Rapids,MN,47.23717,-93.53021,America/Chicago
Granite Falls,MN,44.80996,-95.54558,America/Chicago
Grant,MN,45.08441,-92.91049,America/Chicago
Greenfield,MN,45.1033,-93.69135,America/Chicago
Hallock,MN,48.77443,-96.94645,America/Chicago
Ham Lake,MN,45.25024,-93.24995,America/Chicago
Hanover,MN,45.1558,-93.66635,America/Chicago
Harris,MN,45.58635,-92.97466,America/Chicago
Hastings,MN,44.7433,-92.85243,America/Chicago
Hawley,MN,46.88079,-96.31673,America/Chicago
Hayfield,MN,43.89052,-92.84769,America/Chicago
Hector,MN,44.74385,-94.71555,America/Chicago
Hermantown,MN,46.80689,-92.23825,America/Chicago
Hibbing,MN,47.42715,-92.93769,America/Chicago
Hinckley,MN,46.01134,-92.94437,America/Chicago
Hopkins,MN,44.92496,-93.46273,America/Chicago
Howard Lake,MN,45.0608,-94.07331,America/Chicago
Hoyt Lakes,MN,47.51965,-92.13851,America/Chicago
Hugo,MN,45.15997,-92.99327,America/Chicago
Hutchinson,MN,44.88774,-94.36971,America/Chicago
Independence,MN,45.02524,-93.70746,America/Chicago
International Falls,MN,48.60105,-93.41098,America/Chicago
Inver Grove Heights,MN,44.84802,-93.04272,America/Chicago
Isanti,MN,45.49024,-93.24773,America/Chicago
Ivanhoe,MN,44.4633,-96.24726,America/Chicago
Jackson,MN,43.62079,-94.9886,America/Chicago
Janesville,MN,44.11608,-93.708,America/Chicago
Jordan,MN,44.66691,-93.6269,America/Chicago
Kasson,MN,44.02996,-92.75074,America/Chicago
Keewatin,MN,47.39966,-93.07242,America/Chicago
Kenyon,MN,44.27219,-92.98548,America/Chicago
La Crescent,MN,43.82802,-91.30403,America/Chicago
Lake City,MN,44.44968,-92.2682,America/Chicago
Lake Crystal,MN,44.1058,-94.21885,America/Chicago
Lake Elmo,MN,44.9958,-92.87938,America/Chicago
Lake Saint Croix Beach,MN,44.9208,-92.76687,America/Chicago
Lake Shore,MN,46.48552,-94.36056,America/Chicago
Lakefield,MN,43.67746,-95.17166,America/Chicago
Lakeland,MN,44.95636,-92.76576,America/Chicago
Lakeville,MN,44.64969,-93.24272,America/Chicago
Lauderdale,MN,44.99858,-93.20578,America/Chicago
Le Center,MN,44.38941,-93.73023,America/Chicago
Le Sueur,MN,44.46135,-93.91524,America/Chicago
Lester Prairie,MN,44.88385,-94.04164,America/Chicago
Lewiston,MN,43.98441,-91.86932,America/Chicago
Lexington,MN,45.14247,-93.16328,America/Chicago
Lindstrom,MN,45.38941,-92.84799,America/Chicago
Lino Lakes,MN,45.16024,-93.08883,America/Chicago
Litchfield,MN,45.12718,-94.52805,America/Chicago
Little Canada,MN,45.02691,-93.08772,America/Chicago
Little Falls,MN,45.97635,-94.3625,America/Chicago
Little Rock,MN,47.86801,-95.11055,America/Chicago
Long Lake,MN,44.98663,-93.57162,America/Chicago
Long Prairie,MN,45.97469,-94.86558,America/Chicago
Longfellow Community,MN,44.94256,-93.22557,America/Chicago
Lonsdale,MN,44.48024,-93.42856,America/Chicago
Luverne,MN,43.65414,-96.21281,America/Chicago
Madelia,MN,44.05079,-94.4183,America/Chicago
Madison,MN,45.00968,-96.19588,America/Chicago
Madison Lake,MN,44.20441,-93.81551,America/Chicago
Mahnomen,MN,47.31524,-95.96865,America/Chicago
Mahtomedi,MN,45.06969,-92.9516,America/Chicago
Mankato,MN,44.15906,-94.00915,America/Chicago
Mantorville,MN,44.06913,-92.75575,America/Chicago
Maple Grove,MN,45.07246,-93.45579,America/Chicago
Maple Lake,MN,45.22913,-94.00192,America/Chicago
Maple Plain,MN,45.00719,-93.65579,America/Chicago
Mapleton,MN,43.92885,-93.95606,America/Chicago
Maplewood,MN,44.95302,-92.99522,America/Chicago
Marshall,MN,44.4469,-95.78835,America/Chicago
Mayer,MN,44.88496,-93.88775,America/Chicago
Medford,MN,44.17413,-93.24632,America/Chicago
Medina,MN,45.03524,-93.58246,America/Chicago
Melrose,MN,45.67469,-94.80752,America/Chicago
Menahga,MN,46.75385,-95.09808,America/Chicago
Mendota Heights,MN,44.88358,-93.13827,America/Chicago
Milaca,MN,45.7558,-93.65441,America/Chicago
Minneapolis,MN,44.97997,-93.26384,America/Chicago
Minneota,MN,44.55885,-95.98559,America/Chicago
Minnetonka,MN,44.9133,-93.50329,America/Chicago
Minnetonka Mills,MN,44.94107,-93.4419,America/Chicago
Minnetrista,MN,44.9383,-93.71774,America/Chicago
Montevideo,MN,44.94803,-95.71701,America/Chicago
Montgomery,MN,44.43885,-93.58134,America/Chicago
Monticello,MN,45.30552,-93.79414,America/Chicago
Montrose,MN,45.06496,-93.91108,America/Chicago
Moorhead,MN,46.87386,-96.76951,America/Chicago
Moose Lake,MN,46.45411,-92.76187,America/Chicago
Mora,MN,45.8769,-93.29384,America/Chicago
Morris,MN,45.58607,-95.91394,America/Chicago
Mound,MN,44.93663,-93.66607,America/Chicago
Mounds View,MN,45.10497,-93.20856,America/Chicago
Mountain Iron,MN,47.53243,-92.62351,America/Chicago
Mountain Lake,MN,43.93885,-94.92971,America/Chicago
New Brighton,MN,45.06552,-93.20189,America/Chicago
New Hope,MN,45.03802,-93.38662,America/Chicago
New London,MN,45.30108,-94.94418,America/Chicago
New Prague,MN,44.5433,-93.57607,America/Chicago
New Richland,MN,43.89385,-93.49383,America/Chicago
New Ulm,MN,44.31246,-94.46053,America/Chicago
New York Mills,MN,46.51802,-95.37615,America/Chicago
Newport,MN,44.86636,-93.00049,America/Chicago
Nicollet,MN,44.27608,-94.18746,America/Chicago
Nisswa,MN,46.52052,-94.28861,America/Chicago
North Branch,MN,45.51135,-92.98022,America/Chicago
North Mankato,MN,44.1733,-94.03385,America/Chicago
North Oaks,MN,45.10274,-93.07911,America/Chicago
North Saint Paul,MN,45.01247,-92.99188,America/Chicago
Northfield,MN,44.4583,-93.1616,America/Chicago
Norwood (historical),MN,44.76802,-93.92747,America/Chicago
Norwood Young America,MN,44.77357,-93.92163,America/Chicago
Nowthen,MN,45.32802,-93.47023,America/Chicago
Oak Grove,MN,45.3408,-93.3269,America/Chicago
Oak Park Heights,MN,45.03136,-92.79298,America/Chicago
Oakdale,MN,44.96302,-92.96494,America/Chicago
Oakport,MN,46.93191,-96.77897,America/Chicago
Olivia,MN,44.77635,-94.98972,America/Chicago
Orono,MN,44.97135,-93.6044,America/Chicago
Oronoco,MN,44.16608,-92.53491,America/Chicago
Ortonville,MN,45.30469,-96.44478,America/Chicago
Osakis,MN,45.86691,-95.15225,America/Chicago
Osseo,MN,45.11941,-93.40245,America/Chicago
Otsego,MN,45.27413,-93.59135,America/Chicago
Owatonna,MN,44.08385,-93.22604,America/Chicago
Park Rapids,MN,46.92218,-95.05863,America/Chicago
Parkers Prairie,MN,46.15302,-95.32892,America/Chicago
Parkville,MN,47.53104,-92.57907,America/Chicago
Paynesville,MN,45.38052,-94.71195,America/Chicago
Pelican Rapids,MN,46.57079,-96.08311,America/Chicago
Pequot Lakes,MN,46.60302,-94.30944,America/Chicago
Perham,MN,46.5944,-95.57254,America/Chicago
Pierz,MN,45.98163,-94.10471,America/Chicago
Pine City,MN,45.82607,-92.96854,America/Chicago
Pine Island,MN,44.20135,-92.6463,America/Chicago
Pipestone,MN,44.00053,-96.31753,America/Chicago
Plainview,MN,44.16497,-92.17156,America/Chicago
Plymouth,MN,45.01052,-93.45551,America/Chicago
Preston,MN,43.67024,-92.08322,America/Chicago
Princeton,MN,45.56997,-93.58163,America/Chicago
Prior Lake,MN,44.7133,-93.42273,America/Chicago
Proctor,MN,46.74716,-92.22547,America/Chicago
Ramsey,MN,45.2611,-93.45,America/Chicago
Red Lake,MN,47.87635,-95.01694,America/Chicago
Red Lake Falls,MN,47.88219,-96.27421,America/Chicago
Red Wing,MN,44.56247,-92.5338,America/Chicago
Redby,MN,47.87857,-94.91305,America/Chicago
Redwood Falls,MN,44.5394,-95.11694,America/Chicago
Renville,MN,44.78913,-95.21167,America/Chicago
Rice,MN,45.75191,-94.22027,America/Chicago
Richfield,MN,44.8833,-93.283,America/Chicago
Richmond,MN,45.45413,-94.51833,America/Chicago
Robbinsdale,MN,45.03219,-93.33856,America/Chicago
Rochester,MN,44.02163,-92.4699,America/Chicago
Rock Creek,MN,45.75746,-92.96243,America/Chicago
Rockford,MN,45.0883,-93.73441,America/Chicago
Rockville,MN,45.47191,-94.34083,America/Chicago
Rogers,MN,45.18885,-93.55301,America/Chicago
Roseau,MN,48.84609,-95.76277,America/Chicago
Rosemount,MN,44.73941,-93.12577,America/Chicago
Roseville,MN,45.00608,-93.15661,America/Chicago
Royalton,MN,45.82997,-94.29361,America/Chicago
Rush City,MN,45.68551,-92.96549,America/Chicago
Rushford,MN,43.8083,-91.75293,America/Chicago
Saint Anthony,MN,45.02052,-93.218,America/Chicago
Saint Augusta,MN,45.47858,-94.15415,America/Chicago
Saint Augusta,MN,45.4583,-94.19804,America/Chicago
Saint Bonifacius,MN,44.90552,-93.74746,America/Chicago
Saint Charles,MN,43.96941,-92.06433,America/Chicago
Saint Cloud,MN,45.5608,-94.16249,America/Chicago
Saint Francis,MN,45.38691,-93.3594,America/Chicago
Saint James,MN,43.98246,-94.62692,America/Chicago
Saint Joseph,MN,45.56496,-94.31833,America/Chicago
Saint Louis Park,MN,44.9483,-93.34801,America/Chicago
Saint Michael,MN,45.20996,-93.66496,America/Chicago
Saint Paul,MN,44.94441,-93.09327,America/Chicago
Saint Paul Park,MN,44.84219,-92.99132,America/Chicago
Saint Peter,MN,44.32358,-93.95801,America/Chicago
Sandstone,MN,46.13106,-92.86742,America/Chicago
Sartell,MN,45.62163,-94.20694,America/Chicago
Sauk Centre,MN,45.73747,-94.95252,America/Chicago
Sauk Rapids,MN,45.59191,-94.1661,America/Chicago
Savage,MN,44.77913,-93.33634,America/Chicago
Scandia,MN,45.25358,-92.80577,America/Chicago
Shafer,MN,45.38691,-92.74771,America/Chicago
Shakopee,MN,44.79802,-93.5269,America/Chicago
Sherburn,MN,43.65218,-94.72692,America/Chicago
Shoreview,MN,45.07913,-93.14717,America/Chicago
Shorewood,MN,44.9008,-93.58912,America/Chicago
Silver Bay,MN,47.29436,-91.25739,America/Chicago
Slayton,MN,43.98774,-95.75585,America/Chicago
Sleepy Eye,MN,44.29718,-94.72415,America/Chicago
South Saint Paul,MN,44.89274,-93.03494,America/Chicago
Spicer,MN,45.23302,-94.94001,America/Chicago
Spring Grove,MN,43.56108,-91.63598,America/Chicago
Spring Lake Park,MN,45.10774,-93.238,America/Chicago
Spring Park,MN,44.93524,-93.63218,America/Chicago
Spring Valley,MN,43.68691,-92.38906,America/Chicago
Springfield,MN,44.23885,-94.97582,America/Chicago
Stacy,MN,45.39802,-92.98744,America/Chicago
Staples,MN,46.35552,-94.79224,America/Chicago
Starbuck,MN,45.6144,-95.53115,America/Chicago
Stewartville,MN,43.85552,-92.48851,America/Chicago
Stillwater,MN,45.05636,-92.80604,America/Chicago
Taylors Falls,MN,45.40191,-92.65243,America/Chicago
Thief River Falls,MN,48.11914,-96.18115,America/Chicago
Tonka Bay,MN,44.90857,-93.59301,America/Chicago
Tracy,MN,44.23329,-95.61918,America/Chicago
Truman,MN,43.82773,-94.43719,America/Chicago
Two Harbors,MN,47.02271,-91.67073,America/Chicago
Tyler,MN,44.2783,-96.13475,America/Chicago
Vadnais Heights,MN,45.05747,-93.07383,America/Chicago
Victoria,MN,44.85857,-93.66163,America/Chicago
Vineland,MN,46.16357,-93.75747,America/Chicago
Virginia,MN,47.52326,-92.53657,America/Chicago
Wabasha,MN,44.38386,-92.03294,America/Chicago
Waconia,MN,44.8508,-93.78691,America/Chicago
Wadena,MN,46.44246,-95.13614,America/Chicago
Waite Park,MN,45.55719,-94.22416,America/Chicago
Walker,MN,47.10135,-94.58722,America/Chicago
Wanamingo,MN,44.30441,-92.79047,America/Chicago
Warren,MN,48.19664,-96.77284,America/Chicago
Warroad,MN,48.90527,-95.3144,America/Chicago
Waseca,MN,44.07774,-93.50744,America/Chicago
Watertown,MN,44.96357,-93.84719,America/Chicago
Waterville,MN,44.21885,-93.568,America/Chicago
Waverly,MN,45.06663,-93.96636,America/Chicago
Wayzata,MN,44.97413,-93.50662,America/Chicago
Wells,MN,43.74607,-93.72884,America/Chicago
West Coon Rapids,MN,45.15969,-93.34967,America/Chicago
West Saint Paul,MN,44.91608,-93.10161,America/Chicago
Wheaton,MN,45.80441,-96.49923,America/Chicago
White Bear Lake,MN,45.08469,-93.00994,America/Chicago
Willmar,MN,45.12191,-95.04334,America/Chicago
Windom,MN,43.86635,-95.11694,America/Chicago
Winnebago,MN,43.76773,-94.16579,America/Chicago
Winona,MN,44.04996,-91.63932,America/Chicago
Winsted,MN,44.96385,-94.04747,America/Chicago
Winthrop,MN,44.54302,-94.36637,America/Chicago
Woodbury,MN,44.92386,-92.95938,America/Chicago
Worthington,MN,43.61996,-95.5964,America/Chicago
Wyoming,MN,45.33636,-92.99716,America/Chicago
Young America (historical),MN,44.78274,-93.91358,America/Chicago
Zimmerman,MN,45.4433,-93.58996,America/Chicago
Zumbrota,MN,44.29413,-92.66908,America/Chicago
Adrian,MO,38.39752,-94.35162,America/Chicago
Advance,MO,37.10455,-89.90953,America/Chicago
Affton,MO,38.55061,-90.33317,America/Chicago
Albany,MO,39.22334,-94.11328,America/Chicago
Albany,MO,40.24861,-94.33107,America/Chicago
Alton,MO,36.69423,-91.3993,America/Chicago
Anderson,MO,36.65063,-94.44355,America/Chicago
Appleton City,MO,38.19058,-94.02939,America/Chicago
Archie,MO,38.48168,-94.35439,America/Chicago
Arnold,MO,38.43283,-90.37762,America/Chicago
Ash Grove,MO,37.31533,-93.5852,America/Chicago
Ashland,MO,38.77448,-92.25713,America/Chicago
Aurora,MO,36.97089,-93.71798,America/Chicago
Ava,MO,36.952,-92.66045,America/Chicago
Ballwin,MO,38.59505,-90.54623,America/Chicago
Barnhart,MO,38.34422,-90.39345,America/Chicago
Battlefield,MO,37.11561,-93.37019,America/Chicago
Bel-Nor,MO,38.702,-90.31678,America/Chicago
Bel-Ridge,MO,38.7095,-90.32539,America/Chicago
Belle,MO,38.28588,-91.72044,America/Chicago
Bellefontaine Neighbors,MO,38.74033,-90.2265,America/Chicago
Belton,MO,38.81195,-94.5319,America/Chicago
Benton,MO,37.09783,-89.56258,America/Chicago
Berkeley,MO,38.7545,-90.33123,America/Chicago
Bernie,MO,36.66894,-89.9687,America/Chicago
Bethany,MO,40.26833,-94.02829,America/Chicago
Billings,MO,37.06755,-93.55214,America/Chicago
Bismarck,MO,37.76922,-90.62485,America/Chicago
Black Jack,MO,38.79338,-90.26733,America/Chicago
Bloomfield,MO,36.88589,-89.92926,America/Chicago
Blue Springs,MO,39.01695,-94.28161,America/Chicago
Bolivar,MO,37.61448,-93.41047,America/Chicago
Bonne Terre,MO,37.92311,-90.5554,America/Chicago
Boonville,MO,38.97364,-92.74324,America/Chicago
Bourbon,MO,38.15477,-91.24403,America/Chicago
Bowling Green,MO,39.34199,-91.19514,America/Chicago
Branson,MO,36.64367,-93.21851,America/Chicago
Breckenridge Hills,MO,38.7145,-90.36734,America/Chicago
Brentwood,MO,38.61755,-90.34928,America/Chicago
Bridgeton,MO,38.767,-90.41151,America/Chicago
Brookfield,MO,39.78447,-93.07353,America/Chicago
Buckner,MO,39.13251,-94.19856,America/Chicago
Buffalo,MO,37.64393,-93.09241,America/Chicago
Butler,MO,38.25863,-94.33051,America/Chicago
Byrnes Mill,MO,38.43783,-90.58179,America/Chicago
Cabool,MO,37.12394,-92.10127,America/Chicago
California,MO,38.62753,-92.56658,America/Chicago
Calverton Park,MO,38.76477,-90.31373,America/Chicago
Camdenton,MO,38.00809,-92.74463,America/Chicago
Cameron,MO,39.74028,-94.24106,America/Chicago
Campbell,MO,36.49339,-90.07509,America/Chicago
Canton,MO,40.1295,-91.51852,America/Chicago
Cape Girardeau,MO,37.30588,-89.51815,America/Chicago
Carl Junction,MO,37.17672,-94.56551,America/Chicago
Carrollton,MO,39.35835,-93.49577,America/Chicago
Carterville,MO,37.14923,-94.443,America/Chicago
Carthage,MO,37.17645,-94.31022,America/Chicago
Caruthersville,MO,36.19312,-89.65564,America/Chicago
Cassville,MO,36.67701,-93.86881,America/Chicago
Castle Point,MO,38.75811,-90.24817,America/Chicago
Cedar Hill,MO,38.35339,-90.64124,America/Chicago
Centerville,MO,37.43505,-90.95846,America/Chicago
Centralia,MO,39.21032,-92.13795,America/Chicago
Chaffee,MO,37.18005,-89.65509,America/Chicago
Charlack,MO,38.70255,-90.34345,America/Chicago
Charleston,MO,36.92089,-89.35063,America/Chicago
Chesterfield,MO,38.66311,-90.57707,America/Chicago
Chillicothe,MO,39.79529,-93.55244,America/Chicago
Clarkson Valley,MO,38.61839,-90.58929,America/Chicago
Clarkton,MO,36.45173,-89.96704,America/Chicago
Claycomo,MO,39.2025,-94.49245,America/Chicago
Clayton,MO,38.64255,-90.32373,America/Chicago
Clever,MO,37.03033,-93.47297,America/Chicago
Clinton,MO,38.36863,-93.77827,America/Chicago
Cole Camp,MO,38.46002,-93.2027,America/Chicago
Columbia,MO,38.95171,-92.33407,America/Chicago
Concord,MO,38.5245,-90.35734,America/Chicago
Concordia,MO,38.98335,-93.56855,America/Chicago
Cool Valley,MO,38.72783,-90.31011,America/Chicago
Cottleville,MO,38.74616,-90.65401,America/Chicago
Country Club Hills,MO,38.72088,-90.27484,America/Chicago
Country Club Village,MO,39.83222,-94.82163,America/Chicago
Crane,MO,36.90534,-93.57158,America/Chicago
Crestwood,MO,38.557,-90.38178,America/Chicago
Creve Coeur,MO,38.66089,-90.42262,America/Chicago
Crocker,MO,37.94893,-92.26378,America/Chicago
Crystal City,MO,38.22117,-90.37901,America/Chicago
Cuba,MO,38.06282,-91.40348,America/Chicago
Dardenne Prairie,MO,38.7695,-90.72902,America/Chicago
De Soto,MO,38.1395,-90.55513,America/Chicago
Dellwood,MO,38.7495,-90.28567,America/Chicago
Des Peres,MO,38.60089,-90.4329,America/Chicago
Desloge,MO,37.87088,-90.52735,America/Chicago
Dexter,MO,36.79589,-89.95787,America/Chicago
Dixon,MO,37.99171,-92.09378,America/Chicago
Doniphan,MO,36.62089,-90.82346,America/Chicago
Duenweg,MO,37.08367,-94.41356,America/Chicago
Duquesne,MO,37.07673,-94.45939,America/Chicago
East Independence,MO,39.09556,-94.35523,America/Chicago
East Prairie,MO,36.77978,-89.38563,America/Chicago
Edina,MO,40.16754,-92.17268,America/Chicago
El Dorado Springs,MO,37.87698,-94.02133,America/Chicago
Eldon,MO,38.34836,-92.58158,America/Chicago
Ellisville,MO,38.59255,-90.58707,America/Chicago
Elsberry,MO,39.16672,-90.78096,America/Chicago
Elvins,MO,37.83672,-90.5329,America/Chicago
Eminence,MO,37.1506,-91.35764,America/Chicago
Esther,MO,37.85033,-90.49874,America/Chicago
Eureka,MO,38.50255,-90.6279,America/Chicago
Excelsior Springs,MO,39.33917,-94.22606,America/Chicago
Fair Grove,MO,37.38393,-93.1513,America/Chicago
Farmington,MO,37.78088,-90.42179,America/Chicago
Fayette,MO,39.14587,-92.68379,America/Chicago
Fenton,MO,38.51311,-90.43595,America/Chicago
Ferguson,MO,38.74422,-90.30539,America/Chicago
Festus,MO,38.22061,-90.39595,America/Chicago
Flat River,MO,37.85005,-90.51679,America/Chicago
Florissant,MO,38.78922,-90.32261,America/Chicago
Forsyth,MO,36.68506,-93.1199,America/Chicago
Fort Leonard Wood,MO,37.70573,-92.15717,America/Chicago
Four Seasons,MO,38.19809,-92.71102,America/Chicago
Fredericktown,MO,37.55978,-90.29401,America/Chicago
Frontenac,MO,38.63561,-90.41512,America/Chicago
Fulton,MO,38.84671,-91.94796,America/Chicago
Gainesville,MO,36.60312,-92.42822,America/Chicago
Galena,MO,36.80534,-93.46658,America/Chicago
Gallatin,MO,39.91445,-93.96217,America/Chicago
Garden City,MO,38.56112,-94.19133,America/Chicago
Gerald,MO,38.39977,-91.33071,America/Chicago
Gideon,MO,36.45201,-89.91926,America/Chicago
Gladstone,MO,39.20389,-94.55468,America/Chicago
Glasgow,MO,39.22725,-92.84658,America/Chicago
Glasgow Village,MO,38.75366,-90.19844,America/Chicago
Glendale,MO,38.59589,-90.37706,America/Chicago
Goodman,MO,36.74174,-94.39911,America/Chicago
Gower,MO,39.61083,-94.5994,America/Chicago
Grain Valley,MO,39.01501,-94.19856,America/Chicago
Granby,MO,36.91923,-94.25522,America/Chicago
Grandview,MO,38.88584,-94.53301,America/Chicago
Grant City,MO,40.48749,-94.41107,America/Chicago
Gray Summit,MO,38.48978,-90.8168,America/Chicago
Green Park,MO,38.52366,-90.33845,America/Chicago
Greenfield,MO,37.41532,-93.84104,America/Chicago
Greenville,MO,37.12727,-90.45011,America/Chicago
Greenwood,MO,38.85168,-94.34384,America/Chicago
Hallsville,MO,39.11699,-92.22074,America/Chicago
Hamilton,MO,39.74362,-93.99827,America/Chicago
Hanley Hills,MO,38.68588,-90.32373,America/Chicago
Hannibal,MO,39.70838,-91.35848,America/Chicago
Harrisonville,MO,38.65334,-94.34884,America/Chicago
Hartville,MO,37.25088,-92.51044,America/Chicago
Hayti,MO,36.23368,-89.74953,America/Chicago
Hazelwood,MO,38.77144,-90.37095,America/Chicago
Herculaneum,MO,38.26839,-90.38012,America/Chicago
Hermann,MO,38.70421,-91.43738,America/Chicago
Hermitage,MO,37.94142,-93.31631,America/Chicago
Higginsville,MO,39.07251,-93.71716,America/Chicago
High Ridge,MO,38.45894,-90.53651,America/Chicago
Hillsboro,MO,38.23228,-90.5629,America/Chicago
Hillsdale,MO,38.68338,-90.284,America/Chicago
Holden,MO,38.71418,-93.99133,America/Chicago
Hollister,MO,36.62117,-93.21546,America/Chicago
Holts Summit,MO,38.64032,-92.12241,America/Chicago
Houston,MO,37.32616,-91.95599,America/Chicago
Humansville,MO,37.79448,-93.57798,America/Chicago
Huntsville,MO,39.44059,-92.54518,America/Chicago
Imperial,MO,38.36978,-90.37845,America/Chicago
Independence,MO,39.09112,-94.41551,America/Chicago
Ironton,MO,37.59727,-90.62734,America/Chicago
Jackson,MO,37.38227,-89.66621,America/Chicago
Jefferson City,MO,38.5767,-92.17352,America/Chicago
Jennings,MO,38.71922,-90.26039,America/Chicago
Joplin,MO,37.08423,-94.51328,America/Chicago
Kahoka,MO,40.42032,-91.71961,America/Chicago
Kansas City,MO,39.09973,-94.57857,America/Chicago
Kearney,MO,39.36778,-94.36217,America/Chicago
Kennett,MO,36.23618,-90.05565,America/Chicago
Keytesville,MO,39.43447,-92.93825,America/Chicago
Kimberling City,MO,36.6334,-93.41685,America/Chicago
King City,MO,40.05138,-94.52412,America/Chicago
Kingston,MO,39.64417,-94.03855,America/Chicago
Kirksville,MO,40.19475,-92.58325,America/Chicago
Kirkwood,MO,38.58339,-90.40678,America/Chicago
Kissee Mills,MO,36.68367,-93.0499,America/Chicago
Knob Noster,MO,38.76668,-93.55855,America/Chicago
La Monte,MO,38.77418,-93.42521,America/Chicago
La Plata,MO,40.02337,-92.49158,America/Chicago
LaBarque Creek,MO,38.41701,-90.67989,America/Chicago
Ladue,MO,38.64977,-90.38067,America/Chicago
Lake Lotawana,MO,38.92306,-94.24411,America/Chicago
Lake Ozark,MO,38.19864,-92.6388,America/Chicago
Lake Saint Louis,MO,38.79755,-90.78568,America/Chicago
Lake Winnebago,MO,38.8314,-94.35856,America/Chicago
Lakeshire,MO,38.53866,-90.33512,America/Chicago
Lamar,MO,37.49505,-94.27661,America/Chicago
Lancaster,MO,40.52086,-92.52797,America/Chicago
Lathrop,MO,39.54834,-94.32995,America/Chicago
Lawson,MO,39.43834,-94.20411,America/Chicago
Leadwood,MO,37.86727,-90.59318,America/Chicago
Lebanon,MO,37.6806,-92.66379,America/Chicago
Lee's Summit,MO,38.91084,-94.38217,America/Chicago
Lemay,MO,38.53339,-90.27928,America/Chicago
Lexington,MO,39.18473,-93.87994,America/Chicago
Liberty,MO,39.24611,-94.41912,America/Chicago
Licking,MO,37.49949,-91.8571,America/Chicago
Lilbourn,MO,36.59228,-89.61536,America/Chicago
Lincoln,MO,38.39086,-93.33465,America/Chicago
Linn,MO,38.48587,-91.85045,America/Chicago
Linneus,MO,39.87863,-93.18882,America/Chicago
Lone Jack,MO,38.87084,-94.17383,America/Chicago
Louisiana,MO,39.44894,-91.05153,America/Chicago
Macon,MO,39.74226,-92.47269,America/Chicago
Malden,MO,36.557,-89.96648,America/Chicago
Manchester,MO,38.597,-90.50929,America/Chicago
Mansfield,MO,37.10672,-92.58072,America/Chicago
Maplewood,MO,38.61255,-90.32456,America/Chicago
Marble Hill,MO,37.30589,-89.97038,America/Chicago
Marceline,MO,39.71197,-92.94825,America/Chicago
Marionville,MO,37.00311,-93.63742,America/Chicago
Marlborough,MO,38.57033,-90.33706,America/Chicago
Marshall,MO,39.12308,-93.19687,America/Chicago
Marshfield,MO,37.33866,-92.90712,America/Chicago
Marthasville,MO,38.62838,-91.05764,America/Chicago
Maryland Heights,MO,38.71311,-90.42984,America/Chicago
Maryville,MO,40.3461,-94.87247,America/Chicago
Maysville,MO,39.88917,-94.3619,America/Chicago
Mehlville,MO,38.50839,-90.32289,America/Chicago
Memphis,MO,40.45781,-92.17129,America/Chicago
Merriam Woods,MO,36.71395,-93.16185,America/Chicago
Mexico,MO,39.16976,-91.88295,America/Chicago
Milan,MO,40.20224,-93.12521,America/Chicago
Moberly,MO,39.41837,-92.43824,America/Chicago
Moline Acres,MO,38.74699,-90.24011,America/Chicago
Monett,MO,36.92895,-93.92771,America/Chicago
Monroe City,MO,39.65365,-91.73461,America/Chicago
Montgomery City,MO,38.97754,-91.50488,America/Chicago
Monticello,MO,40.11838,-91.71211,America/Chicago
Moscow Mills,MO,38.94783,-90.91819,America/Chicago
Mound City,MO,40.13111,-95.23164,America/Chicago
Mount Vernon,MO,37.10367,-93.81854,America/Chicago
Mountain Grove,MO,37.13061,-92.26349,America/Chicago
Mountain View,MO,36.99533,-91.70376,America/Chicago
Murphy,MO,38.49033,-90.48707,America/Chicago
Neosho,MO,36.86896,-94.368,America/Chicago
Nevada,MO,37.83921,-94.35467,America/Chicago
New Franklin,MO,39.01725,-92.73741,America/Chicago
New Haven,MO,38.60838,-91.21904,America/Chicago
New London,MO,39.58532,-91.40098,America/Chicago
New Madrid,MO,36.58645,-89.52785,America/Chicago
Nixa,MO,37.04339,-93.29435,America/Chicago
Noel,MO,36.54563,-94.48522,America/Chicago
Normandy,MO,38.72088,-90.29734,America/Chicago
North Kansas City,MO,39.13,-94.56218,America/Chicago
Northwoods,MO,38.70422,-90.28345,America/Chicago
O'Fallon,MO,38.81061,-90.69985,America/Chicago
Oak Grove,MO,39.00501,-94.12939,America/Chicago
Oakland,MO,38.57644,-90.38567,America/Chicago
Oakville,MO,38.47005,-90.30456,America/Chicago
Odessa,MO,38.99917,-93.95356,America/Chicago
Old Jamestown,MO,38.83494,-90.28511,America/Chicago
Olivette,MO,38.66533,-90.37595,America/Chicago
Oran,MO,37.08505,-89.65536,America/Chicago
Oregon,MO,39.98694,-95.14498,America/Chicago
Oronogo,MO,37.18839,-94.47023,America/Chicago
Osage Beach,MO,38.12956,-92.65277,America/Chicago
Osceola,MO,38.0467,-93.70438,America/Chicago
Overland,MO,38.70116,-90.36234,America/Chicago
Owensville,MO,38.3456,-91.50155,America/Chicago
Ozark,MO,37.02089,-93.20602,America/Chicago
Pacific,MO,38.482,-90.74152,America/Chicago
Pagedale,MO,38.68338,-90.30761,America/Chicago
Palmyra,MO,39.79421,-91.52321,America/Chicago
Paris,MO,39.48087,-92.00128,America/Chicago
Park Hills,MO,37.85422,-90.51818,America/Chicago
Parkville,MO,39.195,-94.68218,America/Chicago
Peculiar,MO,38.71918,-94.45856,America/Chicago
Perryville,MO,37.72422,-89.86122,America/Chicago
Pevely,MO,38.28339,-90.39512,America/Chicago
Piedmont,MO,37.15449,-90.69567,America/Chicago
Pierce City,MO,36.9459,-94.00021,America/Chicago
Pine Lawn,MO,38.69588,-90.27511,America/Chicago
Pineville,MO,36.59452,-94.3841,America/Chicago
Platte City,MO,39.37028,-94.78246,America/Chicago
Plattsburg,MO,39.56555,-94.44801,America/Chicago
Pleasant Hill,MO,38.78751,-94.26939,America/Chicago
Pleasant Valley,MO,39.21639,-94.48412,America/Chicago
Poplar Bluff,MO,36.757,-90.39289,America/Chicago
Portageville,MO,36.42534,-89.69953,America/Chicago
Potosi,MO,37.93644,-90.78791,America/Chicago
Princeton,MO,40.40084,-93.5805,America/Chicago
Purdy,MO,36.81729,-93.92076,America/Chicago
Raymore,MO,38.80195,-94.45273,America/Chicago
Raytown,MO,39.00862,-94.46356,America/Chicago
Republic,MO,37.12005,-93.48019,America/Chicago
Rich Hill,MO,38.09642,-94.36106,America/Chicago
Richland,MO,37.85698,-92.40434,America/Chicago
Richmond,MO,39.27862,-93.97689,America/Chicago
Richmond Heights,MO,38.62866,-90.31956,America/Chicago
Riverside,MO,38.28672,-90.38012,America/Chicago
Riverside,MO,39.1775,-94.61301,America/Chicago
Riverview,MO,38.27586,-93.06964,America/Chicago
Riverview,MO,38.74783,-90.2115,America/Chicago
Rock Hill,MO,38.60755,-90.37845,America/Chicago
Rock Port,MO,40.41111,-95.51693,America/Chicago
Rogersville,MO,37.117,-93.05573,America/Chicago
Rolla,MO,37.95143,-91.77127,America/Chicago
Saint Ann,MO,38.72727,-90.38317,America/Chicago
Saint Charles,MO,38.78394,-90.48123,America/Chicago
Saint Clair,MO,38.34533,-90.98097,America/Chicago
Saint George,MO,38.53672,-90.31484,America/Chicago
Saint James,MO,37.99726,-91.61432,America/Chicago
Saint John,MO,38.71484,-90.34627,America/Chicago
Saint Johns,MO,38.71338,-90.34317,America/Chicago
Saint Joseph,MO,39.76861,-94.84663,America/Chicago
Saint Martins,MO,38.5942,-92.33713,America/Chicago
Saint Paul,MO,38.86144,-90.74179,America/Chicago
Saint Peters,MO,38.80033,-90.62651,America/Chicago
Saint Robert,MO,37.8281,-92.17767,America/Chicago
Sainte Genevieve,MO,37.98144,-90.04178,America/Chicago
Salem,MO,37.6456,-91.53598,America/Chicago
Salisbury,MO,39.42392,-92.80158,America/Chicago
Sappington,MO,38.537,-90.37984,America/Chicago
Sarcoxie,MO,37.06923,-94.1166,America/Chicago
Savannah,MO,39.94166,-94.83025,America/Chicago
Scott City,MO,37.21672,-89.52453,America/Chicago
Sedalia,MO,38.70446,-93.22826,America/Chicago
Senath,MO,36.13423,-90.15982,America/Chicago
Seneca,MO,36.84146,-94.61106,America/Chicago
Seymour,MO,37.14644,-92.76878,America/Chicago
Shelbina,MO,39.69393,-92.04295,America/Chicago
Shelbyville,MO,39.80587,-92.04156,America/Chicago
Shell Knob,MO,36.63229,-93.63436,America/Chicago
Shrewsbury,MO,38.59033,-90.33678,America/Chicago
Sikeston,MO,36.87672,-89.58786,America/Chicago
Slater,MO,39.21808,-93.06909,America/Chicago
Smithville,MO,39.38694,-94.58107,America/Chicago
Spanish Lake,MO,38.78783,-90.21594,America/Chicago
Sparta,MO,37.00116,-93.08157,America/Chicago
Springfield,MO,37.21533,-93.29824,America/Chicago
St. Louis,MO,38.62727,-90.19789,America/Chicago
Stanberry,MO,40.21777,-94.53829,America/Chicago
Steele,MO,36.08396,-89.82925,America/Chicago
Steelville,MO,37.9681,-91.35487,America/Chicago
Stockton,MO,37.69893,-93.79604,America/Chicago
Stover,MO,38.44086,-92.99187,America/Chicago
Strafford,MO,37.26838,-93.11713,America/Chicago
Sugar Creek,MO,39.10973,-94.44467,America/Chicago
Sullivan,MO,38.2081,-91.16042,America/Chicago
Sunset Hills,MO,38.53894,-90.40734,America/Chicago
Sweet Springs,MO,38.96363,-93.41493,America/Chicago
Taos,MO,38.50643,-92.07101,America/Chicago
Tarkio,MO,40.44028,-95.37776,America/Chicago
Terre Haute,MO,40.43946,-93.2341,America/Chicago
Terre du Lac,MO,37.91172,-90.62541,America/Chicago
Thayer,MO,36.52451,-91.5382,America/Chicago
Tipton,MO,38.65558,-92.77992,America/Chicago
Town and Country,MO,38.61228,-90.46345,America/Chicago
Trenton,MO,40.0789,-93.61661,America/Chicago
Troy,MO,38.97949,-90.9807,America/Chicago
Tuscumbia,MO,38.23309,-92.45852,America/Chicago
Union,MO,38.45005,-91.00848,America/Chicago
Unionville,MO,40.47696,-93.00326,America/Chicago
University City,MO,38.65588,-90.30928,America/Chicago
Valley Park,MO,38.54922,-90.49262,America/Chicago
Van Buren,MO,36.99561,-91.01457,America/Chicago
Vandalia,MO,39.31087,-91.48849,America/Chicago
Velda Village,MO,38.69005,-90.29428,America/Chicago
Velda Village Hills,MO,38.69061,-90.28734,America/Chicago
Versailles,MO,38.43141,-92.84103,America/Chicago
Vienna,MO,38.18671,-91.94711,America/Chicago
Villa Ridge,MO,38.47255,-90.8868,America/Chicago
Vinita Park,MO,38.69005,-90.34262,America/Chicago
Wardsville,MO,38.48892,-92.17435,America/Chicago
Warrensburg,MO,38.76279,-93.73605,America/Chicago
Warrenton,MO,38.81144,-91.14154,America/Chicago
Warsaw,MO,38.24308,-93.38187,America/Chicago
Warson Woods,MO,38.60727,-90.38345,America/Chicago
Washington,MO,38.55811,-91.01209,America/Chicago
Waynesville,MO,37.82865,-92.20072,America/Chicago
Weatherby Lake,MO,39.23778,-94.69607,America/Chicago
Webb City,MO,37.14645,-94.463,America/Chicago
Webster Groves,MO,38.59255,-90.35734,America/Chicago
Weldon Spring,MO,38.71339,-90.68929,America/Chicago
Wellston,MO,38.67283,-90.29928,America/Chicago
Wellsville,MO,39.07198,-91.57016,America/Chicago
Wentzville,MO,38.81144,-90.85291,America/Chicago
West Plains,MO,36.72812,-91.85237,America/Chicago
Weston,MO,39.41111,-94.90163,America/Chicago
Whiteman Air Force Base,MO,38.73018,-93.55895,America/Chicago
Wildwood,MO,38.58283,-90.6629,America/Chicago
Willard,MO,37.30505,-93.42853,America/Chicago
Willow Springs,MO,36.99228,-91.96987,America/Chicago
Winchester,MO,38.59033,-90.5279,America/Chicago
Windsor,MO,38.53224,-93.52215,America/Chicago
Winfield,MO,38.99727,-90.73846,America/Chicago
Winona,MO,37.00977,-91.32347,America/Chicago
Woodson Terrace,MO,38.72505,-90.35845,America/Chicago
Wright City,MO,38.82755,-91.02014,America/Chicago
Aberdeen,MS,33.82511,-88.54366,America/Chicago
Ackerman,MS,33.31012,-89.17284,America/Chicago
Amory,MS,33.98428,-88.4881,America/Chicago
Arnold Line,MS,31.33517,-89.3734,America/Chicago
Ashland,MS,34.83287,-89.1759,America/Chicago
Baldwyn,MS,34.50954,-88.63533,America/Chicago
Batesville,MS,34.3115,-89.94426,America/Chicago
Bay Saint Louis,MS,30.30881,-89.33005,America/Chicago
Bay Springs,MS,31.97904,-89.28728,America/Chicago
Beechwood,MS,32.32765,-90.82677,America/Chicago
Belmont,MS,31.56877,-88.48391,America/Chicago
Belmont,MS,34.50982,-88.20921,America/Chicago
Belzoni,MS,33.18429,-90.48926,America/Chicago
Biloxi,MS,30.39603,-88.88531,America/Chicago
Booneville,MS,34.65815,-88.56672,America/Chicago
Brandon,MS,32.2732,-89.98592,America/Chicago
Brookhaven,MS,31.57906,-90.44065,America/Chicago
Brooksville,MS,33.23457,-88.58227,America/Chicago
Bruce,MS,33.99206,-89.34896,America/Chicago
Bude,MS,31.46295,-90.8501,America/Chicago
Byhalia,MS,34.87232,-89.69064,America/Chicago
Byram,MS,32.17932,-90.24537,America/Chicago
Caledonia,MS,33.68289,-88.32448,America/Chicago
Calhoun City,MS,33.85539,-89.31146,America/Chicago
Canton,MS,32.61264,-90.03675,America/Chicago
Carriere,MS,30.61686,-89.65256,America/Chicago
Carrollton,MS,33.50818,-89.92036,America/Chicago
Carthage,MS,32.73264,-89.53618,America/Chicago
Centreville,MS,31.08962,-91.06844,America/Chicago
Charleston,MS,34.00678,-90.05676,America/Chicago
Clarksdale,MS,34.20011,-90.57093,America/Chicago
Cleary,MS,32.16543,-90.18064,America/Chicago
Cleveland,MS,33.744,-90.72482,America/Chicago
Clinton,MS,32.34153,-90.32176,America/Chicago
Coldwater,MS,32.71486,-89.21423,America/Chicago
Coldwater,MS,34.69177,-89.97731,America/Chicago
Collins,MS,31.64544,-89.55535,America/Chicago
Collinsville,MS,32.49792,-88.84588,America/Chicago
Columbia,MS,31.25184,-89.83758,America/Chicago
Columbus,MS,33.49567,-88.42726,America/Chicago
Columbus Air Force Base,MS,33.63239,-88.45153,America/Chicago
Como,MS,34.51066,-89.93981,America/Chicago
Conehatta,MS,32.45125,-89.28534,America/Chicago
Corinth,MS,34.93425,-88.52227,America/Chicago
Crystal Springs,MS,31.98738,-90.35704,America/Chicago
D'Iberville,MS,30.42631,-88.89086,America/Chicago
De Kalb,MS,32.76763,-88.65088,America/Chicago
De Lisle,MS,30.37936,-89.26449,America/Chicago
Decatur,MS,32.43903,-89.10839,America/Chicago
Derma,MS,33.85567,-89.28452,America/Chicago
Diamondhead,MS,30.39464,-89.36394,America/Chicago
Drew,MS,33.80956,-90.52648,America/Chicago
Duck Hill,MS,33.63318,-89.71119,America/Chicago
Durant,MS,33.07513,-89.85453,America/Chicago
Edwards,MS,32.33015,-90.60565,America/Chicago
Ellisville,MS,31.60405,-89.19561,America/Chicago
Escatawpa,MS,30.487,-88.552,America/Chicago
Eupora,MS,33.54068,-89.26701,America/Chicago
Farmington,MS,34.93009,-88.45227,America/Chicago
Fayette,MS,31.71155,-91.06066,America/Chicago
Flora,MS,32.5432,-90.30926,America/Chicago
Florence,MS,32.15348,-90.1312,America/Chicago
Flowood,MS,32.30959,-90.13898,America/Chicago
Forest,MS,32.36459,-89.47423,America/Chicago
Friars Point,MS,34.37088,-90.63834,America/Chicago
Fulton,MS,34.27399,-88.40921,America/Chicago
Gautier,MS,30.38575,-88.61169,America/Chicago
Glendale,MS,31.36462,-89.30617,America/Chicago
Goodman,MS,32.97013,-89.91231,America/Chicago
Greenville,MS,33.40898,-91.05978,America/Chicago
Greenwood,MS,33.51623,-90.17953,America/Chicago
Grenada,MS,33.769,-89.80842,America/Chicago
Gulf Hills,MS,30.43048,-88.84225,America/Chicago
Gulf Park Estates,MS,30.39187,-88.76114,America/Chicago
Gulfport,MS,30.36742,-89.09282,America/Chicago
Guntown,MS,34.44316,-88.65978,America/Chicago
Hattiesburg,MS,31.32712,-89.29034,America/Chicago
Hazlehurst,MS,31.86044,-90.39593,America/Chicago
Helena,MS,30.49464,-88.49585,America/Chicago
Hernando,MS,34.82399,-89.9937,America/Chicago
Hickory Hills,MS,30.45687,-88.63919,America/Chicago
Hide-A-Way Lake,MS,30.56492,-89.6402,America/Chicago
Hillsboro,MS,32.45931,-89.51146,America/Chicago
Hollandale,MS,33.16901,-90.85399,America/Chicago
Holly Springs,MS,31.31573,-89.97786,America/Chicago
Holly Springs,MS,34.7676,-89.44869,America/Chicago
Horn Lake,MS,34.95537,-90.03481,America/Chicago
Houston,MS,33.89845,-88.99923,America/Chicago
Hurley,MS,30.66103,-88.49418,America/Chicago
Indianola,MS,33.45095,-90.65509,America/Chicago
Itta Bena,MS,33.49512,-90.31981,America/Chicago
Iuka,MS,34.81176,-88.19004,America/Chicago
Jackson,MS,32.29876,-90.18481,America/Chicago
Jonestown,MS,34.31955,-90.45565,America/Chicago
Kearney Park,MS,32.58903,-90.31537,America/Chicago
Kiln,MS,30.40908,-89.43505,America/Chicago
Kosciusko,MS,33.058,-89.58956,America/Chicago
Lambert,MS,34.20178,-90.28343,America/Chicago
Latimer,MS,30.53464,-88.8667,America/Chicago
Laurel,MS,31.69405,-89.13061,America/Chicago
Leakesville,MS,31.15574,-88.5578,America/Chicago
Leland,MS,33.40539,-90.8976,America/Chicago
Lexington,MS,33.11318,-90.05314,America/Chicago
Liberty,MS,31.15823,-90.81232,America/Chicago
Long Beach,MS,30.35048,-89.15282,America/Chicago
Louisville,MS,33.12374,-89.05506,America/Chicago
Lucedale,MS,30.92519,-88.59002,America/Chicago
Lumberton,MS,31.00129,-89.45229,America/Chicago
Lyman,MS,30.49474,-89.12561,America/Chicago
Lynchburg,MS,34.96232,-90.09593,America/Chicago
Lynchburg,MS,32.44014,-90.54899,America/Chicago
Macon,MS,33.1054,-88.56088,America/Chicago
Madison,MS,32.46181,-90.11536,America/Chicago
Magee,MS,31.87377,-89.73369,America/Chicago
Magnolia,MS,31.14323,-90.45871,America/Chicago
Mantachie,MS,34.32427,-88.49116,America/Chicago
Marion,MS,32.41736,-88.64782,America/Chicago
Marks,MS,34.25683,-90.27298,America/Chicago
Mayersville,MS,32.90207,-91.05122,America/Chicago
McComb,MS,31.24379,-90.45315,America/Chicago
Meadville,MS,31.47239,-90.89677,America/Chicago
Mendenhall,MS,31.96182,-89.87008,America/Chicago
Meridian,MS,32.36431,-88.70366,America/Chicago
Meridian Station,MS,32.55049,-88.61849,America/Chicago
Metcalfe,MS,33.454,-91.00733,America/Chicago
Mikoma,MS,33.95039,-90.28398,America/Chicago
Monticello,MS,31.55378,-90.10731,America/Chicago
Moorhead,MS,33.45012,-90.50564,America/Chicago
Morgantown,MS,31.57267,-91.34761,America/Chicago
Morton,MS,32.35376,-89.65452,America/Chicago
Moss Point,MS,30.41159,-88.53446,America/Chicago
Mound Bayou,MS,33.87817,-90.72732,America/Chicago
Natchez,MS,31.56017,-91.40329,America/Chicago
Nellieburg,MS,32.40681,-88.77727,America/Chicago
Nettleton,MS,34.089,-88.62227,America/Chicago
New Albany,MS,34.49427,-89.00784,America/Chicago
New Augusta,MS,31.20263,-89.03668,America/Chicago
New Hope,MS,33.46817,-88.3267,America/Chicago
Newton,MS,32.32126,-89.16339,America/Chicago
Nicholson,MS,30.47714,-89.69367,America/Chicago
North Tunica,MS,34.70093,-90.37815,America/Chicago
Ocean Springs,MS,30.41131,-88.82781,America/Chicago
Okolona,MS,34.00178,-88.75533,America/Chicago
Olive Branch,MS,34.96176,-89.82953,America/Chicago
Oxford,MS,34.3665,-89.51925,America/Chicago
Pascagoula,MS,30.36576,-88.55613,America/Chicago
Pass Christian,MS,30.31575,-89.24754,America/Chicago
Pearl,MS,32.27459,-90.13203,America/Chicago
Pearl River,MS,32.78347,-89.22784,America/Chicago
Pearlington,MS,30.24658,-89.61117,America/Chicago
Pelahatchie,MS,32.31292,-89.79841,America/Chicago
Petal,MS,31.34656,-89.26006,America/Chicago
Philadelphia,MS,32.77152,-89.11673,America/Chicago
Picayune,MS,30.52556,-89.67788,America/Chicago
Pickens,MS,32.88374,-89.97147,America/Chicago
Pittsboro,MS,33.94039,-89.33757,America/Chicago
Plantersville,MS,34.21344,-88.6645,America/Chicago
Pontotoc,MS,34.24788,-88.99867,America/Chicago
Poplarville,MS,30.84019,-89.53423,America/Chicago
Port Gibson,MS,31.96099,-90.98399,America/Chicago
Prentiss,MS,31.5985,-89.86702,America/Chicago
Purvis,MS,31.14324,-89.40979,America/Chicago
Quitman,MS,32.04015,-88.7281,America/Chicago
Raleigh,MS,32.03349,-89.52229,America/Chicago
Rawls Springs,MS,31.38073,-89.37145,America/Chicago
Raymond,MS,32.25931,-90.4226,America/Chicago
Richland,MS,32.23904,-90.15842,America/Chicago
Richton,MS,31.34934,-88.94005,America/Chicago
Ridgeland,MS,32.42848,-90.13231,America/Chicago
Ripley,MS,34.72982,-88.95062,America/Chicago
Rolling Fork,MS,32.90652,-90.87816,America/Chicago
Rosedale,MS,33.85344,-91.02789,America/Chicago
Ruleville,MS,33.72595,-90.55148,America/Chicago
Saint Martin,MS,30.43798,-88.86809,America/Chicago
Saltillo,MS,34.37649,-88.68172,America/Chicago
Sardis,MS,34.43705,-89.91592,America/Chicago
Saucier,MS,30.63575,-89.13504,America/Chicago
Senatobia,MS,34.6176,-89.9687,America/Chicago
Shannon,MS,34.11622,-88.71172,America/Chicago
Sharon,MS,31.7896,-89.09867,America/Chicago
Shaw,MS,33.60211,-90.77458,America/Chicago
Shelby,MS,33.95094,-90.76788,America/Chicago
Southaven,MS,34.98898,-90.01259,America/Chicago
Starkville,MS,33.45049,-88.81961,America/Chicago
Stonewall,MS,32.13181,-88.79338,America/Chicago
Summit,MS,31.28379,-90.46843,America/Chicago
Sumrall,MS,31.41739,-89.54229,America/Chicago
Sunflower,MS,33.5429,-90.53703,America/Chicago
Taylorsville,MS,31.8296,-89.42812,America/Chicago
Tchula,MS,33.1829,-90.22286,America/Chicago
Terry,MS,32.09626,-90.29426,America/Chicago
Tunica,MS,34.68455,-90.38288,America/Chicago
Tunica Resorts,MS,34.83613,-90.34723,America/Chicago
Tupelo,MS,34.25807,-88.70464,America/Chicago
Tutwiler,MS,34.01483,-90.43176,America/Chicago
Tylertown,MS,31.11601,-90.14203,America/Chicago
Union,MS,32.57153,-89.12145,America/Chicago
University,MS,34.36594,-89.52536,America/Chicago
Vancleave,MS,30.54047,-88.68752,America/Chicago
Vardaman,MS,33.87567,-89.17729,America/Chicago
Verona,MS,34.19427,-88.71977,America/Chicago
Vicksburg,MS,32.35265,-90.87788,America/Chicago
Wade,MS,30.64242,-88.56974,America/Chicago
Walls,MS,34.95824,-90.15256,America/Chicago
Walnut Grove,MS,32.59042,-89.4584,America/Chicago
Walthall,MS,33.60734,-89.27729,America/Chicago
Water Valley,MS,34.1515,-89.63147,America/Chicago
Waveland,MS,30.28686,-89.37616,America/Chicago
Waynesboro,MS,31.67488,-88.64615,America/Chicago
Wesson,MS,31.70128,-90.39759,America/Chicago
West Gulfport,MS,30.40409,-89.0942,America/Chicago
West Hattiesburg,MS,31.31906,-89.37506,America/Chicago
West Point,MS,33.60762,-88.65033,America/Chicago
Wiggins,MS,30.85824,-89.13533,America/Chicago
Winona,MS,33.48207,-89.72814,America/Chicago
Woodville,MS,31.10462,-91.29956,America/Chicago
Yazoo City,MS,32.85513,-90.40565,America/Chicago
Absarokee,MT,45.5205,-109.44294,America/Denver
Anaconda,MT,46.12854,-112.94226,America/Denver
Baker,MT,46.36695,-104.28466,America/Denver
Belgrade,MT,45.77604,-111.1769,America/Denver
Big Sky,MT,45.28465,-111.36829,America/Denver
Big Timber,MT,45.83494,-109.95546,America/Denver
Bigfork,MT,48.06329,-114.07261,America/Denver
Billings,MT,45.78329,-108.50069,America/Denver
Bonner-West Riverside,MT,46.87669,-113.88678,America/Denver
Boulder,MT,46.23659,-112.12083,America/Denver
Bozeman,MT,45.67965,-111.03856,America/Denver
Broadus,MT,45.44387,-105.41133,America/Denver
Browning,MT,48.55692,-113.01342,America/Denver
Butte,MT,46.00382,-112.53474,America/Denver
Chester,MT,48.51054,-110.96747,America/Denver
Chinook,MT,48.59,-109.23128,America/Denver
Choteau,MT,47.81245,-112.18363,America/Denver
Circle,MT,47.41667,-105.59222,America/Denver
Clancy,MT,46.46521,-111.98638,America/Denver
Clinton,MT,46.76909,-113.7126,America/Denver
Colstrip,MT,45.88416,-106.62364,America/Denver
Columbia Falls,MT,48.37246,-114.18152,America/Denver
Columbus,MT,45.63661,-109.25211,America/Denver
Conrad,MT,48.17025,-111.94613,America/Denver
Crow Agency,MT,45.60164,-107.46119,America/Denver
Cut Bank,MT,48.63304,-112.32616,America/Denver
Deer Lodge,MT,46.39576,-112.73004,America/Denver
Dillon,MT,45.21631,-112.63752,America/Denver
East Helena,MT,46.58966,-111.91555,America/Denver
East Missoula,MT,46.87076,-113.94455,America/Denver
Ekalaka,MT,45.88889,-104.55273,America/Denver
Eureka,MT,48.87996,-115.0535,America/Denver
Evergreen,MT,48.22579,-114.27624,America/Denver
Forsyth,MT,46.26638,-106.67781,America/Denver
Fort Belknap Agency,MT,48.4825,-108.76544,America/Denver
Fort Benton,MT,47.8183,-110.66744,America/Denver
Four Corners,MT,45.66,-111.185,America/Denver
Frenchtown,MT,47.01492,-114.22984,America/Denver
Glasgow,MT,48.19696,-106.63671,America/Denver
Glendive,MT,47.10529,-104.71246,America/Denver
Great Falls,MT,47.50024,-111.30081,America/Denver
Hamilton,MT,46.24687,-114.16037,America/Denver
Hardin,MT,45.73248,-107.61203,America/Denver
Harlowton,MT,46.43551,-109.83435,America/Denver
Havre,MT,48.55,-109.68409,America/Denver
Helena,MT,46.59271,-112.03611,America/Denver
Helena Valley Northeast,MT,46.69882,-111.95207,America/Denver
Helena Valley Northwest,MT,46.72894,-112.06275,America/Denver
Helena Valley Southeast,MT,46.61527,-111.92156,America/Denver
Helena Valley West Central,MT,46.66291,-112.06044,America/Denver
Helena West Side,MT,46.59672,-112.11304,America/Denver
Hysham,MT,46.29277,-107.23423,America/Denver
Jordan,MT,47.32083,-106.91007,America/Denver
Kalispell,MT,48.19579,-114.31291,America/Denver
Lakeside,MT,48.01939,-114.22457,America/Denver
Lame Deer,MT,45.62305,-106.6667,America/Denver
Laurel,MT,45.66912,-108.77153,America/Denver
Lewistown,MT,47.06247,-109.42824,America/Denver
Libby,MT,48.38829,-115.556,America/Denver
Lincoln,MT,46.95494,-112.68171,America/Denver
Livingston,MT,45.66244,-110.56104,America/Denver
Lockwood,MT,45.81912,-108.41486,America/Denver
Lolo,MT,46.75881,-114.08094,America/Denver
Malmstrom Air Force Base,MT,47.50549,-111.18302,America/Denver
Malta,MT,48.35972,-107.87428,America/Denver
Manhattan,MT,45.8566,-111.33246,America/Denver
Miles City,MT,46.40834,-105.84056,America/Denver
Missoula,MT,46.87215,-113.994,America/Denver
Montana City,MT,46.53771,-111.93277,America/Denver
North Browning,MT,48.57025,-113.00953,America/Denver
Orchard Homes,MT,46.86326,-114.04844,America/Denver
Pablo,MT,47.60021,-114.119,America/Denver
Philipsburg,MT,46.33215,-113.29423,America/Denver
Plains,MT,47.46021,-114.88291,America/Denver
Plentywood,MT,48.77475,-104.56246,America/Denver
Polson,MT,47.69355,-114.16317,America/Denver
Red Lodge,MT,45.18578,-109.24682,America/Denver
Ronan,MT,47.52882,-114.1015,America/Denver
Roundup,MT,46.44524,-108.5418,America/Denver
Ryegate,MT,46.29718,-109.25879,America/Denver
Scobey,MT,48.79252,-105.42083,America/Denver
Seeley Lake,MT,47.17938,-113.48452,America/Denver
Shelby,MT,48.50526,-111.85697,America/Denver
Sidney,MT,47.71668,-104.15633,America/Denver
Somers,MT,48.08023,-114.22151,America/Denver
South Browning,MT,48.54608,-113.01425,America/Denver
Stanford,MT,47.15358,-110.21826,America/Denver
Stevensville,MT,46.50992,-114.09316,America/Denver
Sun Prairie,MT,47.5369,-111.48136,America/Denver
Superior,MT,47.19159,-114.8918,America/Denver
Terry,MT,46.79306,-105.31221,America/Denver
Thompson Falls,MT,47.59489,-115.33834,America/Denver
Three Forks,MT,45.89243,-111.55219,America/Denver
Townsend,MT,46.3191,-111.5208,America/Denver
Virginia City,MT,45.29381,-111.94609,America/Denver
Warm Springs,MT,46.18131,-112.78476,America/Denver
West Glendive,MT,47.11085,-104.74968,America/Denver
West Yellowstone,MT,44.66215,-111.10411,America/Denver
White Sulphur Springs,MT,46.54828,-110.90216,America/Denver
Whitefish,MT,48.41108,-114.33763,America/Denver
Whitehall,MT,45.87076,-112.09749,America/Denver
Wibaux,MT,46.98501,-104.18827,America/Denver
Winnett,MT,47.00276,-108.35207,America/Denver
Wolf Point,MT,48.09057,-105.64056,America/Denver
Aberdeen,NC,35.13155,-79.42948,America/New_York
Advance,NC,35.94125,-80.40922,America/New_York
Ahoskie,NC,36.28682,-76.98468,America/New_York
Albemarle,NC,35.35014,-80.20006,America/New_York
Andrews,NC,35.20175,-83.82407,America/New_York
Angier,NC,35.5071,-78.73918,America/New_York
Apex,NC,35.73265,-78.85029,America/New_York
Archdale,NC,35.91458,-79.97198,America/New_York
Archer Lodge,NC,35.69404,-78.37556,America/New_York
Asheboro,NC,35.70791,-79.81364,America/New_York
Asheville,NC,35.60095,-82.55402,America/New_York
Atlantic Beach,NC,34.69905,-76.74021,America/New_York
Avery Creek,NC,35.46345,-82.58262,America/New_York
Ayden,NC,35.47266,-77.41552,America/New_York
Badin,NC,35.40597,-80.11672,America/New_York
Bakersville,NC,36.01567,-82.15874,America/New_York
Balfour,NC,35.34651,-82.47206,America/New_York
Banner Elk,NC,36.16318,-81.8715,America/New_York
Barker Heights,NC,35.31123,-82.44401,America/New_York
Bayboro,NC,35.14294,-76.77021,America/New_York
Bayshore,NC,34.28961,-77.78748,America/New_York
Beaufort,NC,34.7184,-76.66161,America/New_York
Belhaven,NC,35.54017,-76.62299,America/New_York
Belmont,NC,35.24292,-81.0373,America/New_York
Belville,NC,34.23,-77.9892,America/New_York
Benson,NC,35.38211,-78.54862,America/New_York
Bent Creek,NC,35.509,-82.6079,America/New_York
Bermuda Run,NC,36.00375,-80.422,America/New_York
Bessemer City,NC,35.28486,-81.28397,America/New_York
Bethel,NC,35.8071,-77.37886,America/New_York
Bethlehem,NC,35.82569,-81.30703,America/New_York
Beulaville,NC,34.92378,-77.77387,America/New_York
Biltmore Forest,NC,35.53372,-82.52846,America/New_York
Biscoe,NC,35.35986,-79.77976,America/New_York
Black Mountain,NC,35.6179,-82.32123,America/New_York
Bladenboro,NC,34.53878,-78.78752,America/New_York
Blowing Rock,NC,36.13513,-81.67761,America/New_York
Boiling Spring Lakes,NC,34.03045,-78.06721,America/New_York
Boiling Springs,NC,35.25429,-81.66704,America/New_York
Bolivia,NC,34.06767,-78.14833,America/New_York
Boone,NC,36.21679,-81.67455,America/New_York
Boonville,NC,36.23264,-80.70812,America/New_York
Brevard,NC,35.23345,-82.73429,America/New_York
Briar Chapel,NC,35.82417,-79.11694,America/New_York
Brices Creek,NC,35.05599,-77.08773,America/New_York
Broad Creek,NC,34.72072,-76.93633,America/New_York
Broadway,NC,35.45793,-79.05308,America/New_York
Brogden,NC,35.29266,-78.03443,America/New_York
Brunswick,NC,34.28684,-78.70113,America/New_York
Bryson City,NC,35.43127,-83.44944,America/New_York
Buies Creek,NC,35.41322,-78.73557,America/New_York
Burgaw,NC,34.55211,-77.9261,America/New_York
Burlington,NC,36.09569,-79.4378,America/New_York
Burnsville,NC,35.11237,-80.24451,America/New_York
Burnsville,NC,35.91734,-82.30096,America/New_York
Butner,NC,36.13209,-78.75667,America/New_York
Buxton,NC,35.26768,-75.54237,America/New_York
Cajahs Mountain,NC,35.83485,-81.54148,America/New_York
Calabash,NC,33.89073,-78.56834,America/New_York
Camden,NC,36.32849,-76.17188,America/New_York
Canton,NC,35.53288,-82.83736,America/New_York
Cape Carteret,NC,34.69155,-77.063,America/New_York
Carolina Beach,NC,34.03517,-77.8936,America/New_York
Carolina Shores,NC,33.90101,-78.58057,America/New_York
Carrboro,NC,35.91014,-79.07529,America/New_York
Carthage,NC,35.34599,-79.41697,America/New_York
Cary,NC,35.79154,-78.78112,America/New_York
Castle Hayne,NC,34.35572,-77.89999,America/New_York
Cedar Point,NC,34.68766,-77.07245,America/New_York
Chadbourn,NC,34.32211,-78.82697,America/New_York
Chapel Hill,NC,35.9132,-79.05584,America/New_York
Charlotte,NC,35.22709,-80.84313,America/New_York
Cherokee,NC,35.47427,-83.31487,America/New_York
Cherryville,NC,35.37874,-81.37897,America/New_York
China Grove,NC,35.56931,-80.58173,America/New_York
Claremont,NC,35.71458,-81.14619,America/New_York
Clayton,NC,35.65071,-78.45639,America/New_York
Clemmons,NC,36.02153,-80.382,America/New_York
Clinton,NC,34.99795,-78.32333,America/New_York
Clyde,NC,35.53344,-82.91069,America/New_York
Coats,NC,35.40794,-78.67196,America/New_York
Columbia,NC,35.91766,-76.25215,America/New_York
Columbus,NC,35.25317,-82.19706,America/New_York
Concord,NC,35.40888,-80.58158,America/New_York
Connelly Springs,NC,35.74291,-81.51343,America/New_York
Conover,NC,35.70652,-81.21869,America/New_York
Cordova,NC,34.91293,-79.822,America/New_York
Cornelius,NC,35.4868,-80.86007,America/New_York
Cove Creek,NC,35.60649,-83.01125,America/New_York
Cramerton,NC,35.23875,-81.07508,America/New_York
Creedmoor,NC,36.12237,-78.68611,America/New_York
Cricket,NC,36.17152,-81.19398,America/New_York
Cullowhee,NC,35.31371,-83.17653,America/New_York
Currituck,NC,36.44988,-76.01548,America/New_York
Dallas,NC,35.31653,-81.17619,America/New_York
Dana,NC,35.32928,-82.3754,America/New_York
Danbury,NC,36.4093,-80.20588,America/New_York
Davidson,NC,35.50233,-80.83912,America/New_York
Denton,NC,35.63347,-80.11588,America/New_York
Denver,NC,35.53125,-81.0298,America/New_York
Dobson,NC,36.39569,-80.72257,America/New_York
Drexel,NC,35.75791,-81.60426,America/New_York
Dunn,NC,35.30627,-78.6089,America/New_York
Durham,NC,35.99403,-78.89862,America/New_York
East Flat Rock,NC,35.28012,-82.42206,America/New_York
East Rockingham,NC,34.91821,-79.76256,America/New_York
East Spencer,NC,35.68181,-80.43228,America/New_York
Eastover,NC,35.1,-78.8,America/New_York
Eden,NC,36.48847,-79.7667,America/New_York
Edenton,NC,36.05794,-76.60772,America/New_York
Edneyville,NC,35.39401,-82.34095,America/New_York
Elizabeth City,NC,36.2946,-76.25105,America/New_York
Elizabethtown,NC,34.62934,-78.60529,America/New_York
Elkin,NC,36.2443,-80.8484,America/New_York
Ellerbe,NC,35.07126,-79.76144,America/New_York
Elm City,NC,35.80655,-77.86332,America/New_York
Elon,NC,36.10291,-79.50669,America/New_York
Elroy,NC,35.34266,-77.90859,America/New_York
Emerald Isle,NC,34.67794,-76.95078,America/New_York
Enfield,NC,36.18099,-77.66664,America/New_York
Enochville,NC,35.52986,-80.66812,America/New_York
Erwin,NC,35.32683,-78.67613,America/New_York
Etowah,NC,35.31762,-82.59429,America/New_York
Fairfield Harbour,NC,35.07655,-76.96356,America/New_York
Fairmont,NC,34.49683,-79.1142,America/New_York
Fairplains,NC,36.19847,-81.15286,America/New_York
Fairview,NC,35.51401,-82.39595,America/New_York
Fairview,NC,35.13848,-80.53757,America/New_York
Farmville,NC,35.57071,-79.22002,America/New_York
Farmville,NC,35.59544,-77.58525,America/New_York
Fayetteville,NC,35.05266,-78.87836,America/New_York
Fearrington Village,NC,35.80376,-79.09029,America/New_York
Flat Rock,NC,35.27123,-82.44151,America/New_York
Flat Rock,NC,36.51236,-80.56978,America/New_York
Fletcher,NC,35.43067,-82.50123,America/New_York
Forest City,NC,35.33401,-81.8651,America/New_York
Forest Oaks,NC,35.98819,-79.70614,America/New_York
Fort Bragg,NC,35.139,-79.00603,America/New_York
Foscoe,NC,36.16179,-81.76566,America/New_York
Four Oaks,NC,35.44488,-78.42695,America/New_York
Franklin,NC,35.18232,-83.38154,America/New_York
Franklin,NC,35.72125,-80.49895,America/New_York
Franklinton,NC,36.10182,-78.45805,America/New_York
Franklinville,NC,35.74375,-79.69225,America/New_York
Fremont,NC,35.54544,-77.97471,America/New_York
Fruitland,NC,35.39651,-82.39317,America/New_York
Fuquay-Varina,NC,35.58432,-78.80001,America/New_York
Gamewell,NC,35.8693,-81.59621,America/New_York
Garner,NC,35.71126,-78.61417,America/New_York
Gaston,NC,36.50043,-77.64498,America/New_York
Gastonia,NC,35.26208,-81.1873,America/New_York
Gatesville,NC,36.40349,-76.75301,America/New_York
Gibsonville,NC,36.10569,-79.54225,America/New_York
Glen Alpine,NC,35.72902,-81.77927,America/New_York
Glen Raven,NC,36.11319,-79.47641,America/New_York
Goldsboro,NC,35.38488,-77.99277,America/New_York
Gorman,NC,36.03653,-78.82334,America/New_York
Graham,NC,36.06903,-79.40058,America/New_York
Granite Falls,NC,35.79652,-81.43065,America/New_York
Granite Quarry,NC,35.61236,-80.44673,America/New_York
Green Level,NC,36.12097,-79.34419,America/New_York
Green Level,NC,35.78209,-78.9039,America/New_York
Greensboro,NC,36.07264,-79.79198,America/New_York
Greenville,NC,35.61266,-77.36635,America/New_York
Grifton,NC,35.37266,-77.43746,America/New_York
Half Moon,NC,34.826,-77.45941,America/New_York
Halifax,NC,36.32849,-77.58942,America/New_York
Hamlet,NC,34.88488,-79.69422,America/New_York
Hampstead,NC,34.36767,-77.71053,America/New_York
Harkers Island,NC,34.69516,-76.55937,America/New_York
Harrisburg,NC,35.32395,-80.65784,America/New_York
Havelock,NC,34.87905,-76.90133,America/New_York
Haw River,NC,36.09153,-79.36419,America/New_York
Hayesville,NC,35.0462,-83.81795,America/New_York
Hays,NC,36.24985,-81.11564,America/New_York
Hazelwood,NC,35.46871,-83.00403,America/New_York
Hemby Bridge,NC,35.10371,-80.62798,America/New_York
Henderson,NC,36.32959,-78.39916,America/New_York
Hendersonville,NC,35.31873,-82.46095,America/New_York
Hertford,NC,36.19016,-76.46605,America/New_York
Hickory,NC,35.73319,-81.3412,America/New_York
High Point,NC,35.95569,-80.00532,America/New_York
Hildebran,NC,35.71402,-81.42203,America/New_York
Hillsborough,NC,36.07542,-79.09973,America/New_York
Holly Ridge,NC,34.49544,-77.55497,America/New_York
Holly Springs,NC,35.65127,-78.83362,America/New_York
Hoopers Creek,NC,35.439,-82.46679,America/New_York
Hope Mills,NC,34.97044,-78.94531,America/New_York
Horse Shoe,NC,35.34317,-82.55651,America/New_York
Hudson,NC,35.84846,-81.49593,America/New_York
Huntersville,NC,35.41069,-80.84285,America/New_York
Icard,NC,35.72735,-81.47065,America/New_York
Indian Trail,NC,35.07681,-80.66924,America/New_York
Jackson,NC,36.3896,-77.42136,America/New_York
Jacksonville,NC,34.75405,-77.43024,America/New_York
James City,NC,35.08877,-77.03495,America/New_York
Jamestown,NC,35.9943,-79.93531,America/New_York
Jefferson,NC,36.4204,-81.47344,America/New_York
Jonesville,NC,36.2393,-80.84452,America/New_York
Kannapolis,NC,35.48736,-80.62173,America/New_York
Kenansville,NC,34.96239,-77.96221,America/New_York
Kenly,NC,35.59627,-78.12416,America/New_York
Kernersville,NC,36.11986,-80.07365,America/New_York
Kill Devil Hills,NC,36.03072,-75.67601,America/New_York
King,NC,36.28069,-80.35922,America/New_York
Kings Grant,NC,34.26295,-77.8636,America/New_York
Kings Mountain,NC,35.24513,-81.34119,America/New_York
Kinston,NC,35.26266,-77.58164,America/New_York
Kitty Hawk,NC,36.06461,-75.70573,America/New_York
Knightdale,NC,35.78765,-78.48056,America/New_York
Kure Beach,NC,33.99684,-77.90721,America/New_York
La Grange,NC,35.30683,-77.78803,America/New_York
Lake Junaluska,NC,35.52788,-82.95958,America/New_York
Lake Lure,NC,35.4279,-82.20483,America/New_York
Lake Norman of Catawba,NC,35.5868,-80.95952,America/New_York
Lake Park,NC,35.08626,-80.63507,America/New_York
Lake Waccamaw,NC,34.31906,-78.50001,America/New_York
Landis,NC,35.54569,-80.6109,America/New_York
Laurel Hill,NC,34.80905,-79.54783,America/New_York
Laurel Park,NC,35.31373,-82.49345,America/New_York
Laurinburg,NC,34.77405,-79.46282,America/New_York
Leland,NC,34.25628,-78.04471,America/New_York
Lenoir,NC,35.91402,-81.53898,America/New_York
Lewisville,NC,36.09708,-80.41922,America/New_York
Lexington,NC,35.82403,-80.25338,America/New_York
Liberty,NC,35.85347,-79.57169,America/New_York
Lillington,NC,35.39933,-78.81585,America/New_York
Lincolnton,NC,35.47375,-81.25453,America/New_York
Locust,NC,35.25987,-80.42534,America/New_York
Long Beach,NC,33.91045,-78.11777,America/New_York
Longview,NC,35.7293,-81.38342,America/New_York
Louisburg,NC,36.09904,-78.30111,America/New_York
Lowell,NC,35.26792,-81.10285,America/New_York
Lowesville,NC,35.41708,-81.01119,America/New_York
Lucama,NC,35.64544,-78.00971,America/New_York
Lumberton,NC,34.61834,-79.01045,America/New_York
Madison,NC,36.38542,-79.95949,America/New_York
Maggie Valley,NC,35.51816,-83.09764,America/New_York
Maiden,NC,35.57569,-81.21175,America/New_York
Manteo,NC,35.90823,-75.67573,America/New_York
Mar-Mac,NC,35.33488,-78.05582,America/New_York
Marion,NC,35.68401,-82.00927,America/New_York
Mars Hill,NC,35.8265,-82.5493,America/New_York
Marshall,NC,35.79733,-82.68403,America/New_York
Marshville,NC,34.98849,-80.36701,America/New_York
Marvin,NC,34.99182,-80.81479,America/New_York
Masonboro,NC,34.17934,-77.84748,America/New_York
Matthews,NC,35.11681,-80.72368,America/New_York
Maury,NC,35.48211,-77.58608,America/New_York
Maxton,NC,34.73516,-79.34893,America/New_York
Mayodan,NC,36.41236,-79.96699,America/New_York
Maysville,NC,34.90488,-77.23134,America/New_York
McLeansville,NC,36.10736,-79.65864,America/New_York
Mebane,NC,36.09597,-79.26696,America/New_York
Midland,NC,35.22737,-80.50062,America/New_York
Midway,NC,35.95347,-80.2181,America/New_York
Millers Creek,NC,36.1893,-81.23759,America/New_York
Mills River,NC,35.38845,-82.56679,America/New_York
Mineral Springs,NC,34.93793,-80.66868,America/New_York
Mint Hill,NC,35.17959,-80.64729,America/New_York
Mocksville,NC,35.89403,-80.56145,America/New_York
Monroe,NC,34.98543,-80.54951,America/New_York
Mooresville,NC,35.58486,-80.81007,America/New_York
Moravian Falls,NC,36.0968,-81.18231,America/New_York
Morehead City,NC,34.72294,-76.72604,America/New_York
Morganton,NC,35.74541,-81.68482,America/New_York
Morrisville,NC,35.82348,-78.82556,America/New_York
Mount Airy,NC,36.4993,-80.60729,America/New_York
Mount Gilead,NC,35.21487,-80.00228,America/New_York
Mount Holly,NC,35.29819,-81.01591,America/New_York
Mount Olive,NC,35.19655,-78.06638,America/New_York
Mount Pleasant,NC,35.39931,-80.4359,America/New_York
Mountain Home,NC,35.36956,-82.4929,America/New_York
Mountain View,NC,35.68319,-81.36898,America/New_York
Moyock,NC,36.5246,-76.17827,America/New_York
Mulberry,NC,36.23958,-81.18064,America/New_York
Murfreesboro,NC,36.44238,-77.09858,America/New_York
Murphy,NC,35.08758,-84.03463,America/New_York
Murraysville,NC,34.29572,-77.84748,America/New_York
Myrtle Grove,NC,34.13462,-77.88165,America/New_York
Nags Head,NC,35.95739,-75.62406,America/New_York
Nashville,NC,35.9746,-77.96554,America/New_York
Navassa,NC,34.25545,-78.00749,America/New_York
Neuse Forest,NC,34.96377,-76.94467,America/New_York
New Bern,NC,35.10849,-77.04411,America/New_York
Newland,NC,36.08735,-81.92734,America/New_York
Newport,NC,34.78655,-76.85911,America/New_York
Newton,NC,35.66986,-81.22147,America/New_York
Norlina,NC,36.4457,-78.19833,America/New_York
North Wilkesboro,NC,36.15847,-81.14758,America/New_York
Northchase,NC,34.30782,-77.87749,America/New_York
Northlakes,NC,35.7818,-81.37509,America/New_York
Norwood,NC,35.21959,-80.11895,America/New_York
Oak Island,NC,33.91656,-78.16111,America/New_York
Oak Ridge,NC,36.17347,-79.98893,America/New_York
Oakboro,NC,35.2257,-80.32895,America/New_York
Ogden,NC,34.27239,-77.81859,America/New_York
Oxford,NC,36.3107,-78.59083,America/New_York
Pembroke,NC,34.68016,-79.19504,America/New_York
Pilot Mountain,NC,36.38653,-80.4695,America/New_York
Pine Knoll Shores,NC,34.69738,-76.81327,America/New_York
Pine Level,NC,35.51322,-78.24444,America/New_York
Pinebluff,NC,35.10988,-79.47226,America/New_York
Pinehurst,NC,35.19543,-79.46948,America/New_York
Pinetops,NC,35.78849,-77.63775,America/New_York
Pineville,NC,35.0832,-80.8923,America/New_York
Piney Green,NC,34.716,-77.32024,America/New_York
Pittsboro,NC,35.72015,-79.17724,America/New_York
Plain View,NC,35.2485,-78.55529,America/New_York
Pleasant Garden,NC,35.96208,-79.76225,America/New_York
Pleasant Hill,NC,35.87347,-79.48169,America/New_York
Plymouth,NC,35.86683,-76.74856,America/New_York
Polkton,NC,35.00765,-80.20089,America/New_York
Pope Air Force Base (historical),NC,35.17128,-79.01042,America/New_York
Princeton,NC,35.46599,-78.16055,America/New_York
Princeville,NC,35.8896,-77.53219,America/New_York
Pumpkin Center,NC,35.5193,-81.14119,America/New_York
Pumpkin Center,NC,34.79155,-77.37246,America/New_York
Raeford,NC,34.981,-79.2242,America/New_York
Raleigh,NC,35.7721,-78.63861,America/New_York
Ramseur,NC,35.73347,-79.65253,America/New_York
Randleman,NC,35.81791,-79.80309,America/New_York
Ranlo,NC,35.28625,-81.13035,America/New_York
Red Oak,NC,36.03849,-77.90637,America/New_York
Red Springs,NC,34.81516,-79.18309,America/New_York
Reidsville,NC,36.35486,-79.66447,America/New_York
Rhodhiss,NC,35.77402,-81.4312,America/New_York
Richlands,NC,34.89933,-77.54663,America/New_York
River Bend,NC,35.06905,-77.1469,America/New_York
River Road,NC,35.50683,-76.99078,America/New_York
Roanoke Rapids,NC,36.46154,-77.65415,America/New_York
Robbins,NC,35.43403,-79.58697,America/New_York
Robbinsville,NC,35.32287,-83.8074,America/New_York
Robersonville,NC,35.82516,-77.24913,America/New_York
Rockfish,NC,34.99266,-79.06614,America/New_York
Rockingham,NC,34.93932,-79.77395,America/New_York
Rockwell,NC,35.55125,-80.40645,America/New_York
Rocky Mount,NC,35.93821,-77.79053,America/New_York
Rocky Point,NC,34.43517,-77.88776,America/New_York
Rolesville,NC,35.92321,-78.4575,America/New_York
Rose Hill,NC,34.82822,-78.02304,America/New_York
Roseboro,NC,34.95295,-78.50862,America/New_York
Rowland,NC,34.53655,-79.29143,America/New_York
Roxboro,NC,36.39375,-78.98279,America/New_York
Royal Pines,NC,35.47511,-82.51595,America/New_York
Rural Hall,NC,36.24042,-80.29338,America/New_York
Rutherford College,NC,35.74846,-81.52259,America/New_York
Rutherfordton,NC,35.36929,-81.95677,America/New_York
Saint James,NC,33.92934,-78.11638,America/New_York
Saint Pauls,NC,34.80655,-78.97114,America/New_York
Saint Stephens,NC,35.76458,-81.27314,America/New_York
Salem,NC,35.69874,-81.69704,America/New_York
Salisbury,NC,35.67097,-80.47423,America/New_York
Sanford,NC,35.47988,-79.1803,America/New_York
Sawmills,NC,35.82485,-81.47454,America/New_York
Saxapahaw,NC,35.94736,-79.32196,America/New_York
Scotland Neck,NC,36.1296,-77.42025,America/New_York
Scotts Mill,NC,35.72666,-78.8839,America/New_York
Sea Breeze,NC,34.06323,-77.89137,America/New_York
Seagate,NC,34.20934,-77.84359,America/New_York
Selma,NC,35.53655,-78.28444,America/New_York
Seven Lakes,NC,35.27849,-79.56448,America/New_York
Shallotte,NC,33.97323,-78.38584,America/New_York
Sharpsburg,NC,35.8671,-77.82915,America/New_York
Shelby,NC,35.29235,-81.53565,America/New_York
Sherrills Ford,NC,35.62041,-80.98647,America/New_York
Siler City,NC,35.72347,-79.46224,America/New_York
Silver Lake,NC,34.14878,-77.9136,America/New_York
Skippers Corner,NC,34.346,-77.90249,America/New_York
Smithfield,NC,35.50849,-78.33945,America/New_York
Sneads Ferry,NC,34.55267,-77.39718,America/New_York
Snow Hill,NC,35.45155,-77.68109,America/New_York
South Gastonia,NC,35.2193,-81.20563,America/New_York
South Henderson,NC,36.3082,-78.40666,America/New_York
South Rosemary,NC,36.45154,-77.6972,America/New_York
Southern Pines,NC,35.17405,-79.39225,America/New_York
Southern Shores,NC,36.13905,-75.73157,America/New_York
Southmont,NC,35.66792,-80.267,America/New_York
Southport,NC,33.91821,-78.01933,America/New_York
Sparta,NC,36.50541,-81.12092,America/New_York
Spencer,NC,35.69236,-80.43478,America/New_York
Spindale,NC,35.36012,-81.92927,America/New_York
Spring Hope,NC,35.94515,-78.11193,America/New_York
Spring Lake,NC,35.16794,-78.97281,America/New_York
Spruce Pine,NC,35.9154,-82.06456,America/New_York
Stallings,NC,35.0907,-80.68618,America/New_York
Stanfield,NC,35.23348,-80.42701,America/New_York
Stanley,NC,35.35903,-81.09702,America/New_York
Statesville,NC,35.78264,-80.8873,America/New_York
Stedman,NC,35.0135,-78.69391,America/New_York
Stokesdale,NC,36.23708,-79.97948,America/New_York
Stoneville,NC,36.46653,-79.90698,America/New_York
Stony Point,NC,35.86347,-81.0473,America/New_York
Summerfield,NC,36.20875,-79.90476,America/New_York
Sunset Beach,NC,33.88073,-78.51223,America/New_York
Surf City,NC,34.42711,-77.54608,America/New_York
Swannanoa,NC,35.59789,-82.39984,America/New_York
Swanquarter,NC,35.40628,-76.32909,America/New_York
Swansboro,NC,34.68766,-77.11912,America/New_York
Swepsonville,NC,36.02125,-79.36141,America/New_York
Sylva,NC,35.37371,-83.22598,America/New_York
Tabor City,NC,34.14878,-78.87669,America/New_York
Tarboro,NC,35.89682,-77.5358,America/New_York
Taylorsville,NC,35.9218,-81.17647,America/New_York
Thomasville,NC,35.88264,-80.08199,America/New_York
Thurmond,NC,36.36652,-80.92841,America/New_York
Toast,NC,36.50041,-80.62645,America/New_York
Tobaccoville,NC,36.23819,-80.37144,America/New_York
Trent Woods,NC,35.0821,-77.08634,America/New_York
Trenton,NC,35.0671,-77.35274,America/New_York
Trinity,NC,35.89458,-79.99087,America/New_York
Troutman,NC,35.70069,-80.88813,America/New_York
Troy,NC,35.35847,-79.89449,America/New_York
Tryon,NC,35.20817,-82.23845,America/New_York
Tryon,NC,35.33986,-81.32203,America/New_York
Tyro,NC,35.80903,-80.37283,America/New_York
Unionville,NC,35.08737,-80.50896,America/New_York
Valdese,NC,35.74069,-81.56315,America/New_York
Valley Hill,NC,35.29845,-82.48318,America/New_York
Vander,NC,35.03211,-78.79474,America/New_York
Wadesboro,NC,34.96821,-80.07673,America/New_York
Wake Forest,NC,35.97987,-78.50972,America/New_York
Walkertown,NC,36.17541,-80.1531,America/New_York
Walkertown,NC,35.28572,-78.81363,America/New_York
Wallace,NC,34.73572,-77.99526,America/New_York
Wallburg,NC,36.01014,-80.13921,America/New_York
Walnut Cove,NC,36.29541,-80.14171,America/New_York
Wanchese,NC,35.84267,-75.63851,America/New_York
Warrenton,NC,36.39848,-78.15527,America/New_York
Warsaw,NC,34.99933,-78.0911,America/New_York
Washington,NC,35.54655,-77.05217,America/New_York
Waxhaw,NC,34.92459,-80.7434,America/New_York
Waynesville,NC,35.48871,-82.98875,America/New_York
Weaverville,NC,35.69705,-82.56069,America/New_York
Weddington,NC,35.02237,-80.7609,America/New_York
Welcome,NC,35.90292,-80.25699,America/New_York
Weldon,NC,36.4271,-77.59553,America/New_York
Wendell,NC,35.78099,-78.36972,America/New_York
Wentworth,NC,36.40014,-79.77448,America/New_York
Wesley Chapel,NC,35.00709,-80.67451,America/New_York
West Canton,NC,35.53788,-82.85819,America/New_York
West Jefferson,NC,36.40374,-81.49288,America/New_York
West Marion,NC,35.6579,-82.02539,America/New_York
West Raleigh,NC,35.78682,-78.66389,America/New_York
Westport,NC,35.50125,-80.97869,America/New_York
Whispering Pines,NC,35.25571,-79.37225,America/New_York
White Plains,NC,35.23402,-81.39814,America/New_York
White Plains,NC,36.44569,-80.6334,America/New_York
Whiteville,NC,34.33878,-78.70307,America/New_York
Wilkesboro,NC,36.14596,-81.16064,America/New_York
Williamston,NC,35.8546,-77.05551,America/New_York
Wilmington,NC,34.23556,-77.94604,America/New_York
Wilson,NC,35.72127,-77.91554,America/New_York
Wilsons Mills,NC,35.58405,-78.35583,America/New_York
Windsor,NC,35.99849,-76.94606,America/New_York
Windsor,NC,35.55294,-77.36108,America/New_York
Wingate,NC,34.98432,-80.44923,America/New_York
Winston-Salem,NC,36.09986,-80.24422,America/New_York
Winterville,NC,35.52905,-77.40108,America/New_York
Winton,NC,36.39571,-76.9319,America/New_York
Woodfin,NC,35.63344,-82.58207,America/New_York
Wrightsboro,NC,34.2885,-77.9211,America/New_York
Wrightsville Beach,NC,34.2085,-77.79637,America/New_York
Yadkinville,NC,36.13458,-80.65951,America/New_York
Yanceyville,NC,36.40403,-79.33613,America/New_York
Youngsville,NC,36.02487,-78.47444,America/New_York
Zebulon,NC,35.82432,-78.31472,America/New_York
Amidon,ND,46.48223,-103.32185,America/Denver
Ashley,ND,46.03414,-99.3715,America/Chicago
Beach,ND,46.91807,-104.00437,America/Denver
Belcourt,ND,48.83917,-99.74487,America/Chicago
Belfield,ND,46.88529,-103.19962,America/Denver
Beulah,ND,47.26334,-101.77795,America/North_Dakota/Beulah
Bismarck,ND,46.80833,-100.78374,America/Chicago
Bottineau,ND,48.82723,-100.4457,America/Chicago
Bowbells,ND,48.80308,-102.246,America/Chicago
Bowman,ND,46.18306,-103.39491,America/Denver
Burlington,ND,48.27529,-101.42878,America/Chicago
Cando,ND,48.48667,-99.20986,America/Chicago
Carrington,ND,47.44972,-99.12622,America/Chicago
Carson,ND,46.41778,-101.56487,America/Denver
Casselton,ND,46.90053,-97.2112,America/Chicago
Cavalier,ND,48.79388,-97.62231,America/Chicago
Center,ND,47.11638,-101.29959,America/North_Dakota/Center
Cooperstown,ND,47.44444,-98.12398,America/Chicago
Crosby,ND,48.9142,-103.29491,America/Chicago
Devils Lake,ND,48.11278,-98.86512,America/Chicago
Dickinson,ND,46.87918,-102.78962,America/Denver
Ellendale,ND,46.00275,-98.52705,America/Chicago
Fargo,ND,46.87719,-96.7898,America/Chicago
Fessenden,ND,47.64917,-99.62929,America/Chicago
Finley,ND,47.51416,-97.83593,America/Chicago
Forman,ND,46.10774,-97.63649,America/Chicago
Fort Totten,ND,47.98,-98.9929,America/Chicago
Fort Yates,ND,46.08694,-100.63013,America/Chicago
Garrison,ND,47.65222,-101.41572,America/Chicago
Grafton,ND,48.41221,-97.41063,America/Chicago
Grand Forks,ND,47.92526,-97.03285,America/Chicago
Grand Forks Air Force Base,ND,47.95493,-97.38664,America/Chicago
Harvey,ND,47.76972,-99.9354,America/Chicago
Hazen,ND,47.29445,-101.62266,America/North_Dakota/Beulah
Hettinger,ND,46.00139,-102.63682,America/Denver
Hillsboro,ND,47.40387,-97.06203,America/Chicago
Horace,ND,46.75886,-96.9037,America/Chicago
Jamestown,ND,46.91054,-98.70844,America/Chicago
Kenmare,ND,48.67475,-102.08266,America/Chicago
Killdeer,ND,47.37196,-102.75408,America/Denver
Lakota,ND,48.04278,-98.33621,America/Chicago
Langdon,ND,48.76,-98.36817,America/Chicago
Larimore,ND,47.90666,-97.62675,America/Chicago
Lincoln,ND,46.76249,-100.7004,America/Chicago
Linton,ND,46.26666,-100.23289,America/Chicago
Lisbon,ND,46.44163,-97.68121,America/Chicago
Mandan,ND,46.82666,-100.88958,America/North_Dakota/New_Salem
Manning,ND,47.23001,-102.77019,America/Denver
Mayville,ND,47.49804,-97.32454,America/Chicago
McClusky,ND,47.48583,-100.44318,America/Chicago
Medora,ND,46.9139,-103.52435,America/Denver
Minnewaukan,ND,48.07139,-99.25236,America/Chicago
Minot,ND,48.23251,-101.29627,America/Chicago
Minot Air Force Base,ND,48.42087,-101.33914,America/Chicago
Mohall,ND,48.76336,-101.51322,America/Chicago
Mott,ND,46.3725,-102.32711,America/Denver
Napoleon,ND,46.50831,-99.77122,America/Chicago
New Rockford,ND,47.68,-99.1379,America/Chicago
New Town,ND,47.98085,-102.49018,America/Chicago
Oakes,ND,46.13858,-98.09038,America/Chicago
Park River,ND,48.3986,-97.7412,America/Chicago
Parshall,ND,47.95335,-102.13489,America/Chicago
Rolla,ND,48.85778,-99.61792,America/Chicago
Rugby,ND,48.36889,-99.99625,America/Chicago
Sheldon,ND,46.5858,-97.4912,America/Chicago
Shell Valley,ND,48.79806,-99.86486,America/Chicago
Stanley,ND,48.31724,-102.39045,America/Chicago
Stanton,ND,47.32111,-101.38155,America/North_Dakota/Beulah
Steele,ND,46.85471,-99.91594,America/Chicago
Surrey,ND,48.2364,-101.13349,America/Chicago
Thompson,ND,47.77359,-97.1098,America/Chicago
Tioga,ND,48.39724,-102.93824,America/Chicago
Towner,ND,48.34583,-100.40541,America/Chicago
Valley City,ND,46.92331,-98.00315,America/Chicago
Velva,ND,48.05612,-100.92932,America/Chicago
Wahpeton,ND,46.26524,-96.60591,America/Chicago
Washburn,ND,47.28916,-101.02903,America/Chicago
Watford City,ND,47.80224,-103.28325,America/Chicago
West Fargo,ND,46.87497,-96.90036,America/Chicago
Williston,ND,48.14697,-103.61797,America/Chicago
Ainsworth,NE,42.55,-99.86262,America/Chicago
Albion,NE,41.69084,-98.00367,America/Chicago
Alliance,NE,42.10163,-102.87215,America/Denver
Alma,NE,40.09751,-99.36204,America/Chicago
Arapahoe,NE,40.30417,-99.9004,America/Chicago
Arlington,NE,41.4525,-96.35113,America/Chicago
Arthur,NE,41.57165,-101.69156,America/Denver
Ashland,NE,41.03916,-96.36835,America/Chicago
Atkinson,NE,42.53139,-98.97815,America/Chicago
Auburn,NE,40.39278,-95.83889,America/Chicago
Aurora,NE,40.86723,-98.00422,America/Chicago
Bartlett,NE,41.88529,-98.5523,America/Chicago
Bassett,NE,42.58583,-99.53789,America/Chicago
Battle Creek,NE,41.99945,-97.59839,America/Chicago
Bayard,NE,41.75497,-103.3241,America/Denver
Beatrice,NE,40.26806,-96.74697,America/Chicago
Beaver City,NE,40.13751,-99.82956,America/Chicago
Bellevue,NE,41.13667,-95.89084,America/Chicago
Benkelman,NE,40.04916,-101.53294,America/Denver
Bennington,NE,41.36472,-96.1578,America/Chicago
Blair,NE,41.54444,-96.12502,America/Chicago
Brewster,NE,41.93889,-99.86485,America/Chicago
Bridgeport,NE,41.66525,-103.0991,America/Denver
Broken Bow,NE,41.40195,-99.63928,America/Chicago
Burwell,NE,41.78167,-99.13315,America/Chicago
Butte,NE,42.91139,-98.84926,America/Chicago
Cambridge,NE,40.28195,-100.16569,America/Chicago
Center,NE,42.60945,-97.87673,America/Chicago
Central City,NE,41.11585,-98.00172,America/Chicago
Chadron,NE,42.82942,-102.99991,America/Denver
Chalco,NE,41.18389,-96.1503,America/Chicago
Chappell,NE,41.09277,-102.47074,America/Denver
Clay Center,NE,40.52168,-98.05533,America/Chicago
Columbus,NE,41.42973,-97.36838,America/Chicago
Cozad,NE,40.85973,-99.98734,America/Chicago
Creighton,NE,42.46667,-97.90618,America/Chicago
Crete,NE,40.62778,-96.96142,America/Chicago
Dakota City,NE,42.41555,-96.41836,America/Chicago
David City,NE,41.25279,-97.13004,America/Chicago
Eagle,NE,40.81667,-96.43029,America/Chicago
Elkhorn,NE,41.345,-96.256,America/Chicago
Elwood,NE,40.59028,-99.86095,America/Chicago
Fairbury,NE,40.13722,-97.18059,America/Chicago
Falls City,NE,40.06084,-95.60193,America/Chicago
Franklin,NE,40.09612,-98.95258,America/Chicago
Fremont,NE,41.43333,-96.49808,America/Chicago
Friend,NE,40.65362,-97.28616,America/Chicago
Fullerton,NE,41.36335,-97.96923,America/Chicago
Geneva,NE,40.52695,-97.59588,America/Chicago
Gering,NE,41.8258,-103.6605,America/Denver
Gibbon,NE,40.74835,-98.8448,America/Chicago
Gordon,NE,42.80472,-102.20322,America/Denver
Gothenburg,NE,40.92945,-100.16068,America/Chicago
Grand Island,NE,40.92501,-98.34201,America/Chicago
Grant,NE,40.84194,-101.72517,America/Denver
Greeley,NE,41.54862,-98.53118,America/Chicago
Gretna,NE,41.14083,-96.23974,America/Chicago
Harrisburg,NE,41.55636,-103.73856,America/Denver
Harrison,NE,42.68719,-103.88271,America/Denver
Hartington,NE,42.6225,-97.2645,America/Chicago
Hastings,NE,40.58612,-98.38839,America/Chicago
Hayes Center,NE,40.51084,-101.0196,America/Chicago
Hebron,NE,40.16639,-97.58588,America/Chicago
Hickman,NE,40.62,-96.62918,America/Chicago
Hillsborough,NE,41.30037,-96.12876,America/Chicago
Holdrege,NE,40.44029,-99.36982,America/Chicago
Hyannis,NE,42.00054,-101.76184,America/Denver
Imperial,NE,40.51694,-101.64323,America/Denver
Kearney,NE,40.69946,-99.08148,America/Chicago
Kimball,NE,41.23581,-103.663,America/Denver
La Vista,NE,41.18389,-96.03113,America/Chicago
Lexington,NE,40.78084,-99.7415,America/Chicago
Lincoln,NE,40.8,-96.66696,America/Chicago
Louisville,NE,40.99778,-96.16224,America/Chicago
Loup City,NE,41.27557,-98.96675,America/Chicago
Macy,NE,42.11305,-96.35642,America/Chicago
Madison,NE,41.82834,-97.45505,America/Chicago
McCook,NE,40.20195,-100.62571,America/Chicago
Milford,NE,40.77445,-97.05059,America/Chicago
Minden,NE,40.49863,-98.94786,America/Chicago
Mitchell,NE,41.94024,-103.80856,America/Denver
Mullen,NE,42.04278,-101.04266,America/Denver
Nebraska City,NE,40.67667,-95.85917,America/Chicago
Neligh,NE,42.12862,-98.02979,America/Chicago
Nelson,NE,40.20168,-98.06782,America/Chicago
Norfolk,NE,42.02834,-97.417,America/Chicago
North Bend,NE,41.46195,-96.77975,America/Chicago
North Platte,NE,41.12389,-100.76542,America/Chicago
O'Neill,NE,42.45778,-98.64759,America/Chicago
Oakland,NE,41.83583,-96.46697,America/Chicago
Offutt Air Force Base,NE,41.12024,-95.92095,America/Chicago
Ogallala,NE,41.12805,-101.71962,America/Denver
Omaha,NE,41.25626,-95.94043,America/Chicago
Ord,NE,41.60334,-98.9262,America/Chicago
Osceola,NE,41.17974,-97.54755,America/Chicago
Oshkosh,NE,41.40498,-102.34436,America/Denver
Papillion,NE,41.15444,-96.04224,America/Chicago
Pawnee City,NE,40.10833,-96.15445,America/Chicago
Pender,NE,42.11416,-96.70726,America/Chicago
Pierce,NE,42.19917,-97.52672,America/Chicago
Plainview,NE,42.34973,-97.79201,America/Chicago
Plattsmouth,NE,41.01139,-95.88223,America/Chicago
Ponca,NE,42.5625,-96.70559,America/Chicago
Ralston,NE,41.20528,-96.04252,America/Chicago
Ravenna,NE,41.02612,-98.91258,America/Chicago
Red Cloud,NE,40.0889,-98.5195,America/Chicago
Rushville,NE,42.71832,-102.46406,America/Denver
Saint Paul,NE,41.21473,-98.45812,America/Chicago
Schuyler,NE,41.44723,-97.05948,America/Chicago
Scottsbluff,NE,41.86663,-103.66717,America/Denver
Seward,NE,40.90695,-97.09892,America/Chicago
Shelton,NE,40.77918,-98.73091,America/Chicago
Sidney,NE,41.14276,-102.97798,America/Denver
South Sioux City,NE,42.47388,-96.41364,America/Chicago
Springfield,NE,41.08194,-96.13446,America/Chicago
Springview,NE,42.82444,-99.74901,America/Chicago
Stanton,NE,41.95028,-97.22393,America/Chicago
Stapleton,NE,41.48028,-100.51292,America/Chicago
Stockville,NE,40.53279,-100.38348,America/Chicago
Stromsburg,NE,41.11418,-97.59894,America/Chicago
Superior,NE,40.02085,-98.07004,America/Chicago
Sutherland,NE,41.15694,-101.12627,America/Chicago
Sutton,NE,40.60557,-97.85921,America/Chicago
Syracuse,NE,40.65722,-96.1864,America/Chicago
Taylor,NE,41.77028,-99.37872,America/Chicago
Tecumseh,NE,40.36667,-96.19612,America/Chicago
Tekamah,NE,41.77832,-96.22113,America/Chicago
Terrytown,NE,41.84747,-103.66161,America/Denver
Thedford,NE,41.97833,-100.57625,America/Chicago
Trenton,NE,40.17555,-101.01294,America/Chicago
Tryon,NE,41.55277,-100.95765,America/Chicago
Valentine,NE,42.87278,-100.55097,America/Chicago
Valley,NE,41.31278,-96.34614,America/Chicago
Wahoo,NE,41.21139,-96.6203,America/Chicago
Wakefield,NE,42.26917,-96.86504,America/Chicago
Waterloo,NE,41.28694,-96.28558,America/Chicago
Waverly,NE,40.9175,-96.52834,America/Chicago
Wayne,NE,42.23056,-97.01782,America/Chicago
Weeping Water,NE,40.87,-96.14057,America/Chicago
West Point,NE,41.84167,-96.70864,America/Chicago
Wilber,NE,40.48139,-96.96058,America/Chicago
Wisner,NE,41.98722,-96.91421,America/Chicago
Wood River,NE,40.82057,-98.60007,America/Chicago
Wymore,NE,40.12222,-96.66252,America/Chicago
York,NE,40.86807,-97.592,America/Chicago
Yutan,NE,41.245,-96.39725,America/Chicago
Alexandria,NH,43.61146,-71.79286,America/New_York
Allenstown,NH,43.15673,-71.40478,America/New_York
Alstead,NH,43.14897,-72.36064,America/New_York
Andover,NH,43.43702,-71.82341,America/New_York
Antrim,NH,43.03091,-71.93897,America/New_York
Ashland,NH,43.69535,-71.63063,America/New_York
Atkinson,NH,42.83842,-71.147,America/New_York
Auburn,NH,43.00453,-71.3484,America/New_York
Barnstead,NH,43.33397,-71.29284,America/New_York
Barrington,NH,43.22286,-71.04701,America/New_York
Bedford,NH,42.94647,-71.5159,America/New_York
Belmont,NH,43.44536,-71.47785,America/New_York
Berlin,NH,44.46867,-71.18508,America/New_York
Boscawen,NH,43.31508,-71.62091,America/New_York
Bow Bog,NH,43.12064,-71.51146,America/New_York
Brentwood,NH,42.9787,-71.07284,America/New_York
Bridgewater,NH,43.63841,-71.73647,America/New_York
Bristol,NH,43.59119,-71.73675,America/New_York
Brookline,NH,42.73481,-71.65813,America/New_York
Candia,NH,43.07786,-71.27673,America/New_York
Canterbury,NH,43.33702,-71.56535,America/New_York
Center Harbor,NH,43.7098,-71.46035,America/New_York
Charlestown,NH,43.23869,-72.42453,America/New_York
Chester,NH,42.95675,-71.25728,America/New_York
Chesterfield,NH,42.8873,-72.47037,America/New_York
Chichester,NH,43.24925,-71.39979,America/New_York
Claremont,NH,43.37674,-72.34676,America/New_York
Colebrook,NH,44.89449,-71.49592,America/New_York
Concord,NH,43.20814,-71.53757,America/New_York
Contoocook,NH,43.22202,-71.71397,America/New_York
Conway,NH,43.97924,-71.12035,America/New_York
Danbury,NH,43.52563,-71.86175,America/New_York
Danville,NH,42.91259,-71.1245,America/New_York
Deerfield,NH,44.23062,-71.61703,America/New_York
Deering,NH,43.07314,-71.84452,America/New_York
Derry,NH,42.88064,-71.32729,America/New_York
Derry Village,NH,42.89175,-71.31201,America/New_York
Dover,NH,43.19786,-70.87367,America/New_York
Dublin,NH,42.90758,-72.06258,America/New_York
Durham,NH,43.13397,-70.92645,America/New_York
East Concord,NH,43.24202,-71.53813,America/New_York
East Kingston,NH,42.92564,-71.01672,America/New_York
East Merrimack,NH,42.86814,-71.4834,America/New_York
Effingham,NH,43.76119,-70.99645,America/New_York
Enfield,NH,43.64063,-72.14398,America/New_York
Epping,NH,43.03342,-71.07423,America/New_York
Epsom,NH,43.22286,-71.33201,America/New_York
Exeter,NH,42.98148,-70.94783,America/New_York
Farmington,NH,43.3898,-71.06506,America/New_York
Fitzwilliam,NH,42.78064,-72.14175,America/New_York
Francestown,NH,42.98758,-71.81258,America/New_York
Franklin,NH,43.44424,-71.6473,America/New_York
Freedom,NH,43.8123,-71.03562,America/New_York
Fremont,NH,42.99092,-71.14256,America/New_York
Gilford,NH,43.54758,-71.40674,America/New_York
Gilmanton,NH,43.42425,-71.41452,America/New_York
Goffstown,NH,43.02036,-71.60035,America/New_York
Gorham,NH,44.38784,-71.17313,America/New_York
Grafton,NH,43.55868,-71.94397,America/New_York
Grantham,NH,43.48952,-72.13759,America/New_York
Greenfield,NH,42.95064,-71.8723,America/New_York
Greenland,NH,43.0362,-70.83283,America/New_York
Greenville,NH,42.76731,-71.8123,America/New_York
Groveton,NH,44.59867,-71.5112,America/New_York
Hampstead,NH,42.87453,-71.18117,America/New_York
Hampton,NH,42.93759,-70.83894,America/New_York
Hampton Beach,NH,42.90731,-70.812,America/New_York
Hampton Falls,NH,42.9162,-70.86366,America/New_York
Hanover,NH,43.70229,-72.28954,America/New_York
Harrisville,NH,42.94508,-72.09647,America/New_York
Haverhill,NH,44.03451,-72.06398,America/New_York
Henniker,NH,43.1798,-71.8223,America/New_York
Hill,NH,43.52424,-71.70091,America/New_York
Hillsborough,NH,43.1141,-71.8992,America/New_York
Hinsdale,NH,42.78619,-72.48648,America/New_York
Holderness,NH,43.73202,-71.58841,America/New_York
Hollis,NH,42.74314,-71.59174,America/New_York
Hooksett,NH,43.09675,-71.46507,America/New_York
Hopkinton,NH,43.19147,-71.67535,America/New_York
Hudson,NH,42.76481,-71.43979,America/New_York
Jaffrey,NH,42.81397,-72.02314,America/New_York
Jefferson,NH,44.41895,-71.47453,America/New_York
Keene,NH,42.93369,-72.27814,America/New_York
Kensington,NH,42.92703,-70.94394,America/New_York
Kingston,NH,42.93648,-71.05339,America/New_York
Laconia,NH,43.52785,-71.47035,America/New_York
Lancaster,NH,44.48895,-71.56925,America/New_York
Lebanon,NH,43.64229,-72.25176,America/New_York
Lee,NH,43.12314,-71.01145,America/New_York
Lempster,NH,43.23841,-72.21064,America/New_York
Litchfield,NH,42.84425,-71.47979,America/New_York
Littleton,NH,44.30617,-71.77009,America/New_York
Londonderry,NH,42.86509,-71.37395,America/New_York
Lyme,NH,43.80951,-72.15592,America/New_York
Lyndeborough,NH,42.90758,-71.76646,America/New_York
Madbury,NH,43.16925,-70.92395,America/New_York
Madison,NH,43.89924,-71.1484,America/New_York
Manchester,NH,42.99564,-71.45479,America/New_York
Marlborough,NH,42.90425,-72.20786,America/New_York
Mason,NH,42.7437,-71.76896,America/New_York
Meredith,NH,43.65757,-71.50035,America/New_York
Merrimack,NH,42.86509,-71.4934,America/New_York
Milan,NH,44.57339,-71.18508,America/New_York
Milford,NH,42.83536,-71.64896,America/New_York
Mont Vernon,NH,42.89453,-71.67424,America/New_York
Moultonborough,NH,43.7548,-71.39674,America/New_York
Nashua,NH,42.76537,-71.46757,America/New_York
New Boston,NH,42.97619,-71.69396,America/New_York
New Castle,NH,43.07229,-70.71718,America/New_York
New Durham,NH,43.43675,-71.17229,America/New_York
New Ipswich,NH,42.74814,-71.85424,America/New_York
New London,NH,43.41396,-71.98508,America/New_York
Newbury,NH,43.32146,-72.03592,America/New_York
Newmarket,NH,43.08286,-70.93506,America/New_York
Newport,NH,43.36535,-72.17342,America/New_York
Newton,NH,42.86953,-71.0345,America/New_York
North Conway,NH,44.05368,-71.1284,America/New_York
North Hampton,NH,42.97259,-70.82978,America/New_York
North Haverhill,NH,44.09034,-72.02648,America/New_York
Northfield,NH,43.43313,-71.5923,America/New_York
Northumberland,NH,44.56339,-71.5587,America/New_York
Northwood,NH,43.19425,-71.1509,America/New_York
Nottingham,NH,43.11453,-71.09978,America/New_York
Orford,NH,43.90535,-72.14009,America/New_York
Ossipee,NH,43.68536,-71.11673,America/New_York
Pelham,NH,42.73453,-71.32451,America/New_York
Pembroke,NH,43.14675,-71.45757,America/New_York
Peterborough,NH,42.87064,-71.95175,America/New_York
Pinardville,NH,42.99425,-71.50729,America/New_York
Pittsfield,NH,43.30591,-71.32423,America/New_York
Plaistow,NH,42.83648,-71.09478,America/New_York
Plymouth,NH,43.75702,-71.68813,America/New_York
Portsmouth,NH,43.07704,-70.75766,America/New_York
Raymond,NH,43.0362,-71.1834,America/New_York
Richmond,NH,42.75481,-72.27175,America/New_York
Rindge,NH,42.7512,-72.0098,America/New_York
Rochester,NH,43.30453,-70.97562,America/New_York
Rollinsford,NH,43.2362,-70.82034,America/New_York
Rumney,NH,43.80535,-71.81258,America/New_York
Rye,NH,43.01342,-70.77089,America/New_York
Salem,NH,42.78842,-71.20089,America/New_York
Salisbury,NH,43.38008,-71.71702,America/New_York
Sanbornton,NH,43.48924,-71.5823,America/New_York
Sanbornville,NH,43.55425,-71.0309,America/New_York
Sandown,NH,42.9287,-71.18701,America/New_York
Sandwich,NH,43.79035,-71.41118,America/New_York
Seabrook,NH,42.89481,-70.87116,America/New_York
Somersworth,NH,43.26175,-70.86534,America/New_York
South Hooksett,NH,43.02647,-71.43534,America/New_York
Springfield,NH,43.49507,-72.03342,America/New_York
Strafford,NH,43.32703,-71.18423,America/New_York
Stratford,NH,44.65505,-71.55564,America/New_York
Stratham Station,NH,43.05287,-70.89533,America/New_York
Sunapee,NH,43.38757,-72.08786,America/New_York
Suncook,NH,43.13064,-71.45312,America/New_York
Sutton,NH,43.33424,-71.95147,America/New_York
Swanzey,NH,42.8698,-72.28175,America/New_York
Tamworth,NH,43.8598,-71.26313,America/New_York
Temple,NH,42.81814,-71.85147,America/New_York
Thornton,NH,43.89285,-71.67591,America/New_York
Tilton,NH,43.4423,-71.58896,America/New_York
Tilton-Northfield,NH,43.443,-71.59364,America/New_York
Troy,NH,42.82397,-72.18119,America/New_York
Tuftonboro,NH,43.69647,-71.22201,America/New_York
Unity,NH,43.29396,-72.26037,America/New_York
Wakefield,NH,43.56813,-71.03007,America/New_York
Weare,NH,43.0948,-71.73063,America/New_York
Webster,NH,43.32897,-71.71786,America/New_York
West Swanzey,NH,42.87008,-72.32175,America/New_York
Westmoreland,NH,42.96203,-72.44231,America/New_York
Whitefield,NH,44.37312,-71.61008,America/New_York
Wilmot,NH,43.45174,-71.91369,America/New_York
Wilton,NH,42.84342,-71.73507,America/New_York
Winchester,NH,42.77342,-72.38314,America/New_York
Windham,NH,42.80064,-71.30423,America/New_York
Wolfeboro,NH,43.58397,-71.20729,America/New_York
Woodstock,NH,43.97757,-71.68508,America/New_York
Woodsville,NH,44.15229,-72.03731,America/New_York
Absecon,NJ,39.42845,-74.49571,America/New_York
Allendale,NJ,41.04149,-74.12903,America/New_York
Allentown,NJ,40.17789,-74.58349,America/New_York
Alloway,NJ,39.56095,-75.36242,America/New_York
Alpha,NJ,40.66704,-75.1574,America/New_York
Alpine,NJ,40.95593,-73.93125,America/New_York
Annandale,NJ,40.64093,-74.88128,America/New_York
Asbury Park,NJ,40.22039,-74.01208,America/New_York
Ashland,NJ,39.86317,-75.006,America/New_York
Atco,NJ,39.76984,-74.88739,America/New_York
Atlantic City,NJ,39.36415,-74.42306,America/New_York
Atlantic Highlands,NJ,40.40789,-74.03431,America/New_York
Audubon,NJ,39.89095,-75.07295,America/New_York
Audubon Park,NJ,39.8965,-75.08767,America/New_York
Avalon,NJ,39.10122,-74.71766,America/New_York
Avenel,NJ,40.58038,-74.28515,America/New_York
Avon-by-the-Sea,NJ,40.19234,-74.01597,America/New_York
Barnegat,NJ,39.75318,-74.22292,America/New_York
Barrington,NJ,39.86484,-75.05517,America/New_York
Basking Ridge,NJ,40.70621,-74.54932,America/New_York
Bayonne,NJ,40.66871,-74.11431,America/New_York
Bayville,NJ,39.90929,-74.15486,America/New_York
Beach Haven,NJ,39.55928,-74.2432,America/New_York
Beach Haven West,NJ,39.66984,-74.23181,America/New_York
Beachwood,NJ,39.93901,-74.19292,America/New_York
Beattystown,NJ,40.81315,-74.84294,America/New_York
Beckett,NJ,39.754,-75.35741,America/New_York
Bedminster,NJ,40.68066,-74.64544,America/New_York
Belford,NJ,40.42594,-74.08681,America/New_York
Belleville,NJ,40.79371,-74.15014,America/New_York
Bellmawr,NJ,39.86761,-75.09462,America/New_York
Belmar,NJ,40.17845,-74.0218,America/New_York
Belvidere,NJ,40.82982,-75.07767,America/New_York
Bergenfield,NJ,40.9276,-73.99736,America/New_York
Berkeley Heights,NJ,40.68343,-74.44265,America/New_York
Berlin,NJ,39.79123,-74.92905,America/New_York
Bernardsville,NJ,40.71871,-74.56932,America/New_York
Beverly,NJ,40.06539,-74.91906,America/New_York
Blackwood,NJ,39.80234,-75.06406,America/New_York
Bloomfield,NJ,40.80677,-74.18542,America/New_York
Bloomingdale,NJ,41.00204,-74.32654,America/New_York
Bloomingdale,NJ,40.4976,-74.64738,America/New_York
Bogota,NJ,40.87621,-74.02986,America/New_York
Boonton,NJ,40.9026,-74.4071,America/New_York
Bordentown,NJ,40.14622,-74.71183,America/New_York
Bound Brook,NJ,40.56844,-74.53849,America/New_York
Bradley Beach,NJ,40.20234,-74.01208,America/New_York
Bradley Gardens,NJ,40.56288,-74.6546,America/New_York
Brass Castle,NJ,40.76482,-75.01101,America/New_York
Brick,NJ,40.05928,-74.13708,America/New_York
Bridgeton,NJ,39.42734,-75.23408,America/New_York
Bridgewater,NJ,40.60079,-74.64815,America/New_York
Brielle,NJ,40.10789,-74.05653,America/New_York
Brigantine,NJ,39.41012,-74.36459,America/New_York
Brookdale,NJ,40.83371,-74.18292,America/New_York
Brooklawn,NJ,39.87817,-75.12073,America/New_York
Browns Mills,NJ,39.97261,-74.58293,America/New_York
Brownville,NJ,40.40066,-74.29515,America/New_York
Budd Lake,NJ,40.87121,-74.73405,America/New_York
Buena,NJ,39.51373,-74.92462,America/New_York
Burlington,NJ,40.07122,-74.86489,America/New_York
Butler,NJ,41.00371,-74.34154,America/New_York
Caldwell,NJ,40.83982,-74.27654,America/New_York
Califon,NJ,40.71954,-74.83572,America/New_York
Camden,NJ,39.92595,-75.11962,America/New_York
Cape May,NJ,38.93511,-74.90601,America/New_York
Cape May Court House,NJ,39.08261,-74.82378,America/New_York
Carlstadt,NJ,40.84038,-74.0907,America/New_York
Carneys Point,NJ,39.71122,-75.4702,America/New_York
Carteret,NJ,40.57733,-74.2282,America/New_York
Cedar Glen Lakes,NJ,39.95234,-74.39987,America/New_York
Cedar Glen West,NJ,40.04206,-74.29265,America/New_York
Cedar Grove,NJ,40.85177,-74.22903,America/New_York
Cedar Knolls,NJ,40.82204,-74.44876,America/New_York
Chatham,NJ,40.74093,-74.38376,America/New_York
Cherry Hill,NJ,39.93484,-75.03073,America/New_York
Cherry Hill Mall,NJ,39.93595,-75.00906,America/New_York
Chesilhurst,NJ,39.73234,-74.881,America/New_York
Chester,NJ,40.78427,-74.69683,America/New_York
Cinnaminson,NJ,39.99678,-74.99267,America/New_York
Clark,NJ,40.63,-74.31,America/New_York
Clayton,NJ,39.66011,-75.09212,America/New_York
Clearbrook Park,NJ,40.30983,-74.4646,America/New_York
Clementon,NJ,39.8115,-74.98294,America/New_York
Cliffside Park,NJ,40.82149,-73.98764,America/New_York
Cliffwood Beach,NJ,40.44205,-74.21681,America/New_York
Clifton,NJ,40.85843,-74.16376,America/New_York
Clinton,NJ,40.63677,-74.90989,America/New_York
Closter,NJ,40.97315,-73.96153,America/New_York
Collings Lakes,NJ,39.59567,-74.88156,America/New_York
Collingswood,NJ,39.91817,-75.07128,America/New_York
Colonia,NJ,40.57455,-74.30209,America/New_York
Colts Neck,NJ,40.28761,-74.17237,America/New_York
Columbus,NJ,40.07261,-74.72072,America/New_York
Concordia,NJ,40.31094,-74.44821,America/New_York
Country Lake Estates,NJ,39.94262,-74.54404,America/New_York
Cranbury,NJ,40.31622,-74.51376,America/New_York
Crandon Lakes,NJ,41.12426,-74.83989,America/New_York
Cranford,NJ,40.65844,-74.29959,America/New_York
Cresskill,NJ,40.94149,-73.9593,America/New_York
Crestwood Village,NJ,39.94817,-74.3607,America/New_York
Dayton,NJ,40.37261,-74.51015,America/New_York
Delanco,NJ,40.05067,-74.9535,America/New_York
Demarest,NJ,40.95732,-73.96347,America/New_York
Denville,NJ,40.89232,-74.47738,America/New_York
Dover,NJ,40.88399,-74.5621,America/New_York
Dover Beaches North,NJ,39.99123,-74.06375,America/New_York
Dover Beaches South,NJ,39.95567,-74.0743,America/New_York
Dumont,NJ,40.94065,-73.99681,America/New_York
Dunellen,NJ,40.58927,-74.47182,America/New_York
East Brunswick,NJ,40.42788,-74.41598,America/New_York
East Franklin,NJ,40.4933,-74.4711,America/New_York
East Freehold,NJ,40.28094,-74.25126,America/New_York
East Hanover,NJ,40.8201,-74.36487,America/New_York
East Newark,NJ,40.74843,-74.16181,America/New_York
East Orange,NJ,40.76732,-74.20487,America/New_York
East Rutherford,NJ,40.83399,-74.09709,America/New_York
Eatontown,NJ,40.29622,-74.05097,America/New_York
Echelon,NJ,39.84845,-74.99572,America/New_York
Edgewater,NJ,40.82704,-73.97569,America/New_York
Edgewater Park,NJ,40.06817,-74.90072,America/New_York
Edison,NJ,40.51872,-74.4121,America/New_York
Egg Harbor City,NJ,39.52873,-74.64794,America/New_York
Elizabeth,NJ,40.66399,-74.2107,America/New_York
Ellisburg,NJ,39.91372,-75.01045,America/New_York
Elmer,NJ,39.59511,-75.17018,America/New_York
Elmwood Park,NJ,40.90399,-74.11848,America/New_York
Elwood,NJ,39.57651,-74.71683,America/New_York
Emerson,NJ,40.97621,-74.02625,America/New_York
Englewood,NJ,40.89288,-73.97264,America/New_York
Englewood Cliffs,NJ,40.88538,-73.95236,America/New_York
Englishtown,NJ,40.29733,-74.3582,America/New_York
Erma,NJ,38.98776,-74.9017,America/New_York
Essex Fells,NJ,40.82454,-74.28459,America/New_York
Estell Manor,NJ,39.41206,-74.74239,America/New_York
Ewing,NJ,40.26983,-74.79988,America/New_York
Fair Haven,NJ,40.36067,-74.03819,America/New_York
Fair Lawn,NJ,40.94038,-74.13181,America/New_York
Fairfield,NJ,40.88371,-74.30598,America/New_York
Fairton,NJ,39.38178,-75.21991,America/New_York
Fairview,NJ,40.8126,-73.99903,America/New_York
Fairview,NJ,40.37316,-74.08681,America/New_York
Fanwood,NJ,40.64094,-74.38348,America/New_York
Farmingdale,NJ,40.1965,-74.16848,America/New_York
Finderne,NJ,40.56316,-74.57766,America/New_York
Flemington,NJ,40.51233,-74.85933,America/New_York
Florence,NJ,39.73428,-74.91822,America/New_York
Florence,NJ,40.11955,-74.80544,America/New_York
Florham Park,NJ,40.78788,-74.38821,America/New_York
Folsom,NJ,39.60206,-74.84267,America/New_York
Fords,NJ,40.52927,-74.31598,America/New_York
Forked River,NJ,39.83984,-74.19014,America/New_York
Fort Dix,NJ,40.02984,-74.61849,America/New_York
Fort Lee,NJ,40.85093,-73.97014,America/New_York
Franklin,NJ,41.12204,-74.58044,America/New_York
Franklin Center,NJ,40.53153,-74.54141,America/New_York
Franklin Lakes,NJ,41.01676,-74.2057,America/New_York
Franklin Park,NJ,40.43899,-74.53515,America/New_York
Freehold,NJ,40.26011,-74.27376,America/New_York
Frenchtown,NJ,40.52621,-75.06156,America/New_York
Garfield,NJ,40.88149,-74.1132,America/New_York
Garwood,NJ,40.65177,-74.32293,America/New_York
Gibbsboro,NJ,39.83817,-74.96489,America/New_York
Gibbstown,NJ,39.82511,-75.28352,America/New_York
Gladstone,NJ,40.7226,-74.66544,America/New_York
Glassboro,NJ,39.70289,-75.11184,America/New_York
Glen Gardner,NJ,40.69677,-74.94072,America/New_York
Glen Ridge,NJ,40.80538,-74.20376,America/New_York
Glen Rock,NJ,40.96288,-74.13292,America/New_York
Glendora,NJ,39.83956,-75.07351,America/New_York
Gloucester City,NJ,39.89281,-75.12041,America/New_York
Golden Triangle,NJ,39.92789,-75.03878,America/New_York
Green Knoll,NJ,40.6001,-74.6121,America/New_York
Greentree,NJ,39.89706,-74.95572,America/New_York
Groveville,NJ,40.16983,-74.67155,America/New_York
Guttenberg,NJ,40.79205,-74.00375,America/New_York
Hackensack,NJ,40.88593,-74.04347,America/New_York
Hackettstown,NJ,40.85399,-74.82906,America/New_York
Haddon Heights,NJ,39.87734,-75.06462,America/New_York
Haddonfield,NJ,39.8915,-75.03767,America/New_York
Haledon,NJ,40.93565,-74.18626,America/New_York
Hamburg,NJ,41.15343,-74.57627,America/New_York
Hamilton Square,NJ,40.22733,-74.65321,America/New_York
Hammonton,NJ,39.63651,-74.80239,America/New_York
Hampton,NJ,40.70704,-74.956,America/New_York
Hanover,NJ,40.80454,-74.36682,America/New_York
Hardwick,NJ,41.05454,-74.93212,America/New_York
Harrington Park,NJ,40.98371,-73.97986,America/New_York
Harrison,NJ,40.74649,-74.15626,America/New_York
Hasbrouck Heights,NJ,40.85816,-74.0807,America/New_York
Haskell,NJ,41.02843,-74.29598,America/New_York
Haworth,NJ,40.96093,-73.99014,America/New_York
Hawthorne,NJ,40.94926,-74.15375,America/New_York
Heathcote,NJ,40.38872,-74.57571,America/New_York
Helmetta,NJ,40.37677,-74.4246,America/New_York
High Bridge,NJ,40.66705,-74.89572,America/New_York
Highland Lake,NJ,41.17676,-74.45655,America/New_York
Highland Park,NJ,40.49594,-74.42432,America/New_York
Highlands,NJ,40.40372,-73.99153,America/New_York
Hightstown,NJ,40.26955,-74.52321,America/New_York
Hillsborough,NJ,40.4776,-74.62682,America/New_York
Hillsdale,NJ,41.0026,-74.04042,America/New_York
Hillside,NJ,40.70121,-74.23015,America/New_York
Ho-Ho-Kus,NJ,40.99649,-74.10125,America/New_York
Hoboken,NJ,40.74399,-74.03236,America/New_York
Holiday City South,NJ,39.95324,-74.23778,America/New_York
Holiday City-Berkeley,NJ,39.9638,-74.27803,America/New_York
Holiday Heights,NJ,39.94595,-74.25403,America/New_York
Hopatcong,NJ,40.93288,-74.65933,America/New_York
Hopatcong Hills,NJ,40.94399,-74.67072,America/New_York
Hopewell,NJ,40.38927,-74.76183,America/New_York
Irvington,NJ,40.73232,-74.23487,America/New_York
Iselin,NJ,40.57538,-74.32237,America/New_York
Island Heights,NJ,39.94206,-74.14986,America/New_York
Jackson,NJ,39.7765,-74.86238,America/New_York
Jamesburg,NJ,40.35261,-74.44015,America/New_York
Jersey City,NJ,40.72816,-74.07764,America/New_York
Keansburg,NJ,40.44177,-74.12986,America/New_York
Kearny,NJ,40.76843,-74.14542,America/New_York
Kendall Park,NJ,40.42094,-74.56071,America/New_York
Kenilworth,NJ,40.67649,-74.2907,America/New_York
Kenvil,NJ,40.87982,-74.61849,America/New_York
Keyport,NJ,40.43316,-74.19959,America/New_York
Kingston,NJ,40.37538,-74.61349,America/New_York
Kingston Estates,NJ,39.92372,-74.98795,America/New_York
Kinnelon,NJ,41.00176,-74.3671,America/New_York
Lake Como,NJ,40.15984,-74.02819,America/New_York
Lake Hiawatha,NJ,40.8826,-74.38154,America/New_York
Lake Hopatcong,NJ,40.94843,-74.6171,America/New_York
Lake Mohawk,NJ,41.01843,-74.66016,America/New_York
Lake Telemark,NJ,40.95677,-74.49793,America/New_York
Lakehurst,NJ,40.01456,-74.31126,America/New_York
Lakewood,NJ,40.09789,-74.21764,America/New_York
Lambertville,NJ,40.36594,-74.94294,America/New_York
Landing,NJ,40.9051,-74.66516,America/New_York
Laurel Lake,NJ,39.33956,-75.0299,America/New_York
Laurel Springs,NJ,39.82011,-75.00628,America/New_York
Laurence Harbor,NJ,40.45677,-74.24653,America/New_York
Lavallette,NJ,39.9704,-74.06875,America/New_York
Lawnside,NJ,39.8665,-75.02823,America/New_York
Lawrenceville,NJ,40.29733,-74.7296,America/New_York
Lebanon,NJ,40.64177,-74.836,America/New_York
Leisure Knoll,NJ,40.01901,-74.29209,America/New_York
Leisure Village,NJ,40.04262,-74.18486,America/New_York
Leisure Village East,NJ,40.03012,-74.16431,America/New_York
Leisure Village West-Pine Lake Park,NJ,40.00416,-74.26629,America/New_York
Leisuretowne,NJ,39.89234,-74.7021,America/New_York
Leonardo,NJ,40.41733,-74.06208,America/New_York
Leonia,NJ,40.86149,-73.98819,America/New_York
Lincoln Park,NJ,40.92427,-74.30209,America/New_York
Lincroft,NJ,40.33067,-74.12097,America/New_York
Linden,NJ,40.62205,-74.24459,America/New_York
Lindenwold,NJ,39.82428,-74.99767,America/New_York
Linwood,NJ,39.33984,-74.57516,America/New_York
Little Falls,NJ,40.86899,-74.2082,America/New_York
Little Ferry,NJ,40.85288,-74.04208,America/New_York
Little Silver,NJ,40.33678,-74.04708,America/New_York
Livingston,NJ,40.79593,-74.31487,America/New_York
Lodi,NJ,40.88232,-74.0832,America/New_York
Long Branch,NJ,40.30428,-73.99236,America/New_York
Long Valley,NJ,40.78593,-74.78016,America/New_York
Lumberton,NJ,39.96595,-74.80516,America/New_York
Lyndhurst,NJ,40.81204,-74.12431,America/New_York
Madison,NJ,40.75982,-74.4171,America/New_York
Madison Park,NJ,40.4515,-74.30792,America/New_York
Magnolia,NJ,39.94984,-74.66071,America/New_York
Magnolia,NJ,39.85456,-75.03906,America/New_York
Mahwah,NJ,41.08871,-74.14376,America/New_York
Manahawkin,NJ,39.6954,-74.25875,America/New_York
Manasquan,NJ,40.12623,-74.0493,America/New_York
Manville,NJ,40.54094,-74.58766,America/New_York
Maple Shade,NJ,39.95261,-74.99239,America/New_York
Maplewood,NJ,40.73121,-74.27348,America/New_York
Margate City,NJ,39.32789,-74.50349,America/New_York
Marlboro,NJ,40.31539,-74.24626,America/New_York
Marlton,NJ,39.89122,-74.92183,America/New_York
Martinsville,NJ,40.60121,-74.55905,America/New_York
Matawan,NJ,40.41483,-74.22959,America/New_York
Mays Landing,NJ,39.45234,-74.72766,America/New_York
Maywood,NJ,40.9026,-74.06181,America/New_York
McGuire AFB,NJ,40.03977,-74.58174,America/New_York
Medford Lakes,NJ,39.85845,-74.80294,America/New_York
Mendham,NJ,40.77593,-74.60071,America/New_York
Mercerville,NJ,40.23705,-74.68655,America/New_York
Mercerville-Hamilton Square,NJ,40.23126,-74.67223,America/New_York
Merchantville,NJ,39.94734,-75.06656,America/New_York
Metuchen,NJ,40.54316,-74.3632,America/New_York
Middlebush,NJ,40.4976,-74.52932,America/New_York
Middlesex,NJ,40.5726,-74.49265,America/New_York
Middletown,NJ,40.39428,-74.11709,America/New_York
Midland Park,NJ,40.98926,-74.1407,America/New_York
Milford,NJ,40.56871,-75.09462,America/New_York
Millburn,NJ,40.72482,-74.30404,America/New_York
Milltown,NJ,40.45622,-74.44321,America/New_York
Millville,NJ,39.40206,-75.03934,America/New_York
Monmouth Beach,NJ,40.33039,-73.98153,America/New_York
Monmouth Junction,NJ,40.379,-74.54654,America/New_York
Montclair,NJ,40.82593,-74.20903,America/New_York
Montvale,NJ,41.04676,-74.02292,America/New_York
Moonachie,NJ,40.84121,-74.04514,America/New_York
Moorestown-Lenola,NJ,39.96591,-74.96441,America/New_York
Morganville,NJ,40.3765,-74.24431,America/New_York
Morris Plains,NJ,40.82177,-74.48099,America/New_York
Morristown,NJ,40.79677,-74.48154,America/New_York
Mount Arlington,NJ,40.92593,-74.63488,America/New_York
Mount Ephraim,NJ,39.87845,-75.09267,America/New_York
Mount Holly,NJ,39.99289,-74.78766,America/New_York
Mount Laurel,NJ,39.934,-74.891,America/New_York
Mountain Lakes,NJ,40.89482,-74.43293,America/New_York
Mountainside,NJ,40.67232,-74.35737,America/New_York
Mullica Hill,NJ,39.73928,-75.22407,America/New_York
Mystic Island,NJ,39.54428,-74.38237,America/New_York
National Park,NJ,39.86595,-75.17879,America/New_York
Navesink,NJ,40.39955,-74.03542,America/New_York
Neptune City,NJ,40.20011,-74.02792,America/New_York
Netcong,NJ,40.89899,-74.70655,America/New_York
New Brunswick,NJ,40.48622,-74.45182,America/New_York
New Egypt,NJ,40.06761,-74.53071,America/New_York
New Milford,NJ,40.9351,-74.01903,America/New_York
New Providence,NJ,40.69843,-74.40154,America/New_York
Newark,NJ,40.73566,-74.17237,America/New_York
Newfield,NJ,39.54688,-75.02636,America/New_York
Newton,NJ,41.05815,-74.75267,America/New_York
North Arlington,NJ,40.78843,-74.1332,America/New_York
North Beach Haven,NJ,39.57317,-74.23153,America/New_York
North Bergen,NJ,40.80427,-74.01208,America/New_York
North Brunswick,NJ,40.454,-74.482,America/New_York
North Caldwell,NJ,40.86482,-74.2582,America/New_York
North Cape May,NJ,38.98206,-74.95795,America/New_York
North Haledon,NJ,40.9551,-74.18598,America/New_York
North Middletown,NJ,40.43955,-74.11903,America/New_York
North Plainfield,NJ,40.6301,-74.42737,America/New_York
North Wildwood,NJ,39.00067,-74.79933,America/New_York
Northfield,NJ,39.37039,-74.55015,America/New_York
Northfield,NJ,40.77427,-74.32459,America/New_York
Northvale,NJ,41.00649,-73.94903,America/New_York
Norwood,NJ,40.99815,-73.9618,America/New_York
Nutley,NJ,40.82232,-74.15987,America/New_York
Oak Valley,NJ,39.80122,-75.1624,America/New_York
Oakhurst,NJ,40.27094,-74.01625,America/New_York
Oakland,NJ,41.01315,-74.26431,America/New_York
Oaklyn,NJ,39.90095,-75.08462,America/New_York
Ocean Acres,NJ,39.74345,-74.28098,America/New_York
Ocean City,NJ,39.27762,-74.5746,America/New_York
Ocean Gate,NJ,39.92679,-74.13375,America/New_York
Ocean Grove,NJ,40.21206,-74.00653,America/New_York
Oceanport,NJ,40.31817,-74.01514,America/New_York
Ogdensburg,NJ,41.08176,-74.59238,America/New_York
Old Bridge,NJ,40.41483,-74.36543,America/New_York
Old Tappan,NJ,41.01065,-73.99125,America/New_York
Olivet,NJ,39.54817,-75.15463,America/New_York
Oradell,NJ,40.95871,-74.03681,America/New_York
Orange,NJ,40.77066,-74.23265,America/New_York
Oxford,NJ,40.80315,-74.98962,America/New_York
Palisades Park,NJ,40.84816,-73.99764,America/New_York
Palmyra,NJ,40.00706,-75.02823,America/New_York
Paramus,NJ,40.94454,-74.07542,America/New_York
Park Ridge,NJ,41.0376,-74.0407,America/New_York
Parsippany,NJ,40.85788,-74.42599,America/New_York
Passaic,NJ,40.85677,-74.12848,America/New_York
Paterson,NJ,40.91677,-74.17181,America/New_York
Paulsboro,NJ,39.83039,-75.24046,America/New_York
Peapack,NJ,40.71677,-74.65655,America/New_York
Pemberton,NJ,39.97206,-74.68294,America/New_York
Pemberton Heights,NJ,39.96261,-74.67877,America/New_York
Pennington,NJ,40.32844,-74.79072,America/New_York
Penns Grove,NJ,39.72956,-75.46797,America/New_York
Pennsauken,NJ,39.95622,-75.05795,America/New_York
Pennsville,NJ,39.65345,-75.51659,America/New_York
Perth Amboy,NJ,40.50677,-74.26542,America/New_York
Phillipsburg,NJ,40.69371,-75.19018,America/New_York
Pine Beach,NJ,39.93595,-74.17097,America/New_York
Pine Hill,NJ,39.78428,-74.99211,America/New_York
Pine Lake Park,NJ,40.00317,-74.25653,America/New_York
Pine Ridge at Crestwood,NJ,39.95456,-74.31515,America/New_York
Piscataway,NJ,40.49927,-74.39904,America/New_York
Pitman,NJ,39.73289,-75.13157,America/New_York
Plainfield,NJ,40.63371,-74.40737,America/New_York
Plainsboro Center,NJ,40.33177,-74.5946,America/New_York
Pleasantville,NJ,39.38984,-74.52404,America/New_York
Point Pleasant,NJ,40.08317,-74.06819,America/New_York
Point Pleasant Beach,NJ,40.09123,-74.04791,America/New_York
Pomona,NJ,39.47845,-74.57516,America/New_York
Pompton Lakes,NJ,41.00538,-74.2907,America/New_York
Port Monmouth,NJ,40.43011,-74.09847,America/New_York
Port Norris,NJ,39.24595,-75.03518,America/New_York
Port Reading,NJ,40.56538,-74.26042,America/New_York
Port Republic,NJ,39.52067,-74.48571,America/New_York
Presidential Lakes Estates,NJ,39.91373,-74.5646,America/New_York
Princeton,NJ,40.34872,-74.65905,America/New_York
Princeton Junction,NJ,40.31733,-74.61988,America/New_York
Princeton Meadows,NJ,40.33177,-74.56377,America/New_York
Prospect Park,NJ,40.24039,-74.76627,America/New_York
Prospect Park,NJ,40.93704,-74.17431,America/New_York
Rahway,NJ,40.60816,-74.27765,America/New_York
Ramblewood,NJ,39.92872,-74.94378,America/New_York
Ramsey,NJ,41.05732,-74.14098,America/New_York
Ramtown,NJ,40.12095,-74.14375,America/New_York
Randolph,NJ,40.84829,-74.58148,America/New_York
Raritan,NJ,40.56955,-74.63294,America/New_York
Red Bank,NJ,40.34705,-74.06431,America/New_York
Richwood,NJ,39.72261,-75.16546,America/New_York
Ridgefield,NJ,40.83427,-74.00875,America/New_York
Ridgefield Park,NJ,40.85704,-74.02153,America/New_York
Ridgewood,NJ,40.97926,-74.11653,America/New_York
Ringwood,NJ,41.11343,-74.24543,America/New_York
Rio Grande,NJ,39.01456,-74.88156,America/New_York
River Edge,NJ,40.92871,-74.03986,America/New_York
River Vale,NJ,40.99538,-74.01208,America/New_York
Riverdale,NJ,40.99399,-74.30348,America/New_York
Riverton,NJ,40.0115,-75.01489,America/New_York
Robbinsville,NJ,40.21455,-74.61932,America/New_York
Robertsville,NJ,40.34622,-74.28792,America/New_York
Rochelle Park,NJ,40.90732,-74.07514,America/New_York
Rockaway,NJ,40.90121,-74.51432,America/New_York
Roebling,NJ,40.11594,-74.78627,America/New_York
Roseland,NJ,40.82066,-74.29376,America/New_York
Roselle,NJ,40.65223,-74.25882,America/New_York
Roselle Park,NJ,40.66455,-74.26431,America/New_York
Rosenhayn,NJ,39.47817,-75.13129,America/New_York
Rossmoor,NJ,40.3365,-74.47349,America/New_York
Rumson,NJ,40.37205,-73.99903,America/New_York
Runnemede,NJ,39.85234,-75.06795,America/New_York
Rutherford,NJ,40.82649,-74.10681,America/New_York
Saddle Brook,NJ,40.89899,-74.09264,America/New_York
Saddle River,NJ,41.03176,-74.10209,America/New_York
Salem,NJ,39.57178,-75.46714,America/New_York
Sayreville,NJ,40.45927,-74.36098,America/New_York
Sayreville Junction,NJ,40.46538,-74.33043,America/New_York
Scotch Plains,NJ,40.65538,-74.38987,America/New_York
Sea Bright,NJ,40.3615,-73.97403,America/New_York
Sea Girt,NJ,40.13206,-74.03458,America/New_York
Sea Isle City,NJ,39.15345,-74.69294,America/New_York
Seabrook Farms,NJ,39.50095,-75.21796,America/New_York
Seaside Heights,NJ,39.94429,-74.07291,America/New_York
Seaside Park,NJ,39.92679,-74.07708,America/New_York
Secaucus,NJ,40.78955,-74.05653,America/New_York
Sewaren,NJ,40.55205,-74.25876,America/New_York
Sewell,NJ,39.7665,-75.14434,America/New_York
Shark River Hills,NJ,40.194,-74.04875,America/New_York
Ship Bottom,NJ,39.6429,-74.18042,America/New_York
Short Hills,NJ,40.74788,-74.32543,America/New_York
Shrewsbury,NJ,40.18261,-74.52932,America/New_York
Shrewsbury,NJ,40.32955,-74.06153,America/New_York
Sicklerville,NJ,39.71734,-74.96933,America/New_York
Silver Ridge,NJ,39.963,-74.238,America/New_York
Singac,NJ,40.88677,-74.24098,America/New_York
Sixmile Run,NJ,40.45761,-74.51154,America/New_York
Smithville,NJ,39.49401,-74.45709,America/New_York
Society Hill,NJ,40.53399,-74.45793,America/New_York
Somerdale,NJ,39.844,-75.02267,America/New_York
Somers Point,NJ,39.31762,-74.5946,America/New_York
Somerset,NJ,40.4976,-74.48849,America/New_York
Somerville,NJ,40.57427,-74.60988,America/New_York
South Amboy,NJ,40.47788,-74.2907,America/New_York
South Belmar,NJ,40.17095,-74.02736,America/New_York
South Bound Brook,NJ,40.55344,-74.53154,America/New_York
South Hackensack,NJ,40.8626,-74.04792,America/New_York
South Old Bridge,NJ,40.40816,-74.35432,America/New_York
South Orange,NJ,40.74899,-74.26126,America/New_York
South Plainfield,NJ,40.57927,-74.41154,America/New_York
South River,NJ,40.44649,-74.38598,America/New_York
South Toms River,NJ,39.94206,-74.20431,America/New_York
South Vineland,NJ,39.44595,-75.02879,America/New_York
Sparta,NJ,41.03343,-74.63849,America/New_York
Spotswood,NJ,40.39177,-74.39848,America/New_York
Spring Lake,NJ,40.15345,-74.02819,America/New_York
Spring Lake Heights,NJ,40.152,-74.039,America/New_York
Springdale,NJ,39.881,-74.97,America/New_York
Springfield,NJ,40.70491,-74.31723,America/New_York
Stanhope,NJ,40.90288,-74.70905,America/New_York
Stratford,NJ,39.82678,-75.01545,America/New_York
Strathmore,NJ,40.39594,-74.21348,America/New_York
Succasunna,NJ,40.86843,-74.64044,America/New_York
Summit,NJ,40.71562,-74.36468,America/New_York
Surf City,NJ,39.66206,-74.16514,America/New_York
Sussex,NJ,41.20982,-74.60766,America/New_York
Swedesboro,NJ,39.74761,-75.31047,America/New_York
Teaneck,NJ,40.8976,-74.01597,America/New_York
Ten Mile Run,NJ,40.41301,-74.60223,America/New_York
Tenafly,NJ,40.92538,-73.96292,America/New_York
Tinton Falls,NJ,40.30428,-74.10042,America/New_York
Toms River,NJ,39.95373,-74.19792,America/New_York
Totowa,NJ,40.9051,-74.20987,America/New_York
Trenton,NJ,40.21705,-74.74294,America/New_York
Tuckerton,NJ,39.60317,-74.34015,America/New_York
Turnersville,NJ,39.77317,-75.05128,America/New_York
Twin Rivers,NJ,40.264,-74.49126,America/New_York
Union,NJ,40.6976,-74.2632,America/New_York
Union Beach,NJ,40.4465,-74.1782,America/New_York
Union City,NJ,40.77955,-74.02375,America/New_York
Upper Montclair,NJ,40.84621,-74.20126,America/New_York
Upper Pohatcong,NJ,40.67747,-75.1558,America/New_York
Upper Saddle River,NJ,41.05843,-74.09848,America/New_York
Ventnor City,NJ,39.34039,-74.47737,America/New_York
Vernon Center,NJ,41.18879,-74.50405,America/New_York
Vernon Valley,NJ,41.23676,-74.4871,America/New_York
Verona,NJ,40.82982,-74.24015,America/New_York
Victory Gardens,NJ,40.87593,-74.54238,America/New_York
Victory Lakes,NJ,39.63317,-74.966,America/New_York
Villas,NJ,39.02872,-74.93851,America/New_York
Vincentown,NJ,39.934,-74.74849,America/New_York
Vineland,NJ,39.48623,-75.02573,America/New_York
Vista Center,NJ,40.15928,-74.31792,America/New_York
Voorhees,NJ,40.4795,-74.49062,America/New_York
Waldwick,NJ,41.01065,-74.11792,America/New_York
Wallington,NJ,40.85316,-74.11375,America/New_York
Wanamassa,NJ,40.23178,-74.02542,America/New_York
Wanaque,NJ,41.03815,-74.29404,America/New_York
Waretown,NJ,39.79151,-74.19514,America/New_York
Warren Township,NJ,40.60822,-74.51803,America/New_York
Washington,NJ,40.75843,-74.97934,America/New_York
Watchung,NJ,40.63788,-74.45099,America/New_York
Wayne,NJ,40.92538,-74.27654,America/New_York
Weehawken,NJ,40.76955,-74.02042,America/New_York
Wenonah,NJ,39.79456,-75.14879,America/New_York
West Belmar,NJ,40.16928,-74.03542,America/New_York
West Caldwell,NJ,40.84852,-74.29695,America/New_York
West Cape May,NJ,38.93872,-74.94184,America/New_York
West Freehold,NJ,40.24206,-74.30126,America/New_York
West Long Branch,NJ,40.29039,-74.01764,America/New_York
West Milford,NJ,41.13121,-74.36737,America/New_York
West New York,NJ,40.78788,-74.01431,America/New_York
West Orange,NJ,40.79871,-74.23904,America/New_York
Westfield,NJ,40.65899,-74.34737,America/New_York
Weston,NJ,40.522,-74.578,America/New_York
Westville,NJ,39.86789,-75.13156,America/New_York
Westville,NJ,40.84454,-74.29959,America/New_York
Westwood,NJ,40.99121,-74.03264,America/New_York
Wharton,NJ,40.89315,-74.58183,America/New_York
Whippany,NJ,40.82454,-74.4171,America/New_York
White Horse,NJ,40.19067,-74.70238,America/New_York
White Meadow Lake,NJ,40.92371,-74.51071,America/New_York
Whitehouse Station,NJ,40.61538,-74.77044,America/New_York
Whitesboro,NJ,39.039,-74.85684,America/New_York
Whitesboro-Burleigh,NJ,39.04305,-74.86538,America/New_York
Whittingham,NJ,40.32982,-74.44511,America/New_York
Wildwood,NJ,38.99178,-74.81489,America/New_York
Wildwood Crest,NJ,38.97484,-74.8335,America/New_York
Williamstown,NJ,39.68623,-74.99517,America/New_York
Willingboro,NJ,40.02789,-74.86905,America/New_York
Winfield,NJ,40.6426,-74.28543,America/New_York
Wood-Lynne,NJ,39.91734,-75.09629,America/New_York
Wood-Ridge,NJ,40.84566,-74.08792,America/New_York
Woodbine,NJ,39.24178,-74.81517,America/New_York
Woodbridge,NJ,40.5576,-74.28459,America/New_York
Woodbury,NJ,39.83817,-75.15268,America/New_York
Woodbury Heights,NJ,39.81706,-75.15518,America/New_York
Woodcliff Lake,NJ,41.02343,-74.06653,America/New_York
Woodland Park,NJ,40.88982,-74.19487,America/New_York
Woodstown,NJ,39.6515,-75.32825,America/New_York
Wyckoff,NJ,41.00954,-74.17292,America/New_York
Yardville,NJ,40.18122,-74.66432,America/New_York
Yorketown,NJ,40.30789,-74.33765,America/New_York
Agua Fria,NM,35.65448,-106.02224,America/Denver
Alamo,NM,34.42089,-107.51088,America/Denver
Alamogordo,NM,32.89953,-105.96027,America/Denver
Albuquerque,NM,35.08449,-106.65114,America/Denver
Angel Fire,NM,36.39309,-105.28501,America/Denver
Anthony,NM,32.00399,-106.60583,America/Denver
Arenas Valley,NM,32.79396,-108.18421,America/Denver
Arroyo Seco,NM,36.51669,-105.56918,America/Denver
Artesia,NM,32.84233,-104.4033,America/Denver
Atoka,NM,32.76956,-104.38885,America/Denver
Aztec,NM,36.82223,-107.99285,America/Denver
Bayard,NM,32.76174,-108.1306,America/Denver
Belen,NM,34.66284,-106.77642,America/Denver
Berino,NM,32.07093,-106.62138,America/Denver
Bernalillo,NM,35.30004,-106.55114,America/Denver
Black Rock,NM,35.08837,-108.79119,America/Denver
Bloomfield,NM,36.71112,-107.98451,America/Denver
Boles Acres,NM,32.80703,-105.9861,America/Denver
Bosque Farms,NM,34.85478,-106.7053,America/Denver
Cannon Air Force Base,NM,34.39689,-103.32444,America/Denver
Capitan,NM,33.54536,-105.5722,America/Denver
Carlsbad,NM,32.42067,-104.22884,America/Denver
Carnuel,NM,35.06394,-106.45725,America/Denver
Carrizozo,NM,33.64174,-105.87721,America/Denver
Chama,NM,36.90307,-106.57948,America/Denver
Chaparral,NM,32.02376,-106.38566,America/Denver
Chimayo,NM,36.00391,-105.94697,America/Denver
Church Rock,NM,35.53391,-108.5998,America/Denver
Clayton,NM,36.45169,-103.1841,America/Denver
Clovis,NM,34.4048,-103.20523,America/Denver
Columbus,NM,31.8276,-107.64002,America/Denver
Corrales,NM,35.23782,-106.60669,America/Denver
Crownpoint,NM,35.67808,-108.15118,America/Denver
Deming,NM,32.2687,-107.75864,America/Denver
Dexter,NM,33.19733,-104.37302,America/Denver
Doña Ana,NM,32.38954,-106.8139,America/Denver
Dulce,NM,36.93362,-106.99893,America/Denver
Edgewood,NM,35.06144,-106.19141,America/Denver
El Cerro,NM,34.774,-106.704,America/Denver
El Cerro Mission,NM,34.76227,-106.6445,America/Denver
El Rancho,NM,35.88919,-106.07975,America/Denver
El Valle de Arroyo Seco,NM,35.9628,-106.02947,America/Denver
Eldorado at Santa Fe,NM,35.52642,-105.93474,America/Denver
Elephant Butte,NM,33.14868,-107.18475,America/Denver
Enchanted Hills,NM,35.33676,-106.59296,America/Denver
Española,NM,35.99113,-106.08058,America/Denver
Estancia,NM,34.75839,-106.05585,America/Denver
Eunice,NM,32.43734,-103.15908,America/Denver
Farmington,NM,36.72806,-108.21869,America/Denver
Flora Vista,NM,36.79445,-108.08035,America/Denver
Fort Sumner,NM,34.47173,-104.24553,America/Denver
Gallup,NM,35.52808,-108.74258,America/Denver
Grants,NM,35.1476,-107.85261,America/Denver
Hagerman,NM,33.11511,-104.32691,America/Denver
Hatch,NM,32.66536,-107.15307,America/Denver
Hobbs,NM,32.70261,-103.13604,America/Denver
Holloman Air Force Base,NM,32.84827,-106.09977,America/Denver
Hurley,NM,32.69924,-108.13199,America/Denver
Jal,NM,32.11318,-103.19351,America/Denver
Jarales,NM,34.61312,-106.76364,America/Denver
Jemez Pueblo,NM,35.61422,-106.72832,America/Denver
Keeler Farm,NM,32.31607,-107.76023,America/Denver
Kirtland,NM,36.73417,-108.3598,America/Denver
La Cienega,NM,35.56281,-106.13086,America/Denver
La Huerta,NM,32.4429,-104.22106,America/Denver
La Luz,NM,32.97787,-105.94193,America/Denver
La Mesilla,NM,35.94836,-106.07058,America/Denver
La Puebla,NM,35.98919,-105.99641,America/Denver
La Union,NM,31.95066,-106.66166,America/Denver
Laguna,NM,35.03671,-107.38282,America/Denver
Las Cruces,NM,32.31232,-106.77834,America/Denver
Las Maravillas,NM,34.73815,-106.66854,America/Denver
Las Vegas,NM,35.59393,-105.2239,America/Denver
Lee Acres,NM,35.14866,-106.64697,America/Denver
Lee Acres,NM,36.69889,-108.03674,America/Denver
Lordsburg,NM,32.35036,-108.70866,America/Denver
Los Alamos,NM,35.88808,-106.30697,America/Denver
Los Chavez,NM,34.72571,-106.75726,America/Denver
Los Lunas,NM,34.80617,-106.73336,America/Denver
Los Ranchos de Albuquerque,NM,35.16199,-106.6428,America/Denver
Loving,NM,32.28623,-104.09577,America/Denver
Lovington,NM,32.94401,-103.34855,America/Denver
McIntosh,NM,34.86478,-106.05169,America/Denver
Meadow Lake,NM,34.80144,-106.54363,America/Denver
Mescalero,NM,33.15759,-105.77415,America/Denver
Mesilla,NM,32.27009,-106.80084,America/Denver
Mesquite,NM,32.16454,-106.69666,America/Denver
Milan,NM,35.16976,-107.89089,America/Denver
Monterey Park,NM,34.75898,-106.64085,America/Denver
Mora,NM,35.9742,-105.33001,America/Denver
Moriarty,NM,34.99005,-106.04919,America/Denver
Mosquero,NM,35.77698,-103.95664,America/Denver
Nambe,NM,35.89336,-105.98252,America/Denver
Navajo,NM,35.90001,-109.03398,America/Denver
Navajo,NM,36.94612,-107.06309,America/Denver
North Valley,NM,35.17338,-106.62336,America/Denver
Ohkay Owingeh,NM,36.05082,-106.06897,America/Denver
Paradise Hills,NM,35.2006,-106.70114,America/Denver
Pecos,NM,35.5742,-105.67502,America/Denver
Peralta,NM,34.837,-106.69058,America/Denver
Placitas,NM,35.30698,-106.42475,America/Denver
Pojoaque,NM,35.8928,-106.02308,America/Denver
Ponderosa Pine,NM,34.97699,-106.32419,America/Denver
Portales,NM,34.18619,-103.3344,America/Denver
Questa,NM,36.70391,-105.59501,America/Denver
Radium Springs,NM,32.5012,-106.92807,America/Denver
Ranchos de Taos,NM,36.35864,-105.60946,America/Denver
Raton,NM,36.90336,-104.43915,America/Denver
Reserve,NM,33.71311,-108.75784,America/Denver
Rio Communities,NM,34.64959,-106.73403,America/Denver
Rio Rancho,NM,35.23338,-106.66447,America/Denver
Roswell,NM,33.39437,-104.52491,America/Denver
Ruidoso,NM,33.33175,-105.67304,America/Denver
Ruidoso Downs,NM,33.32897,-105.60443,America/Denver
San Felipe Pueblo,NM,35.43392,-106.44669,America/Denver
San Miguel,NM,32.15538,-106.735,America/Denver
San Ysidro,NM,32.35093,-106.81112,America/Denver
Sandia Heights,NM,35.17699,-106.49141,America/Denver
Sandia Knolls,NM,35.16393,-106.31141,America/Denver
Santa Clara,NM,32.77952,-108.15032,America/Denver
Santa Clara Pueblo,NM,35.96558,-106.08863,America/Denver
Santa Fe,NM,35.68698,-105.9378,America/Denver
Santa Rosa,NM,34.93867,-104.68249,America/Denver
Santa Teresa,NM,36.15335,-106.67948,America/Denver
Santa Teresa,NM,31.85594,-106.63916,America/Denver
Santo Domingo Pueblo,NM,35.51476,-106.36586,America/Denver
Shiprock,NM,36.78555,-108.68703,America/Denver
Silver City,NM,32.77007,-108.28033,America/Denver
Skyline-Ganipa,NM,35.03279,-107.61396,America/Denver
Socorro,NM,34.0584,-106.89142,America/Denver
South Valley,NM,35.01005,-106.67808,America/Denver
Spencerville,NM,36.82,-108.05813,America/Denver
Sunland Park,NM,31.7965,-106.57999,America/Denver
Taos,NM,36.40725,-105.57307,America/Denver
Taos Pueblo,NM,36.43864,-105.54445,America/Denver
Texico,NM,34.38869,-103.05134,America/Denver
Thoreau,NM,35.40253,-108.2234,America/Denver
Tierra Amarilla,NM,36.70029,-106.54976,America/Denver
Tome,NM,34.74089,-106.72836,America/Denver
Truth or Consequences,NM,33.1284,-107.25281,America/Denver
Tucumcari,NM,35.17191,-103.72686,America/Denver
Tularosa,NM,33.07397,-106.0186,America/Denver
Twin Lakes,NM,35.70919,-108.77481,America/Denver
University Park,NM,32.28343,-106.75334,America/Denver
Upper Fruitland,NM,36.71584,-108.31424,America/Denver
Vado,NM,32.11176,-106.6625,America/Denver
Valencia,NM,34.7995,-106.7003,America/Denver
Waterflow,NM,36.75972,-108.48175,America/Denver
West Hammond,NM,36.68071,-108.04921,America/Denver
White Rock,NM,35.82753,-106.20391,America/Denver
White Sands,NM,32.38093,-106.47944,America/Denver
Zuni Pueblo,NM,35.07253,-108.85064,America/Denver
Alamo,NV,37.36496,-115.16446,America/Los_Angeles
Battle Mountain,NV,40.64213,-116.93427,America/Los_Angeles
Beatty,NV,36.90856,-116.75923,America/Los_Angeles
Boulder City,NV,35.97859,-114.83249,America/Los_Angeles
Bunkerville,NV,36.77303,-114.12802,America/Los_Angeles
Caliente,NV,37.61496,-114.51194,America/Los_Angeles
Carlin,NV,40.71381,-116.10397,America/Los_Angeles
Carson City,NV,39.1638,-119.7674,America/Los_Angeles
Cold Springs,NV,39.68019,-119.97659,America/Los_Angeles
Dayton,NV,39.23714,-119.59295,America/Los_Angeles
East Valley,NV,38.9434,-119.69923,America/Los_Angeles
Elko,NV,40.83242,-115.76312,America/Los_Angeles
Ely,NV,39.24744,-114.88863,America/Los_Angeles
Enterprise,NV,36.02525,-115.24194,America/Los_Angeles
Eureka,NV,39.51271,-115.96061,America/Los_Angeles
Fallon,NV,39.47353,-118.77737,America/Los_Angeles
Fernley,NV,39.60797,-119.25183,America/Los_Angeles
Gardnerville,NV,38.9413,-119.74962,America/Los_Angeles
Gardnerville Ranchos,NV,38.88824,-119.74129,America/Los_Angeles
Golden Valley,NV,39.61547,-119.82658,America/Los_Angeles
Goldfield,NV,37.70854,-117.23563,America/Los_Angeles
Hawthorne,NV,38.52464,-118.62458,America/Los_Angeles
Henderson,NV,36.0397,-114.98194,America/Los_Angeles
Incline Village,NV,39.2513,-119.97297,America/Los_Angeles
Indian Hills,NV,39.08602,-119.78407,America/Los_Angeles
Jackpot,NV,41.98324,-114.67476,America/Los_Angeles
Johnson Lane,NV,39.04796,-119.72212,America/Los_Angeles
Kingsbury,NV,38.97713,-119.90685,America/Los_Angeles
Las Vegas,NV,36.17497,-115.13722,America/Los_Angeles
Laughlin,NV,35.16778,-114.57302,America/Los_Angeles
Lemmon Valley,NV,39.63602,-119.84325,America/Los_Angeles
Lovelock,NV,40.17935,-118.47348,America/Los_Angeles
McGill,NV,39.40494,-114.77863,America/Los_Angeles
Mesquite,NV,36.80553,-114.06719,America/Los_Angeles
Minden,NV,38.95407,-119.76573,America/Los_Angeles
Moapa Town,NV,36.68219,-114.59416,America/Los_Angeles
Moapa Valley,NV,36.58053,-114.47026,America/Los_Angeles
Mogul,NV,39.5138,-119.92603,America/Los_Angeles
Nellis Air Force Base,NV,36.24607,-115.05721,America/Los_Angeles
North Las Vegas,NV,36.19886,-115.1175,America/Los_Angeles
Pahrump,NV,36.20829,-115.98391,America/Los_Angeles
Paradise,NV,36.09719,-115.14666,America/Los_Angeles
Pioche,NV,37.92969,-114.45221,America/Los_Angeles
Reno,NV,39.52963,-119.8138,America/Los_Angeles
Sandy Valley,NV,35.81692,-115.63223,America/Los_Angeles
Silver Springs,NV,39.41547,-119.22461,America/Los_Angeles
Smith,NV,38.80047,-119.32738,America/Los_Angeles
Smith Valley,NV,38.78421,-119.34425,America/Los_Angeles
Spanish Springs,NV,39.64908,-119.70741,America/Los_Angeles
Sparks,NV,39.53491,-119.75269,America/Los_Angeles
Spring Creek,NV,40.72659,-115.5859,America/Los_Angeles
Spring Valley,NV,36.10803,-115.245,America/Los_Angeles
Stagecoach,NV,39.3738,-119.37406,America/Los_Angeles
Summerlin South,NV,36.11708,-115.33001,America/Los_Angeles
Sun Valley,NV,39.5963,-119.77602,America/Los_Angeles
Sunrise Manor,NV,36.21108,-115.07306,America/Los_Angeles
Tonopah,NV,38.06716,-117.23008,America/Los_Angeles
Topaz Ranch Estates,NV,38.73565,-119.50079,America/Los_Angeles
Verdi,NV,39.51824,-119.98881,America/Los_Angeles
Virginia City,NV,39.30963,-119.64962,America/Los_Angeles
Wells,NV,41.11159,-114.96449,America/Los_Angeles
West Wendover,NV,40.7391,-114.07335,America/Los_Angeles
Whitney,NV,36.09831,-115.0363,America/Los_Angeles
Winchester,NV,36.12997,-115.11889,America/Los_Angeles
Winnemucca,NV,40.97296,-117.73568,America/Los_Angeles
Yerington,NV,38.98575,-119.16293,America/Los_Angeles
Adams,NY,43.80923,-76.02409,America/New_York
Adams Center,NY,43.86006,-76.00548,America/New_York
Addison,NY,42.10285,-77.23359,America/New_York
Airmont,NY,41.10093,-74.11625,America/New_York
Akron,NY,43.02089,-78.4953,America/New_York
Alabama,NY,43.09645,-78.39086,America/New_York
Albany,NY,42.65258,-73.75623,America/New_York
Albertson,NY,40.77343,-73.64318,America/New_York
Albion,NY,43.24645,-78.19363,America/New_York
Alden,NY,42.90006,-78.49197,America/New_York
Alexandria Bay,NY,44.33588,-75.91773,America/New_York
Alfred,NY,42.25424,-77.79055,America/New_York
Allegany,NY,42.09006,-78.49419,America/New_York
Altamont,NY,42.70063,-74.03374,America/New_York
Amagansett,NY,40.97371,-72.14369,America/New_York
Amherst,NY,42.97839,-78.79976,America/New_York
Amityville,NY,40.67899,-73.41707,America/New_York
Amsterdam,NY,42.93869,-74.18819,America/New_York
Andover,NY,42.15646,-77.79555,America/New_York
Angola,NY,42.63839,-79.02782,America/New_York
Angola on the Lake,NY,42.65478,-79.04893,America/New_York
Apalachin,NY,42.06952,-76.15465,America/New_York
Aquebogue,NY,40.94454,-72.62704,America/New_York
Arcade,NY,42.53395,-78.42307,America/New_York
Ardsley,NY,41.01065,-73.84375,America/New_York
Arlington,NY,41.69593,-73.8968,America/New_York
Armonk,NY,41.12648,-73.71402,America/New_York
Arrochar,NY,40.59844,-74.07264,America/New_York
Arverne,NY,40.59122,-73.79597,America/New_York
Astoria,NY,40.77205,-73.93014,America/New_York
Athens,NY,42.26036,-73.80957,America/New_York
Atlantic Beach,NY,40.58899,-73.72902,America/New_York
Attica,NY,42.86423,-78.28029,America/New_York
Auburn,NY,42.93173,-76.56605,America/New_York
Augusta,NY,42.97479,-75.50129,America/New_York
Averill Park,NY,42.63397,-73.55373,America/New_York
Avon,NY,42.91201,-77.74556,America/New_York
Babylon,NY,40.69566,-73.32568,America/New_York
Bainbridge,NY,42.29341,-75.47935,America/New_York
Baiting Hollow,NY,40.95621,-72.74427,America/New_York
Baldwin,NY,40.65649,-73.6093,America/New_York
Baldwin Harbor,NY,40.63955,-73.60846,America/New_York
Baldwinsville,NY,43.15868,-76.33271,America/New_York
Ballston Lake,NY,42.91174,-73.86818,America/New_York
Ballston Spa,NY,43.00091,-73.84901,America/New_York
Balmville,NY,41.53482,-74.01486,America/New_York
Bardonia,NY,41.10954,-73.99625,America/New_York
Barnum Island,NY,40.60455,-73.64402,America/New_York
Barryville,NY,41.47759,-74.911,America/New_York
Batavia,NY,42.99812,-78.18752,America/New_York
Bath,NY,42.33702,-77.31776,America/New_York
Bath Beach,NY,40.60455,-74.00431,America/New_York
Battery Park City,NY,40.71149,-74.01625,America/New_York
Baxter Estates,NY,40.83482,-73.69541,America/New_York
Bay Park,NY,40.63316,-73.67041,America/New_York
Bay Shore,NY,40.7251,-73.24539,America/New_York
Bay Wood,NY,40.7501,-73.29123,America/New_York
Baychester,NY,40.86928,-73.83645,America/New_York
Bayport,NY,40.73843,-73.05067,America/New_York
Bayside,NY,40.76844,-73.77708,America/New_York
Bayville,NY,40.91065,-73.56207,America/New_York
Beacon,NY,41.50482,-73.96958,America/New_York
Beaver Dam Lake,NY,41.44743,-74.11463,America/New_York
Beaverdam Lake-Salisbury Mills,NY,41.44162,-74.11629,America/New_York
Bedford,NY,41.20426,-73.64374,America/New_York
Bedford Hills,NY,41.23676,-73.69458,America/New_York
Bellaire,NY,40.71399,-73.75402,America/New_York
Belle Harbor,NY,40.57594,-73.84819,America/New_York
Bellerose,NY,40.72427,-73.71513,America/New_York
Bellerose Terrace,NY,40.72066,-73.72596,America/New_York
Bellmore,NY,40.66871,-73.52707,America/New_York
Bellport,NY,40.75704,-72.93927,America/New_York
Belmont,NY,42.22312,-78.03445,America/New_York
Bensonhurst,NY,40.60177,-73.99403,America/New_York
Bergen,NY,43.08534,-77.94223,America/New_York
Bergen Beach,NY,40.62038,-73.9068,America/New_York
Berne,NY,42.62535,-74.13346,America/New_York
Bernhards Bay,NY,43.24451,-75.93353,America/New_York
Bethpage,NY,40.74427,-73.48207,America/New_York
Big Flats,NY,42.1373,-76.93691,America/New_York
Big Flats Airport,NY,42.1693,-76.88977,America/New_York
Billington Heights,NY,42.78423,-78.62642,America/New_York
Binghamton,NY,42.09869,-75.91797,America/New_York
Black River,NY,44.01256,-75.79437,America/New_York
Blasdell,NY,42.79728,-78.82337,America/New_York
Blauvelt,NY,41.06343,-73.95764,America/New_York
Bloomfield,NY,40.6126,-74.1782,America/New_York
Blossvale,NY,43.27979,-75.64352,America/New_York
Blue Point,NY,40.74399,-73.03455,America/New_York
Bohemia,NY,40.76926,-73.11511,America/New_York
Bolivar,NY,42.06673,-78.16779,America/New_York
Bolivar,NY,43.07118,-75.8888,America/New_York
Boonville,NY,43.48368,-75.33656,America/New_York
Borough Park,NY,40.63399,-73.99681,America/New_York
Boston,NY,42.62895,-78.73753,America/New_York
Braman Corners,NY,42.80869,-74.21874,America/New_York
Branchport,NY,42.59868,-77.15386,America/New_York
Brentwood,NY,40.78121,-73.24623,America/New_York
Brewerton,NY,43.23812,-76.14076,America/New_York
Brewster,NY,41.39732,-73.61707,America/New_York
Brewster Hill,NY,41.42398,-73.60429,America/New_York
Briarcliff Manor,NY,41.14565,-73.82375,America/New_York
Briarwood,NY,40.70935,-73.81529,America/New_York
Bridgehampton,NY,40.93788,-72.30092,America/New_York
Bridgeport,NY,43.15535,-75.96936,America/New_York
Bridgeport,NY,42.9159,-76.75245,America/New_York
Brighton,NY,43.14756,-77.55055,America/New_York
Brighton Beach,NY,40.57788,-73.95958,America/New_York
Brightwaters,NY,40.72093,-73.26734,America/New_York
Brinckerhoff,NY,41.54398,-73.86819,America/New_York
Broad Channel,NY,40.60316,-73.82041,America/New_York
Broadalbin,NY,43.05868,-74.19652,America/New_York
Brockport,NY,43.21367,-77.93918,America/New_York
Brocton,NY,42.38867,-79.44116,America/New_York
Bronxville,NY,40.93815,-73.83208,America/New_York
Brookhaven,NY,40.77927,-72.91538,America/New_York
Brooklyn,NY,40.6501,-73.94958,America/New_York
Brooklyn Heights,NY,40.69538,-73.99375,America/New_York
Brookville,NY,40.81316,-73.56735,America/New_York
Brownsville,NY,40.66094,-73.92014,America/New_York
Brownville,NY,44.007,-75.98409,America/New_York
Brownville,NY,41.79982,-74.38071,America/New_York
Buchanan,NY,41.26204,-73.93819,America/New_York
Buffalo,NY,42.88645,-78.87837,America/New_York
Bushwick,NY,40.69427,-73.91875,America/New_York
Byron,NY,43.07978,-78.0639,America/New_York
Cairo,NY,42.29897,-73.99847,America/New_York
Calcium,NY,44.02173,-75.84604,America/New_York
Caledonia,NY,42.97312,-77.85278,America/New_York
Calverton,NY,40.90649,-72.74343,America/New_York
Cambria Heights,NY,40.69455,-73.73847,America/New_York
Cambridge,NY,43.02813,-73.38122,America/New_York
Camden,NY,43.33451,-75.74796,America/New_York
Camillus,NY,43.03923,-76.3041,America/New_York
Canajoharie,NY,42.90563,-74.57181,America/New_York
Canandaigua,NY,42.87423,-77.28804,America/New_York
Canarsie,NY,40.64372,-73.90069,America/New_York
Canastota,NY,43.07951,-75.75074,America/New_York
Canisteo,NY,42.27035,-77.60582,America/New_York
Canton,NY,44.59562,-75.16909,America/New_York
Carle Place,NY,40.7526,-73.61041,America/New_York
Carmel,NY,41.43009,-73.68013,America/New_York
Carmel Hamlet,NY,41.41485,-73.68524,America/New_York
Carthage,NY,43.97812,-75.60936,America/New_York
Cassville,NY,42.9459,-75.25433,America/New_York
Castleton-on-Hudson,NY,42.51841,-73.75123,America/New_York
Catskill,NY,42.21731,-73.86457,America/New_York
Cayuga Heights,NY,42.4601,-76.48776,America/New_York
Cazenovia,NY,42.93007,-75.85269,America/New_York
Cedarhurst,NY,40.62288,-73.7243,America/New_York
Celoron,NY,42.1095,-79.2831,America/New_York
Center Moriches,NY,40.80038,-72.78982,America/New_York
Centereach,NY,40.85843,-73.09955,America/New_York
Centerport,NY,43.0409,-76.59272,America/New_York
Centerport,NY,40.88538,-73.37623,America/New_York
Central Islip,NY,40.79065,-73.20178,America/New_York
Central Square,NY,43.28674,-76.14604,America/New_York
Central Valley,NY,41.33176,-74.12098,America/New_York
Chadwicks,NY,43.02785,-75.27155,America/New_York
Champlain,NY,44.98643,-73.44653,America/New_York
Chappaqua,NY,41.15954,-73.76485,America/New_York
Charleston,NY,40.53677,-74.23737,America/New_York
Chatham,NY,42.36425,-73.59484,America/New_York
Cheektowaga,NY,42.90339,-78.75475,America/New_York
Chelsea,NY,40.60066,-74.19487,America/New_York
Chenango Bridge,NY,42.16674,-75.86242,America/New_York
Chester,NY,41.36259,-74.27126,America/New_York
Chestnut Ridge,NY,41.08426,-74.0557,America/New_York
Chinatown,NY,40.71649,-73.99625,America/New_York
Chittenango,NY,43.04507,-75.86658,America/New_York
Churchville,NY,43.10423,-77.88445,America/New_York
Cicero,NY,43.17562,-76.11937,America/New_York
Cincinnatus,NY,42.54229,-75.89575,America/New_York
City Island,NY,40.84732,-73.78652,America/New_York
Clarence,NY,42.97673,-78.59197,America/New_York
Clarence Center,NY,43.01061,-78.63753,America/New_York
Clark Mills,NY,43.09229,-75.37962,America/New_York
Clarkson,NY,43.23312,-77.92751,America/New_York
Clay,NY,43.1859,-76.17243,America/New_York
Clayton,NY,44.23949,-76.08578,America/New_York
Clifton,NY,40.6201,-74.07709,America/New_York
Clifton Park,NY,42.86563,-73.77095,America/New_York
Clifton Springs,NY,42.96173,-77.13998,America/New_York
Clinton,NY,43.0484,-75.3785,America/New_York
Clinton Corners,NY,41.83009,-73.76235,America/New_York
Clintondale,NY,41.69482,-74.05125,America/New_York
Clyde,NY,43.08423,-76.8694,America/New_York
Clymer,NY,42.02089,-79.63005,America/New_York
Cobleskill,NY,42.67785,-74.48542,America/New_York
Cohoes,NY,42.77424,-73.70012,America/New_York
Cold Spring,NY,41.42009,-73.95458,America/New_York
Cold Spring Harbor,NY,40.87149,-73.45679,America/New_York
College Point,NY,40.7876,-73.84597,America/New_York
Colonie,NY,42.71786,-73.83346,America/New_York
Commack,NY,40.84288,-73.29289,America/New_York
Concord,NY,40.60816,-74.08431,America/New_York
Coney Island,NY,40.57788,-73.99403,America/New_York
Congers,NY,41.15065,-73.94542,America/New_York
Conklin,NY,42.03424,-75.8038,America/New_York
Constantia,NY,43.24785,-76.0002,America/New_York
Cooperstown,NY,42.70048,-74.92426,America/New_York
Copiague,NY,40.68149,-73.39984,America/New_York
Coram,NY,40.86871,-73.00149,America/New_York
Corinth,NY,43.24452,-73.83234,America/New_York
Corning,NY,42.14285,-77.05469,America/New_York
Cornwall,NY,41.44482,-74.0157,America/New_York
Corona,NY,40.74705,-73.86014,America/New_York
Cortland,NY,42.60118,-76.18048,America/New_York
Cortland West,NY,42.59431,-76.22587,America/New_York
Cortlandt Manor,NY,41.28,-73.87164,America/New_York
Country Knolls,NY,42.91508,-73.80512,America/New_York
Coxsackie,NY,42.35092,-73.8029,America/New_York
Crompond,NY,41.288,-73.848,America/New_York
Cropseyville,NY,42.74897,-73.55734,America/New_York
Croton-on-Hudson,NY,41.20843,-73.89125,America/New_York
Crown Heights,NY,41.642,-73.929,America/New_York
Crown Point,NY,43.95034,-73.43707,America/New_York
Crugers,NY,41.23343,-73.92264,America/New_York
Cuba,NY,42.21757,-78.27529,America/New_York
Cumberland Head,NY,44.71643,-73.40263,America/New_York
Cutchogue,NY,41.01066,-72.48509,America/New_York
Cypress Hills,NY,40.67705,-73.89125,America/New_York
Dannemora,NY,44.72143,-73.72375,America/New_York
Dansville,NY,42.5609,-77.69611,America/New_York
Deansboro,NY,42.99507,-75.42851,America/New_York
Deer Park,NY,40.76177,-73.32929,America/New_York
Delevan,NY,42.48923,-78.48085,America/New_York
Delhi,NY,42.27814,-74.91599,America/New_York
Delmar,NY,42.62202,-73.83262,America/New_York
Depew,NY,42.90395,-78.69225,America/New_York
Deposit,NY,42.06008,-75.42,America/New_York
Dexter,NY,44.00784,-76.04437,America/New_York
Dix Hills,NY,40.80482,-73.33623,America/New_York
Dobbs Ferry,NY,41.01454,-73.87264,America/New_York
Dolgeville,NY,43.1009,-74.77293,America/New_York
Dongan Hills,NY,40.58844,-74.09625,America/New_York
Douglaston,NY,40.76871,-73.74708,America/New_York
Dover Plains,NY,41.74121,-73.57652,America/New_York
Downtown Brooklyn,NY,40.69371,-73.98596,America/New_York
Dryden,NY,42.49091,-76.29716,America/New_York
Dundee,NY,42.5234,-76.97663,America/New_York
Dunkirk,NY,42.4795,-79.33393,America/New_York
Durham,NY,42.39953,-74.17236,America/New_York
Dyker Heights,NY,40.62149,-74.00958,America/New_York
East Amherst,NY,43.01839,-78.6967,America/New_York
East Atlantic Beach,NY,40.78982,-73.74708,America/New_York
East Aurora,NY,42.76784,-78.61336,America/New_York
East Elmhurst,NY,40.76121,-73.86514,America/New_York
East Farmingdale,NY,40.72927,-73.41679,America/New_York
East Flatbush,NY,40.65371,-73.93042,America/New_York
East Garden City,NY,40.73083,-73.59806,America/New_York
East Glenville,NY,42.89452,-73.9279,America/New_York
East Greenbush,NY,42.59091,-73.70179,America/New_York
East Hampton,NY,40.96343,-72.1848,America/New_York
East Hampton North,NY,40.97276,-72.18911,America/New_York
East Harlem,NY,40.79472,-73.9425,America/New_York
East Hills,NY,40.79371,-73.62707,America/New_York
East Islip,NY,40.73204,-73.18567,America/New_York
East Ithaca,NY,42.43952,-76.47855,America/New_York
East Massapequa,NY,40.67343,-73.43651,America/New_York
East Meadow,NY,40.71399,-73.55902,America/New_York
East Moriches,NY,40.8051,-72.76093,America/New_York
East New York,NY,40.66677,-73.88236,America/New_York
East Northport,NY,40.87676,-73.32456,America/New_York
East Norwich,NY,40.84677,-73.53512,America/New_York
East Patchogue,NY,40.76704,-72.99622,America/New_York
East Quogue,NY,40.84066,-72.58148,America/New_York
East Rochester,NY,43.10867,-77.4875,America/New_York
East Rockaway,NY,40.64205,-73.66957,America/New_York
East Setauket,NY,40.94149,-73.10594,America/New_York
East Shoreham,NY,40.94482,-72.87955,America/New_York
East Syracuse,NY,43.06534,-76.07853,America/New_York
East Tremont,NY,40.84538,-73.89097,America/New_York
East Village,NY,40.72927,-73.98736,America/New_York
East Williston,NY,40.75843,-73.63485,America/New_York
Eastchester,NY,40.95833,-73.80861,America/New_York
Eastchester,NY,40.88601,-73.82804,America/New_York
Eastport,NY,40.82593,-72.73177,America/New_York
Eatons Neck,NY,40.93065,-73.40151,America/New_York
Eden,NY,42.65228,-78.89698,America/New_York
Eden,NY,41.28871,-74.49433,America/New_York
Edgemere,NY,40.59622,-73.76763,America/New_York
Edinburg,NY,43.22174,-74.10402,America/New_York
Eggertsville,NY,42.96339,-78.80392,America/New_York
Elbridge,NY,43.03451,-76.44799,America/New_York
Elizabethtown,NY,44.21616,-73.59097,America/New_York
Ellenville,NY,41.71704,-74.39571,America/New_York
Elma Center,NY,42.82978,-78.63614,America/New_York
Elmhurst,NY,40.73649,-73.87791,America/New_York
Elmira,NY,42.0898,-76.80773,America/New_York
Elmira Heights,NY,42.1298,-76.82079,America/New_York
Elmont,NY,40.70094,-73.71291,America/New_York
Elmsford,NY,41.0551,-73.82013,America/New_York
Eltingville,NY,40.54538,-74.1657,America/New_York
Elwood,NY,40.84538,-73.33512,America/New_York
Emerson Hill,NY,40.60872,-74.09598,America/New_York
Endicott,NY,42.09841,-76.04937,America/New_York
Endwell,NY,42.11285,-76.02103,America/New_York
Fairmount,NY,43.04729,-76.23854,America/New_York
Fairport,NY,43.09867,-77.44194,America/New_York
Fairview,NY,41.7237,-73.91986,America/New_York
Fairview,NY,41.04343,-73.79736,America/New_York
Falconer,NY,42.11867,-79.19838,America/New_York
Fallsburg,NY,41.73204,-74.60127,America/New_York
Far Rockaway,NY,40.60538,-73.75513,America/New_York
Farmingdale,NY,40.7326,-73.4454,America/New_York
Farmingville,NY,40.83121,-73.02955,America/New_York
Fayetteville,NY,43.02979,-76.00436,America/New_York
Financial District,NY,40.70789,-74.00857,America/New_York
Firthcliffe,NY,41.43926,-74.04514,America/New_York
Fishkill,NY,41.53565,-73.89903,America/New_York
Flanders,NY,40.90343,-72.61759,America/New_York
Flatbush,NY,40.65205,-73.95903,America/New_York
Flatlands,NY,40.62122,-73.93486,America/New_York
Floral Park,NY,40.72371,-73.70485,America/New_York
Florida,NY,41.33176,-74.35682,America/New_York
Flower Hill,NY,40.80732,-73.68124,America/New_York
Fonda,NY,42.95452,-74.37652,America/New_York
Fordham,NY,40.85927,-73.89847,America/New_York
Forest Hills,NY,40.71621,-73.85014,America/New_York
Fort Covington Hamlet,NY,44.97178,-74.50757,America/New_York
Fort Drum,NY,44.05843,-75.76189,America/New_York
Fort Edward,NY,43.26702,-73.58456,America/New_York
Fort Hamilton,NY,40.61872,-74.0332,America/New_York
Fort Montgomery,NY,41.33148,-73.98681,America/New_York
Fort Plain,NY,42.93146,-74.62264,America/New_York
Fort Salonga,NY,40.9126,-73.30095,America/New_York
Fort Wadsworth,NY,40.60113,-74.05738,America/New_York
Frankfort,NY,43.03896,-75.07044,America/New_York
Franklin Square,NY,40.70732,-73.67596,America/New_York
Franklinville,NY,42.33701,-78.45808,America/New_York
Fredonia,NY,42.44006,-79.33171,America/New_York
Freeport,NY,40.6576,-73.58318,America/New_York
Fresh Meadows,NY,40.73482,-73.79347,America/New_York
Frewsburg,NY,42.0545,-79.1581,America/New_York
Friendship,NY,42.20646,-78.13751,America/New_York
Fulton,NY,43.32285,-76.41716,America/New_York
Galeville,NY,43.09007,-76.17298,America/New_York
Gang Mills,NY,42.14619,-77.11164,America/New_York
Garden City,NY,40.72677,-73.6343,America/New_York
Garden City Park,NY,40.74093,-73.66263,America/New_York
Garden City South,NY,40.71232,-73.66096,America/New_York
Gardnertown,NY,41.53509,-74.07014,America/New_York
Gasport,NY,43.19922,-78.57614,America/New_York
Gates-North Gates,NY,43.16547,-77.70066,America/New_York
Geneseo,NY,42.7959,-77.81695,America/New_York
Geneva,NY,42.86896,-76.97774,America/New_York
Glasco,NY,42.0437,-73.94736,America/New_York
Glen Cove,NY,40.86232,-73.63374,America/New_York
Glen Head,NY,40.83538,-73.62374,America/New_York
Glen Oaks,NY,40.74705,-73.71152,America/New_York
Glendale,NY,40.70149,-73.8868,America/New_York
Glens Falls,NY,43.30952,-73.64401,America/New_York
Glens Falls North,NY,43.33506,-73.68251,America/New_York
Glenville,NY,42.92924,-74.05207,America/New_York
Glenwood Landing,NY,40.83066,-73.63874,America/New_York
Gloversville,NY,43.05285,-74.34375,America/New_York
Goldens Bridge,NY,41.29343,-73.6768,America/New_York
Gordon Heights,NY,40.85871,-72.97066,America/New_York
Goshen,NY,41.40204,-74.32432,America/New_York
Gouverneur,NY,44.33673,-75.46299,America/New_York
Gowanda,NY,42.46312,-78.93587,America/New_York
Gramercy Park,NY,40.7375,-73.98611,America/New_York
Grand Island,NY,43.03311,-78.96254,America/New_York
Grandyle Village,NY,42.99645,-78.95504,America/New_York
Graniteville,NY,40.62483,-74.14848,America/New_York
Grant City,NY,40.58205,-74.10486,America/New_York
Granville,NY,43.40785,-73.25955,America/New_York
Gravesend,NY,40.5976,-73.96514,America/New_York
Great Kills,NY,40.55427,-74.15153,America/New_York
Great Neck,NY,40.80066,-73.72846,America/New_York
Great Neck Estates,NY,40.78705,-73.7368,America/New_York
Great Neck Gardens,NY,40.79722,-73.72389,America/New_York
Great Neck Plaza,NY,40.78677,-73.72652,America/New_York
Great River,NY,40.72121,-73.15761,America/New_York
Greece,NY,43.20978,-77.69306,America/New_York
Green Island,NY,42.74424,-73.69151,America/New_York
Greenburgh,NY,41.03287,-73.84291,America/New_York
Greene,NY,42.32924,-75.76991,America/New_York
Greenlawn,NY,40.86899,-73.36512,America/New_York
Greenpoint,NY,40.72371,-73.95097,America/New_York
Greenport,NY,41.10343,-72.35925,America/New_York
Greenport West,NY,41.10178,-72.37195,America/New_York
Greenvale,NY,40.81066,-73.62846,America/New_York
Greenville,NY,40.99315,-73.81986,America/New_York
Greenwich,NY,43.09063,-73.49873,America/New_York
Greenwood Lake,NY,41.22259,-74.29432,America/New_York
Groton,NY,42.58785,-76.36688,America/New_York
Grymes Hill,NY,40.61872,-74.09348,America/New_York
Hadley,NY,43.31729,-73.84818,America/New_York
Hagaman,NY,42.97452,-74.15096,America/New_York
Halesite,NY,40.88843,-73.4154,America/New_York
Hamburg,NY,42.71589,-78.82948,America/New_York
Hamilton,NY,42.82701,-75.54462,America/New_York
Hamlin,NY,43.30312,-77.92112,America/New_York
Hampton Bays,NY,40.86899,-72.51759,America/New_York
Hampton Manor,NY,42.62091,-73.72845,America/New_York
Hannawa Falls,NY,44.61228,-74.97103,America/New_York
Harbor Isle,NY,40.60344,-73.66457,America/New_York
Harlem,NY,40.80788,-73.94542,America/New_York
Harriman,NY,41.30843,-74.14459,America/New_York
Harris Hill,NY,42.96478,-78.67753,America/New_York
Harrison,NY,40.96899,-73.71263,America/New_York
Hartford,NY,43.36368,-73.39372,America/New_York
Hartsdale,NY,41.01899,-73.79819,America/New_York
Hastings-on-Hudson,NY,40.99454,-73.87875,America/New_York
Hauppauge,NY,40.82565,-73.20261,America/New_York
Haverstraw,NY,41.19759,-73.96458,America/New_York
Haviland,NY,41.76676,-73.90152,America/New_York
Hawthorne,NY,41.10732,-73.79597,America/New_York
Head of the Harbor,NY,40.90343,-73.15789,America/New_York
Hell's Kitchen,NY,40.76496,-73.9909,America/New_York
Hempstead,NY,40.70621,-73.61874,America/New_York
Henrietta,NY,43.05923,-77.61222,America/New_York
Heritage Hills,NY,41.33954,-73.69735,America/New_York
Herkimer,NY,43.02563,-74.98599,America/New_York
Herricks,NY,40.75538,-73.6668,America/New_York
Hewlett,NY,40.64316,-73.69569,America/New_York
Hewlett Harbor,NY,40.63621,-73.68152,America/New_York
Hicksville,NY,40.76843,-73.52513,America/New_York
Highland,NY,41.72093,-73.96014,America/New_York
Highland Falls,NY,41.36926,-73.96625,America/New_York
Highland Mills,NY,41.34704,-74.12626,America/New_York
Hillcrest,NY,41.12787,-74.04097,America/New_York
Hillside,NY,40.70788,-73.7868,America/New_York
Hillside Lake,NY,41.61482,-73.79819,America/New_York
Hilton,NY,43.28812,-77.79334,America/New_York
Holbrook,NY,40.81232,-73.07844,America/New_York
Holcomb,NY,42.90229,-77.41971,America/New_York
Holland,NY,42.64117,-78.54169,America/New_York
Holley,NY,43.22645,-78.02668,America/New_York
Hollis,NY,40.71344,-73.76708,America/New_York
Holtsville,NY,40.81538,-73.04511,America/New_York
Homer,NY,42.63701,-76.17882,America/New_York
Honeoye Falls,NY,42.95229,-77.59028,America/New_York
Hoosick Falls,NY,42.90119,-73.3515,America/New_York
Hornell,NY,42.32785,-77.6611,America/New_York
Horseheads,NY,42.16702,-76.82051,America/New_York
Horseheads North,NY,42.19278,-76.80782,America/New_York
Houghton,NY,42.4234,-78.15723,America/New_York
Howard Beach,NY,40.65788,-73.83625,America/New_York
Hudson,NY,42.25286,-73.79096,America/New_York
Hudson Falls,NY,43.30063,-73.58595,America/New_York
Huguenot,NY,40.53733,-74.19459,America/New_York
Huntington,NY,40.86815,-73.42568,America/New_York
Huntington Bay,NY,40.89982,-73.41484,America/New_York
Huntington Station,NY,40.85343,-73.41151,America/New_York
Hunts Point,NY,40.8126,-73.88402,America/New_York
Hurley,NY,41.92454,-74.06125,America/New_York
Hyde Park,NY,41.78482,-73.93319,America/New_York
Ilion,NY,43.01507,-75.03543,America/New_York
Inwood,NY,40.62205,-73.7468,America/New_York
Inwood,NY,40.86566,-73.9268,America/New_York
Ira,NY,43.22146,-76.55633,America/New_York
Irondequoit,NY,43.2134,-77.57972,America/New_York
Irvington,NY,41.03922,-73.86823,America/New_York
Island Park,NY,40.60427,-73.65541,America/New_York
Islandia,NY,40.80426,-73.169,America/New_York
Islip,NY,40.72982,-73.21039,America/New_York
Islip Terrace,NY,40.74315,-73.19262,America/New_York
Ithaca,NY,42.44063,-76.49661,America/New_York
Jackson Heights,NY,40.75566,-73.88541,America/New_York
Jamaica,NY,40.69149,-73.80569,America/New_York
Jamesport,NY,40.94954,-72.58148,America/New_York
Jamestown,NY,42.097,-79.23533,America/New_York
Jamestown West,NY,42.08851,-79.2811,America/New_York
Jefferson Heights,NY,42.23398,-73.88235,America/New_York
Jefferson Valley-Yorktown,NY,41.31797,-73.80066,America/New_York
Jericho,NY,40.79204,-73.53985,America/New_York
Johnson City,NY,42.11563,-75.95881,America/New_York
Johnstown,NY,43.00674,-74.36764,America/New_York
Jordan,NY,43.06534,-76.47299,America/New_York
Kaser,NY,41.12121,-74.06709,America/New_York
Katonah,NY,41.25898,-73.68541,America/New_York
Keeseville,NY,44.50505,-73.48013,America/New_York
Kenmore,NY,42.96589,-78.87004,America/New_York
Kensington,NY,40.64621,-73.97069,America/New_York
Kensington,NY,40.79343,-73.72208,America/New_York
Kerhonkson,NY,41.77482,-74.29821,America/New_York
Keuka Park,NY,42.61535,-77.09219,America/New_York
Kew Gardens,NY,40.71427,-73.83097,America/New_York
Kew Gardens Hills,NY,40.73002,-73.8234,America/New_York
Kiantone,NY,42.022,-79.1981,America/New_York
Kinderhook,NY,42.39536,-73.6979,America/New_York
Kings Bridge,NY,40.87871,-73.90514,America/New_York
Kings Park,NY,40.88621,-73.25734,America/New_York
Kings Point,NY,40.81982,-73.73513,America/New_York
Kingston,NY,41.92704,-73.99736,America/New_York
Kirkville,NY,43.07507,-75.95186,America/New_York
Kiryas Joel,NY,41.34204,-74.16792,America/New_York
Lackawanna,NY,42.82561,-78.82337,America/New_York
Lake Carmel,NY,41.46148,-73.67096,America/New_York
Lake Erie Beach,NY,42.62423,-79.06698,America/New_York
Lake Grove,NY,40.85288,-73.11511,America/New_York
Lake Katrine,NY,41.98565,-73.98819,America/New_York
Lake Luzerne,NY,43.31285,-73.83484,America/New_York
Lake Mohegan,NY,41.31787,-73.84625,America/New_York
Lake Placid,NY,44.27962,-73.98198,America/New_York
Lake Pleasant,NY,43.4709,-74.41265,America/New_York
Lake Ronkonkoma,NY,40.8351,-73.13122,America/New_York
Lake Success,NY,40.77066,-73.71763,America/New_York
Lakeland,NY,43.09034,-76.24048,America/New_York
Lakeview,NY,42.43202,-75.86547,America/New_York
Lakeview,NY,40.682,-73.654,America/New_York
Lakewood,NY,42.10422,-79.3331,America/New_York
Lancaster,NY,42.90061,-78.67031,America/New_York
Lansing,NY,42.48424,-76.47994,America/New_York
Larchmont,NY,40.92788,-73.7518,America/New_York
Latham,NY,42.74702,-73.75901,America/New_York
Lattingtown,NY,40.89538,-73.60096,America/New_York
Laurel,NY,40.96954,-72.56203,America/New_York
Laurel Hollow,NY,40.85677,-73.46957,America/New_York
Laurelton,NY,40.67019,-73.74659,America/New_York
Lawrence,NY,40.61566,-73.72958,America/New_York
Le Roy,NY,42.97839,-77.98418,America/New_York
Levittown,NY,40.72593,-73.51429,America/New_York
Lewiston,NY,43.17256,-79.03588,America/New_York
Liberty,NY,41.8012,-74.74655,America/New_York
Lido Beach,NY,40.58899,-73.62541,America/New_York
Lima,NY,42.90479,-77.61139,America/New_York
Lincoln Park,NY,41.95065,-73.99403,America/New_York
Lincolndale,NY,41.32287,-73.71819,America/New_York
Lindenhurst,NY,40.68677,-73.37345,America/New_York
Lindley,NY,42.02841,-77.13969,America/New_York
Little Falls,NY,43.0434,-74.8596,America/New_York
Little Neck,NY,40.76289,-73.73225,America/New_York
Little Valley,NY,42.25256,-78.80559,America/New_York
Liverpool,NY,43.10646,-76.2177,America/New_York
Livingston Manor,NY,41.90037,-74.82822,America/New_York
Livonia,NY,42.82145,-77.66861,America/New_York
Lloyd Harbor,NY,40.90343,-73.45984,America/New_York
Lockport,NY,43.17061,-78.69031,America/New_York
Locust Valley,NY,40.87593,-73.59707,America/New_York
Long Beach,NY,40.58844,-73.65791,America/New_York
Long Island City,NY,40.74482,-73.94875,America/New_York
Lorenz Park,NY,42.2637,-73.76846,America/New_York
Lowville,NY,43.78674,-75.49185,America/New_York
Lynbrook,NY,40.65483,-73.6718,America/New_York
Lyncourt,NY,43.08146,-76.12576,America/New_York
Lyons,NY,43.06423,-76.99025,America/New_York
Macedon,NY,43.06923,-77.29887,America/New_York
Mahopac,NY,41.37232,-73.73346,America/New_York
Malone,NY,44.84866,-74.2949,America/New_York
Malverne,NY,40.67899,-73.67402,America/New_York
Mamaroneck,NY,40.94871,-73.73263,America/New_York
Manchester,NY,42.96979,-77.23026,America/New_York
Manhasset,NY,40.79788,-73.69957,America/New_York
Manhasset Hills,NY,40.75927,-73.67985,America/New_York
Manhattan,NY,40.78343,-73.96625,America/New_York
Manhattan Valley,NY,40.79389,-73.965,America/New_York
Manlius,NY,43.00201,-75.97686,America/New_York
Manorhaven,NY,40.84316,-73.71485,America/New_York
Manorville,NY,40.87371,-72.80788,America/New_York
Marbletown,NY,41.88343,-74.1132,America/New_York
Marcellus,NY,42.98284,-76.34049,America/New_York
Mariners Harbor,NY,40.63677,-74.15875,America/New_York
Marion,NY,43.1434,-77.18915,America/New_York
Marlboro,NY,41.60565,-73.97153,America/New_York
Maspeth,NY,40.72316,-73.91264,America/New_York
Massapequa,NY,40.68066,-73.47429,America/New_York
Massapequa Park,NY,40.68038,-73.45512,America/New_York
Massena,NY,44.9281,-74.89186,America/New_York
Mastic,NY,40.80204,-72.84094,America/New_York
Mastic Beach,NY,40.76677,-72.85205,America/New_York
Mattituck,NY,40.99121,-72.53425,America/New_York
Mattydale,NY,43.09784,-76.1452,America/New_York
Maybrook,NY,41.48398,-74.21765,America/New_York
Mayville,NY,42.25395,-79.50449,America/New_York
McGraw,NY,42.59618,-76.09326,America/New_York
McKownville,NY,42.68397,-73.84762,America/New_York
Mechanicstown,NY,41.44287,-74.38849,America/New_York
Mechanicville,NY,42.90285,-73.68734,America/New_York
Medford,NY,40.8176,-73.00011,America/New_York
Medina,NY,43.22006,-78.38697,America/New_York
Melrose,NY,40.82455,-73.91041,America/New_York
Melrose Park,NY,42.90868,-76.54022,America/New_York
Melville,NY,40.79343,-73.41512,America/New_York
Menands,NY,42.69202,-73.72456,America/New_York
Merrick,NY,40.66288,-73.55152,America/New_York
Merritt Park,NY,41.53848,-73.87238,America/New_York
Mexico,NY,43.45951,-76.22882,America/New_York
Middle Island,NY,40.88427,-72.93733,America/New_York
Middle Village,NY,40.71649,-73.88125,America/New_York
Middleburgh,NY,42.59869,-74.33292,America/New_York
Middleport,NY,42.79062,-75.5599,America/New_York
Middleport,NY,43.21256,-78.47641,America/New_York
Middletown,NY,41.44593,-74.42293,America/New_York
Midland Beach,NY,40.57316,-74.09459,America/New_York
Mill Neck,NY,40.88704,-73.55512,America/New_York
Millbrook,NY,41.78509,-73.69402,America/New_York
Miller Place,NY,40.95982,-72.99621,America/New_York
Milton,NY,43.03369,-73.85262,America/New_York
Milton,NY,41.65982,-73.95708,America/New_York
Mineola,NY,40.74927,-73.64068,America/New_York
Minetto,NY,43.39812,-76.47744,America/New_York
Mineville,NY,44.09283,-73.51818,America/New_York
Minoa,NY,43.07618,-76.00075,America/New_York
Mohawk,NY,43.01146,-75.00404,America/New_York
Monroe,NY,41.33065,-74.18681,America/New_York
Monsey,NY,41.11121,-74.06848,America/New_York
Montauk,NY,41.03594,-71.95451,America/New_York
Montebello,NY,41.13593,-74.11848,America/New_York
Montgomery,NY,41.52759,-74.23682,America/New_York
Monticello,NY,41.65565,-74.68933,America/New_York
Montour Falls,NY,42.3473,-76.84524,America/New_York
Montrose,NY,41.25232,-73.93153,America/New_York
Moravia,NY,42.71257,-76.4216,America/New_York
Moriches,NY,40.80732,-72.82121,America/New_York
Morningside Heights,NY,40.81,-73.9625,America/New_York
Morris Heights,NY,40.84982,-73.91986,America/New_York
Morris Park,NY,40.85232,-73.85347,America/New_York
Morrisania,NY,40.82927,-73.90653,America/New_York
Morrisonville,NY,44.6931,-73.56208,America/New_York
Morrisville,NY,42.89868,-75.64018,America/New_York
Mott Haven,NY,40.80899,-73.92291,America/New_York
Mount Ivy,NY,41.18676,-74.03486,America/New_York
Mount Kisco,NY,41.20426,-73.72708,America/New_York
Mount Morris,NY,42.72562,-77.87417,America/New_York
Mount Sinai,NY,40.94704,-73.02955,America/New_York
Mount Vernon,NY,40.9126,-73.83708,America/New_York
Mountain Lodge Park,NY,41.38843,-74.14181,America/New_York
Munsey Park,NY,40.79871,-73.67985,America/New_York
Munsons Corners,NY,42.58229,-76.2091,America/New_York
Muttontown,NY,40.82399,-73.54763,America/New_York
Myers Corner,NY,41.6062,-73.87291,America/New_York
Nanuet,NY,41.08871,-74.01347,America/New_York
Napanoch,NY,41.74398,-74.37154,America/New_York
Naples,NY,42.61535,-77.40249,America/New_York
Nassau,NY,42.51591,-73.61012,America/New_York
Nedrow,NY,42.97507,-76.14131,America/New_York
Neponsit,NY,40.57177,-73.86152,America/New_York
Nesconset,NY,40.85204,-73.154,America/New_York
New Brighton,NY,40.64233,-74.09292,America/New_York
New Cassel,NY,40.75899,-73.56957,America/New_York
New City,NY,41.1476,-73.98931,America/New_York
New Dorp,NY,40.57399,-74.11598,America/New_York
New Dorp Beach,NY,40.56538,-74.10292,America/New_York
New Hartford,NY,43.0734,-75.28767,America/New_York
New Hempstead,NY,41.14982,-74.03375,America/New_York
New Hyde Park,NY,40.7351,-73.68791,America/New_York
New Paltz,NY,41.74759,-74.08681,America/New_York
New Rochelle,NY,40.91149,-73.78235,America/New_York
New Springville,NY,40.59344,-74.1632,America/New_York
New Square,NY,41.13956,-74.02942,America/New_York
New Windsor,NY,41.47676,-74.02375,America/New_York
New York City,NY,40.71427,-74.00597,America/New_York
New York Mills,NY,43.10535,-75.29128,America/New_York
Newark,NY,43.04673,-77.09525,America/New_York
Newburgh,NY,41.50343,-74.01042,America/New_York
Newfane,NY,43.28672,-78.71031,America/New_York
Niagara Falls,NY,43.0945,-79.05671,America/New_York
Niskayuna,NY,42.7798,-73.84568,America/New_York
Nissequogue,NY,40.90399,-73.19789,America/New_York
Niverville,NY,42.44092,-73.66095,America/New_York
Norfolk,NY,44.80089,-74.99103,America/New_York
North Amityville,NY,40.6976,-73.42512,America/New_York
North Babylon,NY,40.71649,-73.32179,America/New_York
North Ballston Spa,NY,43.01969,-73.85109,America/New_York
North Bay Shore,NY,40.753,-73.2602,America/New_York
North Bellmore,NY,40.69149,-73.53346,America/New_York
North Bellport,NY,40.77427,-72.94288,America/New_York
North Boston,NY,42.68562,-78.7767,America/New_York
North Castle,NY,41.14,-73.68389,America/New_York
North Collins,NY,42.59534,-78.94115,America/New_York
North Elba,NY,44.24338,-73.95431,America/New_York
North Gates,NY,43.17645,-77.70139,America/New_York
North Great River,NY,40.74732,-73.16984,America/New_York
North Hills,NY,40.78093,-73.67652,America/New_York
North Lindenhurst,NY,40.71427,-73.38151,America/New_York
North Massapequa,NY,40.70093,-73.46207,America/New_York
North Merrick,NY,40.69121,-73.56318,America/New_York
North New Hyde Park,NY,40.74316,-73.69319,America/New_York
North Patchogue,NY,40.78704,-73.009,America/New_York
North Sea,NY,40.93288,-72.41425,America/New_York
North Syracuse,NY,43.13479,-76.12992,America/New_York
North Tonawanda,NY,43.03867,-78.8642,America/New_York
North Valley Stream,NY,40.6851,-73.7018,America/New_York
North Wantagh,NY,40.69343,-73.50763,America/New_York
Northeast Ithaca,NY,42.47032,-76.46228,America/New_York
Northport,NY,40.90093,-73.34317,America/New_York
Northumberland,NY,43.1273,-73.58817,America/New_York
Northville,NY,43.22563,-74.17208,America/New_York
Northville,NY,40.9701,-72.61898,America/New_York
Northwest Harbor,NY,41.00982,-72.22119,America/New_York
Northwest Ithaca,NY,42.47059,-76.54145,America/New_York
Norwich,NY,42.53118,-75.52351,America/New_York
Norwood,NY,44.75145,-74.99436,America/New_York
Noyack,NY,40.99566,-72.34119,America/New_York
Nunda,NY,42.57951,-77.9425,America/New_York
Nyack,NY,41.09065,-73.91791,America/New_York
Oakdale,NY,42.2512,-73.78013,America/New_York
Oakdale,NY,40.74399,-73.13872,America/New_York
Oakfield,NY,43.06589,-78.26974,America/New_York
Oakwood,NY,40.56399,-74.11598,America/New_York
Oceanside,NY,40.63871,-73.64013,America/New_York
Ogdensburg,NY,44.69423,-75.48634,America/New_York
Olcott,NY,43.33783,-78.71476,America/New_York
Old Bethpage,NY,40.7626,-73.45318,America/New_York
Old Brookville,NY,40.83204,-73.60485,America/New_York
Old Westbury,NY,40.78871,-73.59957,America/New_York
Olean,NY,42.07756,-78.42974,America/New_York
Oneida,NY,43.09257,-75.65129,America/New_York
Oneonta,NY,42.45286,-75.06377,America/New_York
Ontario,NY,43.2209,-77.28304,America/New_York
Orange Lake,NY,41.53982,-74.0982,America/New_York
Orangeburg,NY,41.04649,-73.94958,America/New_York
Orchard Park,NY,42.76756,-78.74392,America/New_York
Oriskany,NY,43.15729,-75.33267,America/New_York
Ossining,NY,41.16287,-73.86152,America/New_York
Oswego,NY,43.45535,-76.5105,America/New_York
Otisville,NY,41.47343,-74.53849,America/New_York
Owego,NY,42.10341,-76.26215,America/New_York
Oxford,NY,42.44202,-75.59769,America/New_York
Oyster Bay,NY,40.86565,-73.53207,America/New_York
Oyster Bay Cove,NY,40.87093,-73.51096,America/New_York
Ozone Park,NY,40.67677,-73.84375,America/New_York
Painted Post,NY,42.16202,-77.09414,America/New_York
Palenville,NY,42.17453,-74.02014,America/New_York
Palmyra,NY,43.06395,-77.23332,America/New_York
Park Slope,NY,40.6701,-73.98597,America/New_York
Parkchester,NY,40.83899,-73.86041,America/New_York
Patchogue,NY,40.76565,-73.01511,America/New_York
Pawling,NY,41.56204,-73.60263,America/New_York
Peach Lake,NY,41.36759,-73.5779,America/New_York
Pearl River,NY,41.05899,-74.02181,America/New_York
Peekskill,NY,41.29009,-73.92042,America/New_York
Pelham,NY,40.90982,-73.80791,America/New_York
Pelham Manor,NY,40.89538,-73.80708,America/New_York
Penn Yan,NY,42.6609,-77.05386,America/New_York
Perry,NY,42.71562,-78.00556,America/New_York
Perth,NY,43.01757,-74.19402,America/New_York
Peru,NY,44.57838,-73.5268,America/New_York
Peru,NY,43.08229,-76.40799,America/New_York
Phelps,NY,42.95756,-77.05747,America/New_York
Philadelphia,NY,44.1545,-75.70882,America/New_York
Philmont,NY,42.24842,-73.65318,America/New_York
Phoenix,NY,43.23118,-76.30076,America/New_York
Piermont,NY,41.04204,-73.91819,America/New_York
Pine Bush,NY,41.60815,-74.29904,America/New_York
Pine Plains,NY,41.97981,-73.65596,America/New_York
Pittsford,NY,43.09062,-77.515,America/New_York
Plainedge,NY,40.71732,-73.48374,America/New_York
Plainview,NY,40.77649,-73.46735,America/New_York
Plandome,NY,40.80677,-73.70346,America/New_York
Plandome Heights,NY,40.8026,-73.7043,America/New_York
Plattekill,NY,41.61759,-74.07598,America/New_York
Plattsburgh,NY,44.69949,-73.45291,America/New_York
Plattsburgh West,NY,44.68315,-73.50295,America/New_York
Pleasant Valley,NY,41.74454,-73.82124,America/New_York
Pleasantville,NY,41.13287,-73.79263,America/New_York
Poestenkill,NY,42.69036,-73.56456,America/New_York
Point Lookout,NY,40.59233,-73.58068,America/New_York
Pomona,NY,41.16704,-74.0432,America/New_York
Port Byron,NY,43.03451,-76.62383,America/New_York
Port Chester,NY,41.00176,-73.66568,America/New_York
Port Dickinson,NY,42.13341,-75.89631,America/New_York
Port Ewen,NY,41.90537,-73.97625,America/New_York
Port Henry,NY,44.04839,-73.45985,America/New_York
Port Jefferson,NY,40.94649,-73.06927,America/New_York
Port Jefferson Station,NY,40.92538,-73.04733,America/New_York
Port Jervis,NY,41.37509,-74.69266,America/New_York
Port Morris,NY,40.80149,-73.90958,America/New_York
Port Richmond,NY,40.63316,-74.13653,America/New_York
Port Washington,NY,40.82566,-73.69819,America/New_York
Port Washington North,NY,40.84482,-73.7018,America/New_York
Portland,NY,42.37978,-79.46755,America/New_York
Potsdam,NY,44.66978,-74.98131,America/New_York
Poughkeepsie,NY,41.70037,-73.92097,America/New_York
Pound Ridge,NY,41.20871,-73.57485,America/New_York
Pulaski,NY,43.56701,-76.1277,America/New_York
Purchase,NY,41.04093,-73.71457,America/New_York
Putnam Lake,NY,41.46204,-73.54624,America/New_York
Queens,NY,40.68149,-73.83652,America/New_York
Queens Village,NY,40.72677,-73.74152,America/New_York
Queensbury,NY,43.37729,-73.61317,America/New_York
Randolph,NY,42.16201,-78.97532,America/New_York
Ransomville,NY,43.23867,-78.90976,America/New_York
Rapids,NY,43.09839,-78.64086,America/New_York
Ravena,NY,42.46841,-73.81624,America/New_York
Red Hook,NY,41.99509,-73.87541,America/New_York
Red Oaks Mill,NY,41.65565,-73.87486,America/New_York
Rego Park,NY,40.72649,-73.85264,America/New_York
Remsenburg-Speonk,NY,40.82642,-72.69673,America/New_York
Rensselaer,NY,42.64258,-73.7429,America/New_York
Rhinebeck,NY,41.92676,-73.91264,America/New_York
Richfield Springs,NY,42.85341,-74.98543,America/New_York
Richland,NY,43.56951,-76.0477,America/New_York
Richmond Hill,NY,40.69983,-73.83125,America/New_York
Ridge,NY,40.89399,-72.89594,America/New_York
Ridgewood,NY,40.7001,-73.90569,America/New_York
Riverdale,NY,40.90056,-73.90639,America/New_York
Riverhead,NY,40.91704,-72.66204,America/New_York
Riverside,NY,40.911,-72.655,America/New_York
Rochester,NY,43.15478,-77.61556,America/New_York
Rock Hill,NY,41.62593,-74.59766,America/New_York
Rockaway Point,NY,40.56066,-73.91514,America/New_York
Rockville Centre,NY,40.65871,-73.64124,America/New_York
Rocky Point,NY,40.9526,-72.92538,America/New_York
Roessleville,NY,42.69508,-73.80707,America/New_York
Rome,NY,43.21285,-75.45573,America/New_York
Ronkonkoma,NY,40.821,-73.143,America/New_York
Roosevelt,NY,40.67871,-73.58902,America/New_York
Roosevelt Island,NY,40.76403,-73.9482,America/New_York
Rosebank,NY,40.61399,-74.06625,America/New_York
Rosedale,NY,40.66205,-73.73541,America/New_York
Rosendale Village,NY,41.85038,-74.07379,America/New_York
Roslyn,NY,40.79982,-73.65096,America/New_York
Roslyn Estates,NY,40.79427,-73.66041,America/New_York
Roslyn Harbor,NY,40.81649,-73.63707,America/New_York
Roslyn Heights,NY,40.78871,-73.64735,America/New_York
Rossville,NY,40.54929,-74.21019,America/New_York
Rotterdam,NY,42.78702,-73.97096,America/New_York
Rouses Point,NY,44.99393,-73.36486,America/New_York
Rush,NY,42.9959,-77.64556,America/New_York
Rye,NY,40.98065,-73.68374,America/New_York
Rye Brook,NY,41.01926,-73.68346,America/New_York
Sackets Harbor,NY,43.94617,-76.11909,America/New_York
Sag Harbor,NY,40.99788,-72.29258,America/New_York
Saint Bonaventure,NY,42.08034,-78.47502,America/New_York
Saint James,NY,40.87899,-73.15678,America/New_York
Saint Johnsville,NY,42.99813,-74.68292,America/New_York
Salamanca,NY,42.15784,-78.71503,America/New_York
Salisbury,NY,40.74566,-73.56013,America/New_York
Sanborn,NY,43.13672,-78.88476,America/New_York
Sands Point,NY,40.85177,-73.71874,America/New_York
Saranac Lake,NY,44.3295,-74.13127,America/New_York
Saratoga Springs,NY,43.08313,-73.78457,America/New_York
Saugerties,NY,42.07759,-73.95291,America/New_York
Saugerties South,NY,42.06139,-73.95067,America/New_York
Sayville,NY,40.73593,-73.08206,America/New_York
Scarsdale,NY,41.0051,-73.78458,America/New_York
Schenectady,NY,42.81424,-73.93957,America/New_York
Schoharie,NY,42.66591,-74.30958,America/New_York
Schuylerville,NY,43.10008,-73.58178,America/New_York
Scotchtown,NY,41.48148,-74.36015,America/New_York
Scotia,NY,42.82647,-73.96429,America/New_York
Scottsville,NY,43.0259,-77.74528,America/New_York
Sea Cliff,NY,40.84899,-73.64485,America/New_York
Seaford,NY,40.66593,-73.48818,America/New_York
Searingtown,NY,40.77482,-73.65568,America/New_York
Seaside,NY,40.58316,-73.82819,America/New_York
Selden,NY,40.86649,-73.03566,America/New_York
Seneca Falls,NY,42.91062,-76.79662,America/New_York
Seneca Knolls,NY,43.12007,-76.28632,America/New_York
Setauket-East Setauket,NY,40.93064,-73.10179,America/New_York
Sheepshead Bay,NY,40.59122,-73.94458,America/New_York
Shelter Island,NY,41.06815,-72.33869,America/New_York
Shelter Island Heights,NY,41.08399,-72.35592,America/New_York
Shenorock,NY,41.33176,-73.73819,America/New_York
Sherburne,NY,42.67813,-75.49851,America/New_York
Sherrill,NY,43.07368,-75.59824,America/New_York
Shinnecock Hills,NY,40.89093,-72.4637,America/New_York
Shirley,NY,40.80149,-72.8676,America/New_York
Shokan,NY,41.97343,-74.21209,America/New_York
Shortsville,NY,42.9559,-77.22081,America/New_York
Shrub Oak,NY,41.32759,-73.81958,America/New_York
Sidney,NY,42.3148,-75.39157,America/New_York
Silver Creek,NY,42.54423,-79.16671,America/New_York
Skaneateles,NY,42.94701,-76.4291,America/New_York
Sleepy Hollow,NY,41.08565,-73.85847,America/New_York
Sloan,NY,42.89339,-78.79392,America/New_York
Sloatsburg,NY,41.15454,-74.19292,America/New_York
Smithtown,NY,40.85593,-73.20067,America/New_York
Sodus,NY,43.23784,-77.06136,America/New_York
Solvay,NY,43.05812,-76.20743,America/New_York
Sound Beach,NY,40.95621,-72.96788,America/New_York
South Beach,NY,40.58329,-74.07609,America/New_York
South Blooming Grove,NY,41.37337,-74.17843,America/New_York
South Corning,NY,42.12174,-77.03719,America/New_York
South Fallsburg,NY,41.708,-74.632,America/New_York
South Farmingdale,NY,40.72066,-73.44012,America/New_York
South Floral Park,NY,40.71427,-73.70013,America/New_York
South Glens Falls,NY,43.29924,-73.63512,America/New_York
South Hempstead,NY,40.68094,-73.61541,America/New_York
South Hill,NY,42.42924,-76.49494,America/New_York
South Huntington,NY,40.82371,-73.39873,America/New_York
South Lockport,NY,43.15006,-78.6967,America/New_York
South Nyack,NY,41.08315,-73.92014,America/New_York
South Ozone Park,NY,40.6701,-73.81902,America/New_York
South Valley Stream,NY,40.65594,-73.71763,America/New_York
Southampton,NY,40.88427,-72.38953,America/New_York
Southold,NY,41.06482,-72.4262,America/New_York
Southport,NY,42.0548,-76.81912,America/New_York
Spackenkill,NY,41.65593,-73.91347,America/New_York
Sparkill,NY,41.03121,-73.92708,America/New_York
Sparrow Bush,NY,41.40009,-74.72322,America/New_York
Spencerport,NY,43.18645,-77.8039,America/New_York
Spring Valley,NY,41.11315,-74.04375,America/New_York
Springfield,NY,42.83618,-74.85348,America/New_York
Springfield Gardens,NY,40.66312,-73.76221,America/New_York
Springs,NY,41.01621,-72.15924,America/New_York
Springville,NY,42.5084,-78.66725,America/New_York
Spuyten Duyvil,NY,40.88121,-73.91736,America/New_York
Stamford,NY,42.4073,-74.61432,America/New_York
Stapleton,NY,40.62649,-74.07764,America/New_York
Staten Island,NY,40.56233,-74.13986,America/New_York
Steinway,NY,40.77455,-73.90375,America/New_York
Stewart Manor,NY,40.71927,-73.68846,America/New_York
Stillwater,NY,42.93841,-73.65317,America/New_York
Stone Ridge,NY,41.85315,-74.13903,America/New_York
Stony Brook,NY,40.92565,-73.14094,America/New_York
Stony Point,NY,41.22954,-73.98708,America/New_York
Stottville,NY,42.2862,-73.73873,America/New_York
Suffern,NY,41.11482,-74.14959,America/New_York
Sunnyside,NY,40.73982,-73.93542,America/New_York
Sunset Park,NY,40.64548,-74.01241,America/New_York
Sylvan Beach,NY,42.46479,-77.1083,America/New_York
Syosset,NY,40.82621,-73.50207,America/New_York
Syracuse,NY,43.04812,-76.14742,America/New_York
Tappan,NY,41.02204,-73.94736,America/New_York
Tarrytown,NY,41.07621,-73.85875,America/New_York
Terrace Heights,NY,40.72149,-73.7693,America/New_York
Terryville,NY,40.90899,-73.06511,America/New_York
The Bronx,NY,40.84985,-73.86641,America/New_York
Thiells,NY,41.21065,-74.01764,America/New_York
Thomaston,NY,40.78621,-73.71374,America/New_York
Thornwood,NY,41.12343,-73.77902,America/New_York
Throgs Neck,NY,40.8226,-73.81958,America/New_York
Ticonderoga,NY,43.84867,-73.42345,America/New_York
Tillson,NY,41.82898,-74.06848,America/New_York
Times Square,NY,40.75636,-73.98644,America/New_York
Tivoli,NY,42.05842,-73.9093,America/New_York
Tompkinsville,NY,40.63812,-74.07795,America/New_York
Tonawanda,NY,43.02033,-78.88031,America/New_York
Town Line,NY,42.89061,-78.5778,America/New_York
Tremont,NY,40.84954,-73.90569,America/New_York
Tribeca,NY,40.71538,-74.00931,America/New_York
Tribes Hill,NY,42.95535,-74.28513,America/New_York
Troy,NY,42.72841,-73.69179,America/New_York
Trumansburg,NY,42.54229,-76.66606,America/New_York
Tuckahoe,NY,40.89899,-72.41092,America/New_York
Tuckahoe,NY,40.95038,-73.82736,America/New_York
Tupper Lake,NY,44.22395,-74.46406,America/New_York
Unadilla,NY,42.32536,-75.3124,America/New_York
Union Springs,NY,42.83979,-76.69328,America/New_York
Uniondale,NY,40.70038,-73.59291,America/New_York
Unionport,NY,40.82732,-73.85013,America/New_York
University Gardens,NY,40.77732,-73.72263,America/New_York
University Heights,NY,40.8601,-73.9093,America/New_York
Upper Brookville,NY,40.83871,-73.56513,America/New_York
Upper Nyack,NY,41.10704,-73.92014,America/New_York
Upper West Side,NY,40.78705,-73.97542,America/New_York
Utica,NY,43.1009,-75.23266,America/New_York
Vails Gate,NY,41.45426,-74.05764,America/New_York
Valatie,NY,42.41342,-73.67317,America/New_York
Valhalla,NY,41.07482,-73.77513,America/New_York
Valley Cottage,NY,41.11815,-73.95542,America/New_York
Valley Stream,NY,40.66427,-73.70846,America/New_York
Van Nest,NY,40.84843,-73.86375,America/New_York
Vernon,NY,43.07951,-75.53934,America/New_York
Verplanck,NY,41.25287,-73.95986,America/New_York
Vestal,NY,42.08507,-76.05381,America/New_York
Victor,NY,42.98256,-77.40888,America/New_York
Village Green,NY,43.1334,-76.31299,America/New_York
Village of the Branch,NY,40.85621,-73.18733,America/New_York
Viola,NY,41.13648,-74.08236,America/New_York
Volney,NY,43.34285,-76.35771,America/New_York
Voorheesville,NY,42.65397,-73.92874,America/New_York
Wading River,NY,40.95038,-72.8426,America/New_York
Wakefield,NY,40.89788,-73.85236,America/New_York
Walden,NY,41.5612,-74.18848,America/New_York
Wallkill,NY,41.60565,-74.18404,America/New_York
Walton,NY,42.16953,-75.12934,America/New_York
Walton Park,NY,41.30982,-74.22904,America/New_York
Wampsville,NY,43.07535,-75.70685,America/New_York
Wanakah,NY,42.74617,-78.90309,America/New_York
Wantagh,NY,40.68371,-73.51013,America/New_York
Wappingers Falls,NY,41.59648,-73.91097,America/New_York
Warrensburg,NY,43.49674,-73.77623,America/New_York
Warsaw,NY,42.74006,-78.13279,America/New_York
Warwick,NY,41.25648,-74.35988,America/New_York
Washington Heights,NY,40.8501,-73.93541,America/New_York
Washington Heights,NY,41.47009,-74.41571,America/New_York
Washington Mills,NY,43.05007,-75.27294,America/New_York
Washingtonville,NY,41.42787,-74.16598,America/New_York
Watchtower,NY,41.63776,-74.26027,America/New_York
Water Mill,NY,40.91959,-72.34274,America/New_York
Waterford,NY,42.79258,-73.68123,America/New_York
Waterloo,NY,42.90479,-76.86274,America/New_York
Watertown,NY,43.97478,-75.91076,America/New_York
Waterville,NY,42.93118,-75.37989,America/New_York
Watervliet,NY,42.73008,-73.70123,America/New_York
Watkins Glen,NY,42.38063,-76.87329,America/New_York
Waverly,NY,42.01035,-76.52717,America/New_York
Wawarsing,NY,41.75898,-74.35738,America/New_York
Wayland,NY,42.56784,-77.58971,America/New_York
Webster,NY,43.21229,-77.42999,America/New_York
Weedsport,NY,43.04868,-76.56272,America/New_York
Wellsville,NY,42.12201,-77.94806,America/New_York
Wellsville,NY,42.87591,-74.27235,America/New_York
Wesley Hills,NY,41.15926,-74.06986,America/New_York
West Albany,NY,42.68313,-73.77845,America/New_York
West Babylon,NY,40.71816,-73.35429,America/New_York
West Bay Shore,NY,40.70871,-73.28123,America/New_York
West Carthage,NY,43.97423,-75.61519,America/New_York
West Elmira,NY,42.07813,-76.84524,America/New_York
West End,NY,42.46869,-75.09378,America/New_York
West Glens Falls,NY,43.30007,-73.68401,America/New_York
West Haverstraw,NY,41.20954,-73.98542,America/New_York
West Hempstead,NY,40.70482,-73.65013,America/New_York
West Henrietta,NY,43.04006,-77.66167,America/New_York
West Hills,NY,40.81621,-73.43234,America/New_York
West Hurley,NY,41.99731,-74.10486,America/New_York
West Islip,NY,40.70621,-73.30623,America/New_York
West Nyack,NY,41.09649,-73.97292,America/New_York
West Point,NY,41.39148,-73.95597,America/New_York
West Sand Lake,NY,42.64341,-73.60873,America/New_York
West Sayville,NY,40.72788,-73.09761,America/New_York
West Seneca,NY,42.85006,-78.79975,America/New_York
West Village,NY,40.73361,-74.00917,America/New_York
Westbury,NY,40.75566,-73.58763,America/New_York
Westerleigh,NY,40.62121,-74.13181,America/New_York
Westfield,NY,42.32228,-79.5781,America/New_York
Westhampton,NY,40.82454,-72.66621,America/New_York
Westhampton Beach,NY,40.80316,-72.61454,America/New_York
Westmere,NY,42.69119,-73.86873,America/New_York
Weston Mills,NY,42.0759,-78.37252,America/New_York
Westons Mills,NY,42.06229,-78.37724,America/New_York
Westvale,NY,43.04757,-76.22048,America/New_York
Wheatley Heights,NY,40.76371,-73.36984,America/New_York
White Plains,NY,41.03399,-73.76291,America/New_York
Whitehall,NY,43.55562,-73.40372,America/New_York
Whitesboro,NY,43.12201,-75.29156,America/New_York
Whitestone,NY,40.79455,-73.81847,America/New_York
Williamsburg,NY,40.71427,-73.95347,America/New_York
Williamson,NY,43.22395,-77.18609,America/New_York
Williamsville,NY,42.96395,-78.73781,America/New_York
Williston Park,NY,40.75649,-73.64485,America/New_York
Willowbrook,NY,40.60316,-74.13848,America/New_York
Wilson,NY,43.30978,-78.82615,America/New_York
Wilton,NY,43.18007,-73.74429,America/New_York
Wolcott,NY,43.22062,-76.81496,America/New_York
Woodbury,NY,40.82565,-73.46762,America/New_York
Woodbury,NY,41.36454,-74.10598,America/New_York
Woodhaven,NY,40.68927,-73.85791,America/New_York
Woodlawn,NY,40.89816,-73.86736,America/New_York
Woodmere,NY,40.63205,-73.71263,America/New_York
Woodrow,NY,40.5415,-74.19106,America/New_York
Woodside,NY,40.74538,-73.90541,America/New_York
Woodstock,NY,42.04092,-74.1182,America/New_York
Worcester,NY,42.59146,-74.75043,America/New_York
Wurtsboro,NY,41.57676,-74.4871,America/New_York
Wyandanch,NY,40.75399,-73.3604,America/New_York
Wykagyl,NY,40.94149,-73.79902,America/New_York
Wynantskill,NY,42.69675,-73.64428,America/New_York
Yaphank,NY,40.83677,-72.91705,America/New_York
Yonkers,NY,40.9304,-73.89789,America/New_York
Yorkshire,NY,42.53006,-78.4728,America/New_York
Yorktown Heights,NY,41.27093,-73.77763,America/New_York
Yorkville,NY,43.11285,-75.271,America/New_York
Youngstown,NY,43.24728,-79.05005,America/New_York
Zena,NY,42.01676,-74.07625,America/New_York
Aberdeen,OH,38.65563,-83.76103,America/New_York
Ada,OH,40.7695,-83.82271,America/New_York
Akron,OH,41.08144,-81.51901,America/New_York
Alliance,OH,40.91534,-81.10593,America/New_York
Amberley,OH,39.20478,-84.428,America/New_York
Amelia,OH,39.0284,-84.21771,America/New_York
Amherst,OH,41.39782,-82.22238,America/New_York
Andover,OH,41.60672,-80.5723,America/New_York
Anna,OH,40.39449,-84.17272,America/New_York
Ansonia,OH,40.21449,-84.6369,America/New_York
Antwerp,OH,41.18144,-84.74051,America/New_York
Apple Creek,OH,40.75172,-81.8393,America/New_York
Apple Valley,OH,40.4389,-82.35391,America/New_York
Arcanum,OH,39.99005,-84.55329,America/New_York
Archbold,OH,41.52144,-84.30717,America/New_York
Arlington,OH,40.89366,-83.65021,America/New_York
Ashland,OH,40.86867,-82.31822,America/New_York
Ashley,OH,40.40895,-82.95546,America/New_York
Ashtabula,OH,41.86505,-80.78981,America/New_York
Ashville,OH,39.71562,-82.95296,America/New_York
Athens,OH,39.32924,-82.10126,America/New_York
Aurora,OH,41.31755,-81.34539,America/New_York
Austintown,OH,41.10172,-80.76452,America/New_York
Avon,OH,41.45171,-82.03542,America/New_York
Avon Center,OH,41.45976,-82.01959,America/New_York
Avon Lake,OH,41.50532,-82.0282,America/New_York
Bainbridge,OH,41.38644,-81.33955,America/New_York
Ballville,OH,41.32783,-83.13214,America/New_York
Baltimore,OH,39.84534,-82.60072,America/New_York
Barberton,OH,41.01283,-81.60512,America/New_York
Barnesville,OH,39.98813,-81.1765,America/New_York
Batavia,OH,39.07701,-84.17688,America/New_York
Bay Village,OH,41.48477,-81.92208,America/New_York
Beach City,OH,40.65312,-81.58096,America/New_York
Beachwood,OH,41.4645,-81.50873,America/New_York
Beavercreek,OH,39.70923,-84.06327,America/New_York
Beckett Ridge,OH,39.347,-84.43522,America/New_York
Bedford,OH,41.39311,-81.53651,America/New_York
Bedford Heights,OH,41.417,-81.52734,America/New_York
Beechwood Trails,OH,40.02367,-82.65072,America/New_York
Bellaire,OH,40.01618,-80.74231,America/New_York
Bellbrook,OH,39.63562,-84.07077,America/New_York
Bellefontaine,OH,40.36116,-83.75966,America/New_York
Bellevue,OH,41.27366,-82.84158,America/New_York
Bellville,OH,40.62006,-82.51072,America/New_York
Belpre,OH,39.27396,-81.5729,America/New_York
Berea,OH,41.36616,-81.8543,America/New_York
Bethel,OH,38.96368,-84.08077,America/New_York
Bethel,OH,39.73034,-83.39353,America/New_York
Bethesda,OH,40.01618,-81.0726,America/New_York
Beverly,OH,39.54785,-81.63957,America/New_York
Bexley,OH,39.96895,-82.93768,America/New_York
Blacklick Estates,OH,39.90506,-82.86434,America/New_York
Blanchester,OH,39.29312,-83.98882,America/New_York
Blue Ash,OH,39.232,-84.37827,America/New_York
Bluffton,OH,40.89533,-83.88883,America/New_York
Boardman,OH,41.02423,-80.66285,America/New_York
Bolindale,OH,41.20728,-80.77758,America/New_York
Boston Heights,OH,41.26478,-81.51317,America/New_York
Botkins,OH,40.46783,-84.1805,America/New_York
Bowling Green,OH,41.37477,-83.65132,America/New_York
Bradford,OH,40.13227,-84.43078,America/New_York
Bradner,OH,41.32422,-83.43854,America/New_York
Bratenahl,OH,41.54255,-81.62624,America/New_York
Brecksville,OH,41.31978,-81.62679,America/New_York
Bremen,OH,39.70173,-82.42682,America/New_York
Brewster,OH,40.707,-81.59818,America/New_York
Bridgeport,OH,40.06979,-80.74008,America/New_York
Bridgetown,OH,39.15311,-84.63717,America/New_York
Brilliant,OH,40.26479,-80.62619,America/New_York
Brimfield,OH,41.10006,-81.3465,America/New_York
Broadview Heights,OH,41.31394,-81.68513,America/New_York
Brook Park,OH,41.39838,-81.80458,America/New_York
Brookfield Center,OH,41.24061,-80.55785,America/New_York
Brooklyn,OH,41.43977,-81.73541,America/New_York
Brooklyn Heights,OH,41.42533,-81.68818,America/New_York
Brookville,OH,39.83672,-84.41134,America/New_York
Brunswick,OH,41.23811,-81.8418,America/New_York
Bryan,OH,41.47477,-84.55245,America/New_York
Buckeye Lake,OH,39.93368,-82.47238,America/New_York
Bucyrus,OH,40.80839,-82.97546,America/New_York
Burlington,OH,38.4073,-82.53571,America/New_York
Burlington,OH,41.57227,-84.308,America/New_York
Burton,OH,41.47061,-81.1451,America/New_York
Byesville,OH,39.96979,-81.53651,America/New_York
Cadiz,OH,40.27285,-80.99676,America/New_York
Calcutta,OH,40.6734,-80.57646,America/New_York
Caldwell,OH,39.74785,-81.51651,America/New_York
Cambridge,OH,40.03118,-81.58846,America/New_York
Camden,OH,39.62894,-84.64856,America/New_York
Camden,OH,41.23783,-82.30572,America/New_York
Campbell,OH,41.07839,-80.59924,America/New_York
Canal Fulton,OH,40.88978,-81.59762,America/New_York
Canal Winchester,OH,39.84284,-82.80462,America/New_York
Canfield,OH,41.02506,-80.76091,America/New_York
Canton,OH,40.79895,-81.37845,America/New_York
Cardington,OH,40.50062,-82.89351,America/New_York
Carey,OH,40.95256,-83.38242,America/New_York
Carlisle,OH,39.582,-84.32022,America/New_York
Carrollton,OH,40.57284,-81.08565,America/New_York
Cedarville,OH,39.74423,-83.80854,America/New_York
Celina,OH,40.54894,-84.57023,America/New_York
Centerburg,OH,40.30451,-82.69628,America/New_York
Centerville,OH,39.62839,-84.15938,America/New_York
Chagrin Falls,OH,41.43616,-81.3865,America/New_York
Champion Heights,OH,41.28999,-80.84595,America/New_York
Chardon,OH,41.61422,-81.14899,America/New_York
Chauncey,OH,39.39785,-82.12931,America/New_York
Cherry Grove,OH,39.07256,-84.32188,America/New_York
Chesterland,OH,41.52227,-81.33789,America/New_York
Cheviot,OH,39.157,-84.61328,America/New_York
Chillicothe,OH,39.33312,-82.9824,America/New_York
Choctaw Lake,OH,39.96006,-83.48492,America/New_York
Churchill,OH,41.162,-80.6648,America/New_York
Cincinnati,OH,39.12711,-84.51439,America/New_York
Circleville,OH,39.60062,-82.94601,America/New_York
Clark-Fulton,OH,41.46402,-81.70979,America/New_York
Clayton,OH,39.86311,-84.3605,America/New_York
Cleveland,OH,41.4995,-81.69541,America/New_York
Cleveland Heights,OH,41.52005,-81.55624,America/New_York
Cleves,OH,39.16172,-84.74912,America/New_York
Clinton,OH,40.92672,-81.6304,America/New_York
Clyde,OH,41.30422,-82.97519,America/New_York
Coal Grove,OH,38.50341,-82.64711,America/New_York
Coldwater,OH,40.47977,-84.62829,America/New_York
Collinwood,OH,41.55838,-81.56929,America/New_York
Columbiana,OH,40.88839,-80.69396,America/New_York
Columbus,OH,39.96118,-82.99879,America/New_York
Columbus Grove,OH,40.9195,-84.05689,America/New_York
Commercial Point,OH,39.7684,-83.05713,America/New_York
Conneaut,OH,41.94756,-80.55424,America/New_York
Continental,OH,41.10033,-84.26634,America/New_York
Convoy,OH,40.91672,-84.70274,America/New_York
Copley,OH,41.09894,-81.64457,America/New_York
Cortland,OH,41.33033,-80.72536,America/New_York
Coshocton,OH,40.27202,-81.85958,America/New_York
Covedale,OH,39.12117,-84.60633,America/New_York
Covington,OH,40.11727,-84.35384,America/New_York
Craig Beach,OH,41.117,-80.98342,America/New_York
Crestline,OH,40.78756,-82.73657,America/New_York
Creston,OH,40.987,-81.89375,America/New_York
Cridersville,OH,40.65422,-84.15078,America/New_York
Crooksville,OH,39.76896,-82.09209,America/New_York
Crystal Lakes,OH,39.88923,-84.0266,America/New_York
Curtice,OH,41.61838,-83.36771,America/New_York
Cuyahoga Falls,OH,41.13394,-81.48456,America/New_York
Dalton,OH,40.79894,-81.69541,America/New_York
Danville,OH,40.44756,-82.26016,America/New_York
Day Heights,OH,39.17395,-84.22633,America/New_York
Dayton,OH,39.75895,-84.19161,America/New_York
De Graff,OH,40.312,-83.91577,America/New_York
Deer Park,OH,39.20534,-84.39466,America/New_York
Defiance,OH,41.28449,-84.35578,America/New_York
Delaware,OH,40.29867,-83.06797,America/New_York
Delhi Hills,OH,39.09284,-84.61272,America/New_York
Delphos,OH,40.84338,-84.34162,America/New_York
Delta,OH,41.57366,-84.00522,America/New_York
Dennison,OH,40.3934,-81.33372,America/New_York
Dent,OH,39.18589,-84.65134,America/New_York
Deshler,OH,41.20755,-83.89911,America/New_York
Detroit-Shoreway,OH,41.47772,-81.72991,America/New_York
Devola,OH,39.47369,-81.47901,America/New_York
Dillonvale,OH,39.21811,-84.40216,America/New_York
Dover,OH,40.52062,-81.47401,America/New_York
Doylestown,OH,40.97005,-81.69652,America/New_York
Dresden,OH,40.12146,-82.01069,America/New_York
Drexel,OH,39.74645,-84.28661,America/New_York
Dry Ridge,OH,39.25922,-84.61911,America/New_York
Dry Run,OH,39.10423,-84.33049,America/New_York
Dublin,OH,40.09923,-83.11408,America/New_York
Dunlap,OH,39.29228,-84.618,America/New_York
East Canton,OH,40.78728,-81.28261,America/New_York
East Cleveland,OH,41.53311,-81.57901,America/New_York
East Liverpool,OH,40.61868,-80.57729,America/New_York
East Palestine,OH,40.83395,-80.54035,America/New_York
Eastlake,OH,41.65394,-81.45039,America/New_York
Eaton,OH,39.74394,-84.63662,America/New_York
Eaton Estates,OH,41.30894,-82.0057,America/New_York
Edgerton,OH,41.44866,-84.74801,America/New_York
Edgewood,OH,41.87283,-80.77286,America/New_York
Elida,OH,40.78866,-84.20384,America/New_York
Elmore,OH,41.47616,-83.29576,America/New_York
Elmwood Place,OH,39.18728,-84.488,America/New_York
Elyria,OH,41.36838,-82.10765,America/New_York
Englewood,OH,39.87756,-84.30217,America/New_York
Enon,OH,39.87812,-83.93688,America/New_York
Etna,OH,39.95729,-82.68183,America/New_York
Euclid,OH,41.5931,-81.52679,America/New_York
Evendale,OH,39.25617,-84.418,America/New_York
Fairborn,OH,39.82089,-84.01938,America/New_York
Fairfax,OH,39.14534,-84.39327,America/New_York
Fairfield,OH,39.34589,-84.5605,America/New_York
Fairfield Beach,OH,39.9159,-82.47516,America/New_York
Fairlawn,OH,41.12783,-81.60984,America/New_York
Fairport Harbor,OH,41.75004,-81.27399,America/New_York
Fairview Park,OH,41.44144,-81.8643,America/New_York
Farmersville,OH,39.6795,-84.42911,America/New_York
Fayette,OH,41.67338,-84.32689,America/New_York
Findlay,OH,41.04422,-83.64993,America/New_York
Finneytown,OH,39.20034,-84.5205,America/New_York
Five Points,OH,39.56867,-84.19299,America/New_York
Forest,OH,40.80172,-83.51048,America/New_York
Forest Park,OH,39.29034,-84.50411,America/New_York
Forestville,OH,39.07506,-84.34494,America/New_York
Fort Loramie,OH,40.35144,-84.37384,America/New_York
Fort McKinley,OH,39.79756,-84.25355,America/New_York
Fort Recovery,OH,40.41282,-84.77635,America/New_York
Fort Shawnee,OH,40.68672,-84.13773,America/New_York
Fostoria,OH,41.157,-83.41687,America/New_York
Frankfort,OH,39.40145,-83.18074,America/New_York
Franklin,OH,39.55895,-84.30411,America/New_York
Franklin Furnace,OH,38.626,-82.847,America/New_York
Frazeysburg,OH,40.11729,-82.11931,America/New_York
Fredericktown,OH,40.48117,-82.54072,America/New_York
Fremont,OH,41.35033,-83.12186,America/New_York
Fruit Hill,OH,39.07562,-84.36438,America/New_York
Gahanna,OH,40.01923,-82.87934,America/New_York
Galion,OH,40.73367,-82.7899,America/New_York
Gallipolis,OH,38.8098,-82.20237,America/New_York
Gambier,OH,40.37562,-82.3971,America/New_York
Garfield Heights,OH,41.417,-81.60596,America/New_York
Garrettsville,OH,41.28422,-81.09649,America/New_York
Gates Mills,OH,41.51755,-81.40345,America/New_York
Geneva,OH,39.66201,-82.43349,America/New_York
Geneva,OH,41.80505,-80.94815,America/New_York
Geneva-on-the-Lake,OH,41.8595,-80.95398,America/New_York
Genoa,OH,41.51811,-83.35909,America/New_York
Genoa,OH,40.78284,-81.46651,America/New_York
Georgetown,OH,38.86451,-83.90409,America/New_York
Germantown,OH,39.62617,-84.36939,America/New_York
Gibsonburg,OH,41.3845,-83.32048,America/New_York
Girard,OH,41.15395,-80.70147,America/New_York
Glandorf,OH,41.02894,-84.07911,America/New_York
Glendale,OH,39.27061,-84.45939,America/New_York
Glendale,OH,41.397,-81.54234,America/New_York
Glenmoor,OH,40.66617,-80.62313,America/New_York
Glenville,OH,41.53338,-81.61735,America/New_York
Glouster,OH,39.50313,-82.08459,America/New_York
Gnadenhutten,OH,40.3584,-81.43428,America/New_York
Golf Manor,OH,39.18728,-84.44633,America/New_York
Goshen,OH,39.23339,-84.16132,America/New_York
Grafton,OH,41.27255,-82.05459,America/New_York
Grandview,OH,39.19422,-84.72439,America/New_York
Grandview Heights,OH,39.97979,-83.04074,America/New_York
Granville,OH,40.06812,-82.5196,America/New_York
Granville South,OH,40.05207,-82.54166,America/New_York
Green,OH,40.94589,-81.48317,America/New_York
Green Meadows,OH,39.86895,-83.94438,America/New_York
Green Springs,OH,41.25616,-83.05158,America/New_York
Greenfield,OH,39.35201,-83.38269,America/New_York
Greenhills,OH,39.26811,-84.523,America/New_York
Greensburg,OH,40.93172,-81.46484,America/New_York
Greentown,OH,40.92756,-81.40261,America/New_York
Greenville,OH,40.10283,-84.63301,America/New_York
Greenwich,OH,41.03005,-82.51573,America/New_York
Groesbeck,OH,39.22311,-84.58689,America/New_York
Grove City,OH,39.88145,-83.09296,America/New_York
Groveport,OH,39.8784,-82.88379,America/New_York
Hamilton,OH,39.3995,-84.56134,America/New_York
Hanover,OH,40.07979,-82.26098,America/New_York
Harbor Hills,OH,39.93673,-82.43515,America/New_York
Harrison,OH,39.262,-84.81995,America/New_York
Hartville,OH,40.96367,-81.33122,America/New_York
Haskins,OH,41.46477,-83.70605,America/New_York
Heath,OH,40.02284,-82.4446,America/New_York
Hebron,OH,39.96173,-82.49127,America/New_York
Hicksville,OH,41.29311,-84.7619,America/New_York
Highland Heights,OH,41.552,-81.47845,America/New_York
Highpoint,OH,39.28839,-84.35022,America/New_York
Hilliard,OH,40.0334,-83.15825,America/New_York
Hillsboro,OH,39.20229,-83.61159,America/New_York
Hiram,OH,41.31256,-81.14371,America/New_York
Holgate,OH,41.24894,-84.133,America/New_York
Holiday Valley,OH,39.85617,-83.96854,America/New_York
Holland,OH,41.62172,-83.7116,America/New_York
Hough,OH,41.512,-81.63652,America/New_York
Howland Center,OH,41.25117,-80.74536,America/New_York
Hubbard,OH,41.15645,-80.56924,America/New_York
Huber Heights,OH,39.84395,-84.12466,America/New_York
Huber Ridge,OH,40.08867,-82.91657,America/New_York
Hudson,OH,41.24006,-81.44067,America/New_York
Hunter,OH,39.49284,-84.28966,America/New_York
Huron,OH,41.39505,-82.55517,America/New_York
Independence,OH,41.36866,-81.6379,America/New_York
Ironton,OH,38.53675,-82.68294,America/New_York
Jackson,OH,39.05202,-82.63655,America/New_York
Jackson Center,OH,40.43949,-84.04022,America/New_York
Jamestown,OH,39.65812,-83.73492,America/New_York
Jefferson,OH,41.73867,-80.76981,America/New_York
Jeffersonville,OH,39.65367,-83.56381,America/New_York
Johnstown,OH,40.15367,-82.68517,America/New_York
Kalida,OH,40.98283,-84.19939,America/New_York
Kent,OH,41.15367,-81.35789,America/New_York
Kenton,OH,40.647,-83.60965,America/New_York
Kenwood,OH,39.21061,-84.36716,America/New_York
Kettering,OH,39.6895,-84.16883,America/New_York
Kings Mills,OH,39.35561,-84.24855,America/New_York
Kingston,OH,39.47395,-82.91073,America/New_York
Kirtland,OH,41.62894,-81.3615,America/New_York
La Croft,OH,40.6459,-80.59785,America/New_York
Lagrange,OH,41.23728,-82.11987,America/New_York
Lake Darby,OH,39.95728,-83.2288,America/New_York
Lake Lakengren,OH,39.68843,-84.69347,America/New_York
Lake Mohawk,OH,40.66673,-81.19927,America/New_York
Lakemore,OH,41.02089,-81.43595,America/New_York
Lakeview,OH,40.48477,-83.923,America/New_York
Lakewood,OH,41.48199,-81.79819,America/New_York
Lancaster,OH,39.71368,-82.59933,America/New_York
Landen,OH,39.312,-84.28299,America/New_York
Leavittsburg,OH,41.24783,-80.87703,America/New_York
Lebanon,OH,39.43534,-84.20299,America/New_York
Leesburg,OH,39.34506,-83.55297,America/New_York
Leetonia,OH,40.87728,-80.75536,America/New_York
Leipsic,OH,41.09838,-83.98467,America/New_York
Lewis Center,OH,40.1984,-83.01018,America/New_York
Lewisburg,OH,39.84616,-84.53967,America/New_York
Lexington,OH,40.67867,-82.58239,America/New_York
Liberty Center,OH,41.44338,-84.00883,America/New_York
Lima,OH,40.74255,-84.10523,America/New_York
Lincoln Heights,OH,39.23895,-84.4555,America/New_York
Lincoln Heights,OH,40.77145,-82.48433,America/New_York
Lincoln Village,OH,39.95479,-83.13074,America/New_York
Lisbon,OH,39.86089,-83.6352,America/New_York
Lisbon,OH,40.772,-80.76813,America/New_York
Lithopolis,OH,39.80284,-82.80628,America/New_York
Lockland,OH,39.22922,-84.45772,America/New_York
Lodi,OH,41.03339,-82.01209,America/New_York
Logan,OH,39.54007,-82.4071,America/New_York
Logan Elm Village,OH,39.56978,-82.95185,America/New_York
London,OH,39.88645,-83.44825,America/New_York
Lorain,OH,41.45282,-82.18237,America/New_York
Lordstown,OH,41.16561,-80.85758,America/New_York
Loudonville,OH,40.63534,-82.23321,America/New_York
Louisville,OH,40.83728,-81.25955,America/New_York
Loveland,OH,39.26895,-84.26383,America/New_York
Loveland Park,OH,39.29978,-84.26327,America/New_York
Lowellville,OH,41.03534,-80.53646,America/New_York
Lucasville,OH,38.87952,-82.99684,America/New_York
Luckey,OH,41.45061,-83.48743,America/New_York
Lynchburg,OH,39.24173,-83.79131,America/New_York
Lyndhurst,OH,41.52005,-81.48873,America/New_York
Macedonia,OH,41.31367,-81.50845,America/New_York
Mack,OH,39.15811,-84.64967,America/New_York
Madeira,OH,39.19089,-84.36355,America/New_York
Madison,OH,41.77116,-81.04982,America/New_York
Malvern,OH,40.69173,-81.18121,America/New_York
Manchester,OH,38.68813,-83.60936,America/New_York
Manchester,OH,40.937,-81.56929,America/New_York
Mansfield,OH,40.75839,-82.51545,America/New_York
Mantua,OH,40.07785,-81.67901,America/New_York
Mantua,OH,41.28394,-81.22399,America/New_York
Maple Heights,OH,41.41533,-81.56596,America/New_York
Mariemont,OH,39.14506,-84.37438,America/New_York
Marietta,OH,39.41535,-81.45484,America/New_York
Marion,OH,40.58867,-83.12852,America/New_York
Martins Ferry,OH,40.09591,-80.72453,America/New_York
Marysville,OH,40.23645,-83.36714,America/New_York
Mason,OH,39.36006,-84.30994,America/New_York
Massillon,OH,40.79672,-81.52151,America/New_York
Masury,OH,41.21117,-80.53785,America/New_York
Maumee,OH,41.56283,-83.65382,America/New_York
Mayfield,OH,39.49478,-84.37272,America/New_York
Mayfield,OH,41.552,-81.43928,America/New_York
Mayfield Heights,OH,41.51922,-81.4579,America/New_York
McArthur,OH,39.24646,-82.47849,America/New_York
McComb,OH,41.10755,-83.79271,America/New_York
McConnelsville,OH,39.64868,-81.85319,America/New_York
McDonald,OH,41.16367,-80.72424,America/New_York
McKinley Heights,OH,41.18367,-80.7173,America/New_York
Mechanicsburg,OH,40.072,-83.55631,America/New_York
Medina,OH,41.13839,-81.86375,America/New_York
Mentor,OH,41.66616,-81.33955,America/New_York
Mentor-on-the-Lake,OH,41.70504,-81.36039,America/New_York
Miami Heights,OH,39.16506,-84.7205,America/New_York
Miamisburg,OH,39.64284,-84.28661,America/New_York
Miamitown,OH,39.21589,-84.70411,America/New_York
Middleburg Heights,OH,41.36144,-81.81291,America/New_York
Middlefield,OH,41.462,-81.07371,America/New_York
Middleport,OH,39.00175,-82.04875,America/New_York
Middletown,OH,39.51506,-84.39828,America/New_York
Milan,OH,41.29755,-82.60545,America/New_York
Milford,OH,39.17534,-84.29438,America/New_York
Millbury,OH,41.56616,-83.42465,America/New_York
Millersburg,OH,40.55451,-81.91792,America/New_York
Millersport,OH,39.90006,-82.53405,America/New_York
Mineral Ridge,OH,41.14006,-80.76897,America/New_York
Minerva,OH,40.72978,-81.10538,America/New_York
Minerva Park,OH,40.07645,-82.94379,America/New_York
Mingo Junction,OH,40.32174,-80.6098,America/New_York
Minster,OH,40.3931,-84.37606,America/New_York
Mogadore,OH,41.04645,-81.39789,America/New_York
Monfort Heights,OH,39.18839,-84.59522,America/New_York
Monroe,OH,39.44034,-84.36216,America/New_York
Monroeville,OH,41.24422,-82.69629,America/New_York
Montgomery,OH,39.22811,-84.35411,America/New_York
Montpelier,OH,41.5845,-84.60551,America/New_York
Montrose-Ghent,OH,41.1538,-81.64378,America/New_York
Moraine,OH,39.70617,-84.21938,America/New_York
Moreland Hills,OH,41.44783,-81.42762,America/New_York
Morgandale,OH,41.26561,-80.78286,America/New_York
Morrow,OH,39.3545,-84.12716,America/New_York
Mount Carmel,OH,39.10589,-84.3041,America/New_York
Mount Carmel,OH,41.27116,-82.93686,America/New_York
Mount Gilead,OH,40.54923,-82.8274,America/New_York
Mount Healthy,OH,39.23367,-84.54578,America/New_York
Mount Healthy Heights,OH,39.27033,-84.568,America/New_York
Mount Orab,OH,39.02757,-83.91965,America/New_York
Mount Repose,OH,39.20062,-84.22438,America/New_York
Mount Sterling,OH,39.71951,-83.26519,America/New_York
Mount Vernon,OH,40.3934,-82.48572,America/New_York
Mulberry,OH,39.19339,-84.24216,America/New_York
Munroe Falls,OH,41.1445,-81.43983,America/New_York
Napoleon,OH,41.39227,-84.12522,America/New_York
Navarre,OH,40.7245,-81.52207,America/New_York
Nelsonville,OH,39.45868,-82.23182,America/New_York
New Albany,OH,40.08117,-82.80879,America/New_York
New Boston,OH,38.7523,-82.93684,America/New_York
New Bremen,OH,40.43699,-84.37967,America/New_York
New Burlington,OH,39.2595,-84.55717,America/New_York
New California,OH,40.15617,-83.23658,America/New_York
New Carlisle,OH,39.93617,-84.02549,America/New_York
New Concord,OH,39.99368,-81.73402,America/New_York
New Franklin,OH,40.94172,-81.54151,America/New_York
New Lebanon,OH,39.74533,-84.38495,America/New_York
New Lexington,OH,39.71396,-82.20848,America/New_York
New London,OH,41.08505,-82.39989,America/New_York
New Matamoras,OH,39.52452,-81.06705,America/New_York
New Miami,OH,39.43478,-84.53689,America/New_York
New Middletown,OH,40.96117,-80.55757,America/New_York
New Paris,OH,39.85699,-84.79329,America/New_York
New Philadelphia,OH,40.48979,-81.44567,America/New_York
New Richmond,OH,38.94868,-84.27994,America/New_York
New Vienna,OH,39.32367,-83.69103,America/New_York
New Waterford,OH,40.84506,-80.61452,America/New_York
Newark,OH,40.05812,-82.40126,America/New_York
Newburgh Heights,OH,41.45005,-81.66346,America/New_York
Newcomerstown,OH,40.27229,-81.60595,America/New_York
Newport,OH,39.39091,-81.22678,America/New_York
Newton Falls,OH,41.18839,-80.97815,America/New_York
Newtown,OH,39.1245,-84.36161,America/New_York
Niles,OH,41.18284,-80.76536,America/New_York
North Baltimore,OH,41.18283,-83.67827,America/New_York
North Canton,OH,40.87589,-81.40234,America/New_York
North College Hill,OH,39.21839,-84.55078,America/New_York
North Fork Village,OH,39.3359,-83.02907,America/New_York
North Kingsville,OH,41.90589,-80.69036,America/New_York
North Lewisburg,OH,40.22311,-83.55743,America/New_York
North Madison,OH,41.825,-81.056,America/New_York
North Olmsted,OH,41.4156,-81.92347,America/New_York
North Randall,OH,41.43478,-81.52568,America/New_York
North Ridgeville,OH,41.38949,-82.01903,America/New_York
North Royalton,OH,41.31366,-81.72457,America/New_York
North Zanesville,OH,39.97868,-82.00347,America/New_York
Northbrook,OH,39.24645,-84.58356,America/New_York
Northfield,OH,41.34505,-81.52845,America/New_York
Northgate,OH,39.25283,-84.59245,America/New_York
Northridge,OH,39.99173,-83.77854,America/New_York
Northridge,OH,39.80756,-84.19689,America/New_York
Northwood,OH,40.47283,-83.73243,America/New_York
Northwood,OH,41.60727,-83.46882,America/New_York
Norton,OH,41.02922,-81.63818,America/New_York
Norwalk,OH,41.24255,-82.61573,America/New_York
Norwood,OH,39.15561,-84.45966,America/New_York
Oak Harbor,OH,41.50672,-83.14659,America/New_York
Oak Hill,OH,38.89396,-82.57349,America/New_York
Oak Hill,OH,40.41423,-82.24099,America/New_York
Oakwood,OH,39.72534,-84.17411,America/New_York
Oakwood,OH,41.36533,-81.5079,America/New_York
Oberlin,OH,41.29394,-82.21738,America/New_York
Obetz,OH,39.87895,-82.95074,America/New_York
Olmsted Falls,OH,41.37505,-81.90819,America/New_York
Ontario,OH,40.7595,-82.59017,America/New_York
Orange,OH,41.44978,-81.48067,America/New_York
Oregon,OH,41.64366,-83.48688,America/New_York
Orrville,OH,40.84367,-81.76402,America/New_York
Orwell,OH,41.53506,-80.86814,America/New_York
Ottawa,OH,41.01922,-84.04717,America/New_York
Ottawa Hills,OH,41.66422,-83.64327,America/New_York
Oxford,OH,39.507,-84.74523,America/New_York
Painesville,OH,41.72449,-81.24566,America/New_York
Pandora,OH,40.94811,-83.96105,America/New_York
Park Layne,OH,39.88645,-84.03966,America/New_York
Parma,OH,41.40477,-81.72291,America/New_York
Parma Heights,OH,41.39005,-81.75958,America/New_York
Pataskala,OH,39.99562,-82.67433,America/New_York
Paulding,OH,41.13811,-84.58051,America/New_York
Payne,OH,41.07755,-84.72718,America/New_York
Peebles,OH,38.94896,-83.40575,America/New_York
Pemberville,OH,41.41089,-83.46104,America/New_York
Pepper Pike,OH,41.47839,-81.46373,America/New_York
Perry,OH,41.76033,-81.14093,America/New_York
Perry Heights,OH,40.79534,-81.47345,America/New_York
Perrysburg,OH,41.557,-83.62716,America/New_York
Pickerington,OH,39.88423,-82.7535,America/New_York
Piketon,OH,39.06813,-83.01434,America/New_York
Pioneer,OH,41.68005,-84.55301,America/New_York
Piqua,OH,40.14477,-84.24244,America/New_York
Plain City,OH,40.10756,-83.26742,America/New_York
Pleasant Grove,OH,39.95201,-81.95902,America/New_York
Pleasant Hill,OH,40.05172,-84.34439,America/New_York
Pleasant Run,OH,39.29978,-84.56356,America/New_York
Pleasant Run Farm,OH,39.30311,-84.548,America/New_York
Plymouth,OH,40.99561,-82.66712,America/New_York
Poland,OH,41.02423,-80.6148,America/New_York
Pomeroy,OH,39.02758,-82.03375,America/New_York
Port Clinton,OH,41.512,-82.93769,America/New_York
Portage Lakes,OH,41.00728,-81.52706,America/New_York
Portsmouth,OH,38.73174,-82.99767,America/New_York
Powell,OH,40.15784,-83.07519,America/New_York
Powhatan Point,OH,39.86008,-80.81537,America/New_York
Prospect,OH,40.45034,-83.18853,America/New_York
Ravenna,OH,41.15756,-81.24205,America/New_York
Reading,OH,39.22367,-84.44216,America/New_York
Reminderville,OH,41.34589,-81.39511,America/New_York
Reno,OH,39.37285,-81.39567,America/New_York
Reynoldsburg,OH,39.95479,-82.81212,America/New_York
Richfield,OH,41.23978,-81.63818,America/New_York
Richmond Heights,OH,41.55283,-81.51012,America/New_York
Richville,OH,40.75117,-81.4779,America/New_York
Richwood,OH,40.42645,-83.29686,America/New_York
Ripley,OH,38.74563,-83.84492,America/New_York
Rittman,OH,40.97811,-81.78208,America/New_York
Riverside,OH,39.77978,-84.1241,America/New_York
Roaming Shores,OH,41.64311,-80.82342,America/New_York
Rockford,OH,40.68783,-84.64663,America/New_York
Rockford,OH,40.47701,-81.30844,America/New_York
Rocky River,OH,41.4756,-81.8393,America/New_York
Rosemount,OH,38.78619,-82.97906,America/New_York
Roseville,OH,39.80729,-82.07125,America/New_York
Ross,OH,39.31228,-84.6505,America/New_York
Rossford,OH,41.60977,-83.56438,America/New_York
Rossmoyne,OH,39.21367,-84.38688,America/New_York
Russells Point,OH,40.47116,-83.89272,America/New_York
Sabina,OH,39.48867,-83.63687,America/New_York
Saint Bernard,OH,39.167,-84.49855,America/New_York
Saint Clairsville,OH,40.08063,-80.90009,America/New_York
Saint Henry,OH,40.41755,-84.63968,America/New_York
Saint Marys,OH,40.54227,-84.3894,America/New_York
Saint Paris,OH,40.12839,-83.95966,America/New_York
Salem,OH,40.90089,-80.85675,America/New_York
Salem Heights,OH,39.07173,-84.37827,America/New_York
Salineville,OH,40.62256,-80.83786,America/New_York
Sandusky,OH,41.44894,-82.70796,America/New_York
Sawyerwood,OH,41.03783,-81.44095,America/New_York
Sciotodale,OH,38.7548,-82.86878,America/New_York
Sebring,OH,40.92284,-81.01898,America/New_York
Seven Hills,OH,41.39533,-81.67624,America/New_York
Seville,OH,41.01006,-81.86236,America/New_York
Shadyside,OH,39.97091,-80.75064,America/New_York
Shaker Heights,OH,41.47394,-81.53707,America/New_York
Sharonville,OH,39.26811,-84.41327,America/New_York
Shawnee Hills,OH,39.65284,-83.78687,America/New_York
Sheffield,OH,41.42115,-82.09626,America/New_York
Sheffield Lake,OH,41.48754,-82.10154,America/New_York
Shelby,OH,40.88145,-82.66184,America/New_York
Sherwood,OH,39.08478,-84.36077,America/New_York
Shiloh,OH,39.81867,-84.22855,America/New_York
Shreve,OH,40.68145,-82.02181,America/New_York
Sidney,OH,40.28422,-84.1555,America/New_York
Silver Lake,OH,41.15895,-81.45428,America/New_York
Silverton,OH,39.19284,-84.4005,America/New_York
Sixteen Mile Stand,OH,39.27284,-84.32744,America/New_York
Skyline Acres,OH,39.22867,-84.56689,America/New_York
Smithville,OH,40.86228,-81.8618,America/New_York
Solon,OH,41.38978,-81.44123,America/New_York
Somerset,OH,39.80701,-82.29709,America/New_York
South Amherst,OH,41.35588,-82.25377,America/New_York
South Bloomfield,OH,39.7184,-82.98685,America/New_York
South Canal,OH,41.17728,-80.98676,America/New_York
South Charleston,OH,39.82534,-83.63437,America/New_York
South Euclid,OH,41.52311,-81.51846,America/New_York
South Lebanon,OH,39.37089,-84.21327,America/New_York
South Point,OH,38.41786,-82.58627,America/New_York
South Russell,OH,41.43144,-81.36539,America/New_York
South Zanesville,OH,39.89923,-82.00625,America/New_York
Spencerville,OH,40.70894,-84.35356,America/New_York
Springboro,OH,39.55228,-84.23327,America/New_York
Springdale,OH,39.287,-84.48522,America/New_York
Springfield,OH,39.92423,-83.80882,America/New_York
Steubenville,OH,40.36979,-80.63396,America/New_York
Stony Prairie,OH,41.345,-83.141,America/New_York
Stow,OH,41.1595,-81.44039,America/New_York
Strasburg,OH,40.59478,-81.52679,America/New_York
Streetsboro,OH,41.23922,-81.34594,America/New_York
Strongsville,OH,41.3145,-81.83569,America/New_York
Struthers,OH,41.05256,-80.60785,America/New_York
Stryker,OH,41.50366,-84.41412,America/New_York
Sugarcreek,OH,40.50312,-81.64096,America/New_York
Sugarcreek Police Dept,OH,40.50253,-81.64176,America/New_York
Summerside,OH,39.10478,-84.28827,America/New_York
Sunbury,OH,40.24256,-82.85907,America/New_York
Swanton,OH,41.58866,-83.89105,America/New_York
Sylvania,OH,41.71894,-83.71299,America/New_York
Tallmadge,OH,41.10145,-81.44178,America/New_York
Terrace Park,OH,39.15923,-84.30716,America/New_York
The Plains,OH,39.36896,-82.13237,America/New_York
The Village of Indian Hill,OH,39.17949,-84.33517,America/New_York
Thornport,OH,39.91312,-82.41099,America/New_York
Tiffin,OH,41.1145,-83.17797,America/New_York
Tiltonsville,OH,40.16674,-80.6998,America/New_York
Tipp City,OH,39.95839,-84.17216,America/New_York
Toledo,OH,41.66394,-83.55521,America/New_York
Toronto,OH,40.46423,-80.60091,America/New_York
Trenton,OH,39.48089,-84.45772,America/New_York
Trotwood,OH,39.79728,-84.31133,America/New_York
Troy,OH,40.0395,-84.20328,America/New_York
Turpin Hills,OH,39.11006,-84.37994,America/New_York
Tuscarawas,OH,40.39479,-81.40706,America/New_York
Twinsburg,OH,41.31256,-81.44011,America/New_York
Uhrichsville,OH,40.39312,-81.3465,America/New_York
Union,OH,39.89783,-84.30633,America/New_York
Union City,OH,40.19938,-84.80353,America/New_York
Uniontown,OH,40.97506,-81.40817,America/New_York
University Heights,OH,41.49783,-81.53735,America/New_York
Upper Arlington,OH,39.99451,-83.06241,America/New_York
Upper Sandusky,OH,40.82728,-83.28131,America/New_York
Urbana,OH,40.10839,-83.75243,America/New_York
Urbancrest,OH,39.89756,-83.08685,America/New_York
Utica,OH,40.23423,-82.45127,America/New_York
Valley View,OH,41.38783,-81.60457,America/New_York
Van Wert,OH,40.86949,-84.58412,America/New_York
Vandalia,OH,39.89061,-84.19883,America/New_York
Vermilion,OH,41.42199,-82.36461,America/New_York
Vermilion-on-the-Lake,OH,41.42838,-82.32377,America/New_York
Versailles,OH,40.22255,-84.4844,America/New_York
Wadsworth,OH,41.02561,-81.72985,America/New_York
Wakeman,OH,41.2545,-82.39961,America/New_York
Walbridge,OH,41.58783,-83.49327,America/New_York
Walnut Hills,OH,39.127,-84.48411,America/New_York
Walton Hills,OH,41.36561,-81.56123,America/New_York
Wapakoneta,OH,40.56783,-84.19356,America/New_York
Warren,OH,41.23756,-80.81842,America/New_York
Warrensville Heights,OH,41.43505,-81.53623,America/New_York
Washington Court House,OH,39.53645,-83.43908,America/New_York
Waterville,OH,41.50089,-83.71827,America/New_York
Wauseon,OH,41.54922,-84.14161,America/New_York
Waverly,OH,39.12673,-82.98546,America/New_York
Waynesville,OH,39.52978,-84.0866,America/New_York
Wellington,OH,41.16894,-82.21794,America/New_York
Wellston,OH,39.12341,-82.53294,America/New_York
Wellsville,OH,40.60284,-80.64896,America/New_York
West Alexandria,OH,39.7445,-84.53217,America/New_York
West Carrollton City,OH,39.67228,-84.25216,America/New_York
West Hill,OH,41.23283,-80.51924,America/New_York
West Jefferson,OH,39.94478,-83.2688,America/New_York
West Lafayette,OH,40.27535,-81.75096,America/New_York
West Liberty,OH,40.25228,-83.75577,America/New_York
West Milton,OH,39.96255,-84.328,America/New_York
West Portsmouth,OH,38.75841,-83.02906,America/New_York
West Salem,OH,40.97144,-82.10987,America/New_York
West Union,OH,38.79452,-83.54519,America/New_York
West Unity,OH,41.58616,-84.43495,America/New_York
Westerville,OH,40.12617,-82.92907,America/New_York
Westfield Center,OH,41.02644,-81.9332,America/New_York
Westlake,OH,41.45532,-81.91792,America/New_York
Weston,OH,41.34477,-83.79716,America/New_York
Wetherington,OH,39.36367,-84.37744,America/New_York
Wheelersburg,OH,38.73035,-82.85545,America/New_York
White Oak,OH,39.21311,-84.59939,America/New_York
Whitehall,OH,39.96673,-82.88546,America/New_York
Whitehouse,OH,41.51894,-83.80383,America/New_York
Wickliffe,OH,41.60533,-81.45345,America/New_York
Wilberforce,OH,39.71617,-83.87771,America/New_York
Willard,OH,41.05311,-82.72629,America/New_York
Williamsburg,OH,39.05423,-84.05299,America/New_York
Williamsport,OH,39.5859,-83.12046,America/New_York
Willoughby,OH,41.63977,-81.4065,America/New_York
Willoughby Hills,OH,41.59838,-81.41845,America/New_York
Willowick,OH,41.6331,-81.46873,America/New_York
Wilmington,OH,39.44534,-83.82854,America/New_York
Winchester,OH,38.94174,-83.65075,America/New_York
Windham,OH,41.23506,-81.04926,America/New_York
Wintersville,OH,40.37535,-80.70369,America/New_York
Withamsville,OH,39.06228,-84.28827,America/New_York
Wolfhurst,OH,40.06924,-80.7837,America/New_York
Woodlawn,OH,39.252,-84.47022,America/New_York
Woodsfield,OH,39.76257,-81.11538,America/New_York
Woodville,OH,41.45144,-83.36576,America/New_York
Wooster,OH,40.80517,-81.93646,America/New_York
Worthington,OH,40.09312,-83.01796,America/New_York
Wright-Patterson AFB,OH,39.81113,-84.05731,America/New_York
Wyoming,OH,39.23117,-84.46578,America/New_York
Xenia,OH,39.68478,-83.92965,America/New_York
Yellow Springs,OH,39.80645,-83.88687,America/New_York
Yorkville,OH,40.15452,-80.71036,America/New_York
Youngstown,OH,41.09978,-80.64952,America/New_York
Zanesville,OH,39.94035,-82.01319,America/New_York
Ada,OK,34.77453,-96.67834,America/Chicago
Afton,OK,36.69369,-94.96302,America/Chicago
Altus,OK,34.63813,-99.33398,America/Chicago
Alva,OK,36.80499,-98.66718,America/Chicago
Anadarko,OK,35.07256,-98.24366,America/Chicago
Antlers,OK,34.23121,-95.62025,America/Chicago
Apache,OK,34.89368,-98.36589,America/Chicago
Arapaho,OK,35.57783,-98.96453,America/Chicago
Ardmore,OK,34.17426,-97.14363,America/Chicago
Arkoma,OK,35.35454,-94.4341,America/Chicago
Arnett,OK,36.13504,-99.77484,America/Chicago
Atoka,OK,34.38593,-96.12833,America/Chicago
Barnsdall,OK,36.56202,-96.16167,America/Chicago
Bartlesville,OK,36.74731,-95.98082,America/Chicago
Beaver,OK,36.81614,-100.51987,America/Chicago
Beggs,OK,35.7426,-96.07027,America/Chicago
Bethany,OK,35.51867,-97.63226,America/Chicago
Bethel Acres,OK,35.30868,-97.02558,America/Chicago
Bixby,OK,35.94204,-95.88332,America/Chicago
Blackwell,OK,36.80448,-97.28282,America/Chicago
Blanchard,OK,35.13784,-97.65809,America/Chicago
Boise City,OK,36.72947,-102.51324,America/Chicago
Boley,OK,35.49341,-96.48362,America/Chicago
Bray,OK,34.63786,-97.81753,America/Chicago
Bristow,OK,35.83063,-96.39112,America/Chicago
Broken Arrow,OK,36.0526,-95.79082,America/Chicago
Broken Bow,OK,34.02928,-94.7391,America/Chicago
Buffalo,OK,36.83559,-99.6304,America/Chicago
Burns Flat,OK,35.34894,-99.17036,America/Chicago
Bushyhead,OK,36.46148,-95.49414,America/Chicago
Byng,OK,34.8612,-96.66557,America/Chicago
Cache,OK,34.62952,-98.62867,America/Chicago
Caddo,OK,34.12676,-96.26332,America/Chicago
Calera,OK,33.93454,-96.4286,America/Chicago
Carnegie,OK,35.10367,-98.60367,America/Chicago
Catoosa,OK,36.18899,-95.74582,America/Chicago
Central High,OK,34.62313,-98.08976,America/Chicago
Chandler,OK,35.70173,-96.88086,America/Chicago
Checotah,OK,35.4701,-95.52304,America/Chicago
Chelsea,OK,36.53565,-95.43247,America/Chicago
Cherokee,OK,36.75447,-98.35674,America/Chicago
Cheyenne,OK,35.61394,-99.67149,America/Chicago
Chickasha,OK,35.05257,-97.93643,America/Chicago
Choctaw,OK,35.49756,-97.26892,America/Chicago
Chouteau,OK,36.18593,-95.34302,America/Chicago
Claremore,OK,36.3126,-95.61609,America/Chicago
Cleora,OK,36.57897,-94.97107,America/Chicago
Cleveland,OK,36.31032,-96.46584,America/Chicago
Clinton,OK,35.51561,-98.96731,America/Chicago
Coalgate,OK,34.53815,-96.21861,America/Chicago
Colbert,OK,33.85316,-96.50249,America/Chicago
Collinsville,OK,36.36454,-95.83888,America/Chicago
Comanche,OK,34.36897,-97.96392,America/Chicago
Commerce,OK,36.9334,-94.87301,America/Chicago
Copeland,OK,36.65591,-94.82829,America/Chicago
Cordell,OK,35.29061,-98.98841,America/Chicago
Coweta,OK,35.95177,-95.65081,America/Chicago
Crescent,OK,35.95254,-97.59477,America/Chicago
Cushing,OK,35.98506,-96.76697,America/Chicago
Cyril,OK,34.89646,-98.2006,America/Chicago
Davis,OK,34.50453,-97.11946,America/Chicago
Del City,OK,35.44201,-97.44087,America/Chicago
Dewey,OK,36.79592,-95.93554,America/Chicago
Dickson,OK,34.18732,-96.98446,America/Chicago
Drumright,OK,35.9884,-96.60113,America/Chicago
Duncan,OK,34.5023,-97.95781,America/Chicago
Durant,OK,33.99399,-96.37082,America/Chicago
Edmond,OK,35.65283,-97.4781,America/Chicago
El Reno,OK,35.53227,-97.95505,America/Chicago
Elgin,OK,34.78035,-98.29227,America/Chicago
Elk City,OK,35.41199,-99.40426,America/Chicago
Enid,OK,36.39559,-97.87839,America/Chicago
Erick,OK,35.21533,-99.86649,America/Chicago
Eufaula,OK,35.28722,-95.5825,America/Chicago
Fairfax,OK,36.57366,-96.7042,America/Chicago
Fairland,OK,36.75118,-94.84746,America/Chicago
Fairview,OK,36.26892,-98.4798,America/Chicago
Fletcher,OK,34.82312,-98.24422,America/Chicago
Forest Park,OK,35.50423,-97.44615,America/Chicago
Fort Gibson,OK,35.7976,-95.25052,America/Chicago
Frederick,OK,34.39203,-99.01841,America/Chicago
Geary,OK,35.63116,-98.31729,America/Chicago
Geronimo,OK,34.48119,-98.38311,America/Chicago
Glenpool,OK,35.95537,-96.00888,America/Chicago
Goldsby,OK,35.14118,-97.47698,America/Chicago
Goodwell,OK,36.5953,-101.63655,America/Chicago
Granite,OK,34.96228,-99.38064,America/Chicago
Grove,OK,36.59369,-94.76912,America/Chicago
Guthrie,OK,35.87894,-97.42532,America/Chicago
Guymon,OK,36.6828,-101.48155,America/Chicago
Hall Park,OK,35.23701,-97.40642,America/Chicago
Harrah,OK,35.48951,-97.16364,America/Chicago
Hartshorne,OK,34.8451,-95.55748,America/Chicago
Haskell,OK,35.82038,-95.67415,America/Chicago
Healdton,OK,34.23315,-97.4878,America/Chicago
Heavener,OK,34.88927,-94.60078,America/Chicago
Helena,OK,36.54614,-98.27007,America/Chicago
Hennessey,OK,36.1092,-97.89867,America/Chicago
Henryetta,OK,35.43983,-95.98194,America/Chicago
Hinton,OK,35.47144,-98.35562,America/Chicago
Hobart,OK,35.0295,-99.09313,America/Chicago
Holdenville,OK,35.08036,-96.39918,America/Chicago
Hollis,OK,34.68839,-99.91205,America/Chicago
Hominy,OK,36.41424,-96.3953,America/Chicago
Hooker,OK,36.86003,-101.2135,America/Chicago
Hugo,OK,34.01066,-95.50968,America/Chicago
Idabel,OK,33.89566,-94.82633,America/Chicago
Inola,OK,36.15121,-95.50942,America/Chicago
Jay,OK,36.42119,-94.7969,America/Chicago
Jenks,OK,36.02287,-95.96833,America/Chicago
Jones,OK,35.56589,-97.28698,America/Chicago
Justice,OK,36.29287,-95.56664,America/Chicago
Kellyville,OK,35.9437,-96.21361,America/Chicago
Kenwood,OK,36.31453,-94.98579,America/Chicago
Kiefer,OK,35.94482,-96.06528,America/Chicago
Kingfisher,OK,35.86143,-97.93172,America/Chicago
Kingston,OK,33.99871,-96.71972,America/Chicago
Konawa,OK,34.95953,-96.7528,America/Chicago
Krebs,OK,34.92787,-95.71582,America/Chicago
Langston,OK,35.94505,-97.25531,America/Chicago
Laverne,OK,36.70975,-99.89346,America/Chicago
Lawton,OK,34.60869,-98.39033,America/Chicago
Lexington,OK,35.01479,-97.33558,America/Chicago
Lindsay,OK,34.8348,-97.60253,America/Chicago
Locust Grove,OK,36.20009,-95.16774,America/Chicago
Lone Grove,OK,34.17537,-97.26279,America/Chicago
Longtown,OK,35.24538,-95.51276,America/Chicago
Luther,OK,35.66173,-97.19559,America/Chicago
Madill,OK,34.09038,-96.77167,America/Chicago
Mangum,OK,34.872,-99.50426,America/Chicago
Mannford,OK,36.13341,-96.35446,America/Chicago
Marietta,OK,33.93704,-97.11668,America/Chicago
Marlow,OK,34.64813,-97.95809,America/Chicago
Maud,OK,35.13036,-96.77585,America/Chicago
Maysville,OK,34.8173,-97.40586,America/Chicago
McAlester,OK,34.93343,-95.76971,America/Chicago
McCord,OK,36.67847,-97.04,America/Chicago
McLoud,OK,35.4359,-97.09142,America/Chicago
Medford,OK,36.80697,-97.73366,America/Chicago
Meeker,OK,35.5034,-96.9028,America/Chicago
Meridian,OK,34.42731,-97.97809,America/Chicago
Miami,OK,36.87451,-94.87746,America/Chicago
Midwest City,OK,35.44951,-97.3967,America/Chicago
Minco,OK,35.31284,-97.94449,America/Chicago
Moore,OK,35.33951,-97.4867,America/Chicago
Mooreland,OK,36.4392,-99.20482,America/Chicago
Morris,OK,35.6076,-95.86027,America/Chicago
Mounds,OK,35.87648,-96.06111,America/Chicago
Muldrow,OK,35.4062,-94.59883,America/Chicago
Muskogee,OK,35.74788,-95.36969,America/Chicago
Mustang,OK,35.38423,-97.72449,America/Chicago
Newcastle,OK,35.24729,-97.59976,America/Chicago
Newkirk,OK,36.88225,-97.05337,America/Chicago
Nichols Hills,OK,35.55089,-97.54893,America/Chicago
Nicoma Park,OK,35.49117,-97.32309,America/Chicago
Ninnekah,OK,34.94785,-97.92393,America/Chicago
Noble,OK,35.13924,-97.39475,America/Chicago
Norman,OK,35.22257,-97.43948,America/Chicago
Nowata,OK,36.70065,-95.63803,America/Chicago
Oakhurst,OK,36.07537,-96.06444,America/Chicago
Oakland,OK,34.1001,-96.79389,America/Chicago
Oilton,OK,36.08451,-96.58363,America/Chicago
Okarche,OK,35.72588,-97.97644,America/Chicago
Okeene,OK,36.11615,-98.31702,America/Chicago
Okemah,OK,35.43259,-96.30501,America/Chicago
Oklahoma City,OK,35.46756,-97.51643,America/Chicago
Okmulgee,OK,35.62344,-95.96055,America/Chicago
Oologah,OK,36.44704,-95.70832,America/Chicago
Owasso,OK,36.26954,-95.85471,America/Chicago
Panama,OK,35.16732,-94.67245,America/Chicago
Park Hill,OK,35.8612,-94.95884,America/Chicago
Pauls Valley,OK,34.74008,-97.22225,America/Chicago
Pawhuska,OK,36.66784,-96.33723,America/Chicago
Pawnee,OK,36.33783,-96.80392,America/Chicago
Perkins,OK,35.97394,-97.03364,America/Chicago
Perry,OK,36.28949,-97.2881,America/Chicago
Piedmont,OK,35.642,-97.74643,America/Chicago
Pink,OK,35.26063,-97.11975,America/Chicago
Pocola,OK,35.23121,-94.478,America/Chicago
Ponca City,OK,36.70698,-97.08559,America/Chicago
Poteau,OK,35.05371,-94.62356,America/Chicago
Prague,OK,35.48674,-96.68502,America/Chicago
Pryor,OK,36.30843,-95.31691,America/Chicago
Pryor Creek,OK,36.30862,-95.31777,America/Chicago
Purcell,OK,35.01368,-97.36114,America/Chicago
Quinton,OK,35.12288,-95.37109,America/Chicago
Ringling,OK,34.17843,-97.59253,America/Chicago
Roland,OK,35.4212,-94.51466,America/Chicago
Rush Springs,OK,34.78257,-97.95698,America/Chicago
Salina,OK,36.29287,-95.1533,America/Chicago
Sallisaw,OK,35.46037,-94.78745,America/Chicago
Sand Springs,OK,36.13981,-96.10889,America/Chicago
Sapulpa,OK,35.9987,-96.11417,America/Chicago
Sayre,OK,35.29116,-99.6401,America/Chicago
Seminole,OK,35.22452,-96.67057,America/Chicago
Shattuck,OK,36.27614,-99.88276,America/Chicago
Shawnee,OK,35.32729,-96.9253,America/Chicago
Skiatook,OK,36.36842,-96.00138,America/Chicago
Slaughterville,OK,35.08729,-97.33503,America/Chicago
Snyder,OK,34.65896,-98.95174,America/Chicago
Spencer,OK,35.52284,-97.37726,America/Chicago
Sperry,OK,36.29731,-95.99139,America/Chicago
Spiro,OK,35.24121,-94.61994,America/Chicago
Stigler,OK,35.25371,-95.12302,America/Chicago
Stillwater,OK,36.11561,-97.05837,America/Chicago
Stilwell,OK,35.81453,-94.62856,America/Chicago
Stratford,OK,34.79675,-96.95946,America/Chicago
Stroud,OK,35.74868,-96.65807,America/Chicago
Sulphur,OK,34.50787,-96.96835,America/Chicago
Tahlequah,OK,35.91537,-94.96996,America/Chicago
Talihina,OK,34.75149,-95.04802,America/Chicago
Taloga,OK,36.03865,-98.96371,America/Chicago
Tecumseh,OK,35.25785,-96.93669,America/Chicago
Texanna,OK,35.34732,-95.43692,America/Chicago
The Village,OK,35.56089,-97.55143,America/Chicago
Thomas,OK,35.74422,-98.74758,America/Chicago
Tishomingo,OK,34.23621,-96.67861,America/Chicago
Tonkawa,OK,36.67837,-97.31004,America/Chicago
Tulsa,OK,36.15398,-95.99277,America/Chicago
Turley,OK,36.24204,-95.97583,America/Chicago
Tuttle,OK,35.29089,-97.81227,America/Chicago
Union City,OK,35.39172,-97.94144,America/Chicago
Verdigris,OK,36.23482,-95.69109,America/Chicago
Vian,OK,35.49843,-94.96967,America/Chicago
Vinita,OK,36.63869,-95.15413,America/Chicago
Wagoner,OK,35.95954,-95.36941,America/Chicago
Walters,OK,34.35981,-98.30783,America/Chicago
Warner,OK,35.49426,-95.30552,America/Chicago
Warr Acres,OK,35.52256,-97.61893,America/Chicago
Watonga,OK,35.84477,-98.41313,America/Chicago
Waukomis,OK,36.28031,-97.89811,America/Chicago
Waurika,OK,34.16704,-97.99754,America/Chicago
Weatherford,OK,35.52616,-98.70757,America/Chicago
Westville,OK,35.99258,-94.568,America/Chicago
Wetumka,OK,35.23759,-96.24167,America/Chicago
Wewoka,OK,35.15869,-96.49335,America/Chicago
Wilburton,OK,34.91871,-95.30914,America/Chicago
Wilson,OK,34.16204,-97.42586,America/Chicago
Wilson,OK,35.5076,-96.03472,America/Chicago
Wister,OK,34.96732,-94.72467,America/Chicago
Woodward,OK,36.43365,-99.39039,America/Chicago
Wynnewood,OK,34.64342,-97.16447,America/Chicago
Yale,OK,36.11423,-96.69919,America/Chicago
Yukon,OK,35.50672,-97.76254,America/Chicago
Agate Beach,OR,44.67734,-124.06178,America/Los_Angeles
Albany,OR,44.63651,-123.10593,America/Los_Angeles
Aloha,OR,45.49428,-122.86705,America/Los_Angeles
Altamont,OR,42.20681,-121.73722,America/Los_Angeles
Amity,OR,45.11567,-123.20733,America/Los_Angeles
Ashland,OR,42.19458,-122.70948,America/Los_Angeles
Astoria,OR,46.18788,-123.83125,America/Los_Angeles
Athena,OR,45.8118,-118.49053,America/Los_Angeles
Aumsville,OR,44.84095,-122.87092,America/Los_Angeles
Baker City,OR,44.77487,-117.83438,America/Los_Angeles
Bandon,OR,43.119,-124.40845,America/Los_Angeles
Banks,OR,45.61872,-123.11428,America/Los_Angeles
Barview,OR,43.35428,-124.31317,America/Los_Angeles
Bay City,OR,45.5226,-123.8893,America/Los_Angeles
Beavercreek,OR,45.2879,-122.53564,America/Los_Angeles
Beaverton,OR,45.48706,-122.80371,America/Los_Angeles
Bend,OR,44.05817,-121.31531,America/Los_Angeles
Bethany,OR,45.55789,-122.8676,America/Los_Angeles
Boardman,OR,45.83986,-119.70058,America/Los_Angeles
Brookings,OR,42.05261,-124.28398,America/Los_Angeles
Brownsville,OR,44.39346,-122.98481,America/Los_Angeles
Bunker Hill,OR,43.35595,-124.20483,America/Los_Angeles
Burns,OR,43.58626,-119.0541,America/Los_Angeles
Canby,OR,45.2629,-122.69259,America/Los_Angeles
Cannon Beach,OR,45.89177,-123.96153,America/Los_Angeles
Canyon City,OR,44.3896,-118.95023,America/Los_Angeles
Canyonville,OR,42.92734,-123.28117,America/Los_Angeles
Carlton,OR,45.29428,-123.17649,America/Los_Angeles
Cascade Locks,OR,45.66984,-121.89064,America/Los_Angeles
Cave Junction,OR,42.16289,-123.64812,America/Los_Angeles
Cedar Hills,OR,45.50484,-122.79843,America/Los_Angeles
Cedar Mill,OR,45.52484,-122.81093,America/Los_Angeles
Central Point,OR,42.37596,-122.91643,America/Los_Angeles
Chenoweth,OR,45.62762,-121.24341,America/Los_Angeles
Clackamas,OR,45.40762,-122.57037,America/Los_Angeles
Clatskanie,OR,46.10122,-123.20679,America/Los_Angeles
Coburg,OR,44.13707,-123.06648,America/Los_Angeles
Columbia City,OR,45.89011,-122.80705,America/Los_Angeles
Condon,OR,45.2343,-120.18503,America/Los_Angeles
Coos Bay,OR,43.3665,-124.21789,America/Los_Angeles
Coquille,OR,43.17705,-124.18761,America/Los_Angeles
Cornelius,OR,45.51984,-123.05983,America/Los_Angeles
Corvallis,OR,44.56457,-123.26204,America/Los_Angeles
Cottage Grove,OR,43.79762,-123.05952,America/Los_Angeles
Creswell,OR,43.9179,-123.02453,America/Los_Angeles
Culp Creek,OR,43.70346,-122.84757,America/Los_Angeles
Culver,OR,44.52568,-121.2131,America/Los_Angeles
Dallas,OR,44.91928,-123.31705,America/Los_Angeles
Damascus,OR,45.41762,-122.45898,America/Los_Angeles
Dayton,OR,45.22067,-123.07621,America/Los_Angeles
Depoe Bay,OR,44.80845,-124.06317,America/Los_Angeles
Deschutes River Woods,OR,43.99151,-121.35836,America/Los_Angeles
Donald,OR,45.22234,-122.83926,America/Los_Angeles
Drain,OR,43.65873,-123.3187,America/Los_Angeles
Dundee,OR,45.27817,-123.01094,America/Los_Angeles
Dunes City,OR,43.88318,-124.11512,America/Los_Angeles
Durham,OR,45.40206,-122.75287,America/Los_Angeles
Eagle Point,OR,42.47263,-122.80282,America/Los_Angeles
Elgin,OR,45.56486,-117.91743,America/Los_Angeles
Enterprise,OR,45.42626,-117.27878,America/Los_Angeles
Estacada,OR,45.28957,-122.3337,America/Los_Angeles
Eugene,OR,44.05207,-123.08675,America/Los_Angeles
Fairview,OR,45.53845,-122.43398,America/Los_Angeles
Florence,OR,43.98262,-124.09984,America/Los_Angeles
Forest Grove,OR,45.51984,-123.11066,America/Los_Angeles
Fossil,OR,44.99819,-120.21614,America/Los_Angeles
Four Corners,OR,44.9279,-122.98371,America/Los_Angeles
Fruitdale,OR,42.42206,-123.30811,America/Los_Angeles
Garden Home-Whitford,OR,45.464,-122.75891,America/Los_Angeles
Gearhart,OR,46.02427,-123.91125,America/Los_Angeles
Gervais,OR,45.10818,-122.8976,America/Los_Angeles
Gladstone,OR,45.38068,-122.59481,America/Los_Angeles
Glide,OR,43.30151,-123.10118,America/Los_Angeles
Gold Beach,OR,42.40733,-124.42177,America/Los_Angeles
Gold Hill,OR,42.43179,-123.0506,America/Los_Angeles
Grand Ronde,OR,45.06011,-123.60928,America/Los_Angeles
Grants Pass,OR,42.43933,-123.33067,America/Los_Angeles
Green,OR,43.16039,-123.36785,America/Los_Angeles
Gresham,OR,45.49818,-122.43148,America/Los_Angeles
Happy Valley,OR,45.44679,-122.53037,America/Los_Angeles
Harbor,OR,42.05317,-124.26759,America/Los_Angeles
Harrisburg,OR,44.27401,-123.17065,America/Los_Angeles
Hayesville,OR,44.98595,-122.98287,America/Los_Angeles
Heppner,OR,45.35318,-119.5578,America/Los_Angeles
Hermiston,OR,45.84041,-119.28946,America/Los_Angeles
Hillsboro,OR,45.52289,-122.98983,America/Los_Angeles
Hines,OR,43.56404,-119.08105,America/Los_Angeles
Hood River,OR,45.7054,-121.52146,America/Los_Angeles
Hubbard,OR,45.18234,-122.80787,America/Los_Angeles
Independence,OR,44.85123,-123.18677,America/Los_Angeles
Irrigon,OR,45.89569,-119.49141,America/Los_Angeles
Island City,OR,45.34097,-118.04466,America/Los_Angeles
Jacksonville,OR,42.31346,-122.96699,America/Los_Angeles
Jefferson,OR,44.71957,-123.01037,America/Los_Angeles
Jennings Lodge,OR,45.39123,-122.61259,America/Los_Angeles
John Day,OR,44.41599,-118.95301,America/Los_Angeles
Joseph,OR,45.35432,-117.22961,America/Los_Angeles
Junction City,OR,44.21929,-123.20565,America/Los_Angeles
Keizer,OR,44.99012,-123.02621,America/Los_Angeles
Kenton,OR,45.58178,-122.68149,America/Los_Angeles
King City,OR,45.391,-122.81578,America/Los_Angeles
Klamath Falls,OR,42.22487,-121.78167,America/Los_Angeles
La Grande,OR,45.32458,-118.08772,America/Los_Angeles
La Pine,OR,43.6704,-121.50364,America/Los_Angeles
Lafayette,OR,45.24428,-123.11483,America/Los_Angeles
Lake Oswego,OR,45.42067,-122.67065,America/Los_Angeles
Lakeside,OR,43.57567,-124.17511,America/Los_Angeles
Lakeview,OR,42.18877,-120.34579,America/Los_Angeles
Lebanon,OR,44.53651,-122.90703,America/Los_Angeles
Lents,OR,45.47984,-122.56731,America/Los_Angeles
Lincoln Beach,OR,44.85039,-124.04678,America/Los_Angeles
Lincoln City,OR,44.95816,-124.01789,America/Los_Angeles
Lowell,OR,43.91846,-122.78368,America/Los_Angeles
Lyons,OR,44.77457,-122.61509,America/Los_Angeles
Madras,OR,44.63345,-121.12949,America/Los_Angeles
McMinnville,OR,45.21012,-123.19872,America/Los_Angeles
Medford,OR,42.32652,-122.87559,America/Los_Angeles
Merlin,OR,42.51734,-123.41979,America/Los_Angeles
Metzger,OR,45.44651,-122.75899,America/Los_Angeles
Mill City,OR,44.75401,-122.47814,America/Los_Angeles
Millersburg,OR,44.68095,-123.06148,America/Los_Angeles
Milton-Freewater,OR,45.93263,-118.38774,America/Los_Angeles
Milwaukie,OR,45.44623,-122.63926,America/Los_Angeles
Mission,OR,45.67041,-118.68359,America/Los_Angeles
Molalla,OR,45.14734,-122.57703,America/Los_Angeles
Monmouth,OR,44.84845,-123.23399,America/Los_Angeles
Moro,OR,45.48401,-120.73117,America/Los_Angeles
Mount Angel,OR,45.0679,-122.80009,America/Los_Angeles
Mount Hood Village,OR,45.3554,-121.98064,America/Los_Angeles
Mulino,OR,45.22151,-122.58203,America/Los_Angeles
Myrtle Creek,OR,43.02012,-123.29312,America/Los_Angeles
Myrtle Point,OR,43.06483,-124.13899,America/Los_Angeles
New Hope,OR,42.36234,-123.36784,America/Los_Angeles
Newberg,OR,45.30012,-122.97316,America/Los_Angeles
Newport,OR,44.63678,-124.05345,America/Los_Angeles
North Bend,OR,43.4065,-124.22428,America/Los_Angeles
North Plains,OR,45.59706,-122.99344,America/Los_Angeles
North Portland,OR,45.61039,-122.70343,America/Los_Angeles
Nyssa,OR,43.87683,-116.99488,America/Boise
Oak Grove,OR,45.41679,-122.64009,America/Los_Angeles
Oak Hills,OR,45.54123,-122.84121,America/Los_Angeles
Oakridge,OR,43.74651,-122.46172,America/Los_Angeles
Oatfield,OR,45.41418,-122.60007,America/Los_Angeles
Odell,OR,45.62706,-121.54313,America/Los_Angeles
Ontario,OR,44.02655,-116.96294,America/Boise
Oregon City,OR,45.35734,-122.60676,America/Los_Angeles
Pacific City,OR,45.20233,-123.96289,America/Los_Angeles
Pendleton,OR,45.67207,-118.7886,America/Los_Angeles
Philomath,OR,44.54012,-123.3676,America/Los_Angeles
Phoenix,OR,42.27541,-122.81809,America/Los_Angeles
Pilot Rock,OR,45.48318,-118.82998,America/Los_Angeles
Port Orford,OR,42.74566,-124.49733,America/Los_Angeles
Portland,OR,45.52345,-122.67621,America/Los_Angeles
Prineville,OR,44.29985,-120.83447,America/Los_Angeles
Rainier,OR,46.089,-122.93594,America/Los_Angeles
Raleigh Hills,OR,45.48067,-122.76204,America/Los_Angeles
Redmond,OR,44.27262,-121.17392,America/Los_Angeles
Redwood,OR,42.42206,-123.38728,America/Los_Angeles
Reedsport,OR,43.70234,-124.09678,America/Los_Angeles
Riddle,OR,42.95095,-123.36423,America/Los_Angeles
Rockaway Beach,OR,45.61344,-123.94291,America/Los_Angeles
Rockcreek,OR,45.55012,-122.87705,America/Los_Angeles
Rogue River,OR,42.43595,-123.172,America/Los_Angeles
Rose Lodge,OR,45.01039,-123.88039,America/Los_Angeles
Roseburg,OR,43.2165,-123.34174,America/Los_Angeles
Roseburg North,OR,43.269,-123.351,America/Los_Angeles
Saint Helens,OR,45.864,-122.80649,America/Los_Angeles
Salem,OR,44.9429,-123.0351,America/Los_Angeles
Sandy,OR,45.39734,-122.26148,America/Los_Angeles
Scappoose,OR,45.75428,-122.8776,America/Los_Angeles
Seaside,OR,45.99316,-123.92264,America/Los_Angeles
Shady Cove,OR,42.61068,-122.81254,America/Los_Angeles
Sheridan,OR,45.09928,-123.39483,America/Los_Angeles
Sherwood,OR,45.35651,-122.8401,America/Los_Angeles
Siletz,OR,44.72178,-123.92011,America/Los_Angeles
Silverton,OR,45.00512,-122.78315,America/Los_Angeles
Sisters,OR,44.29095,-121.54921,America/Los_Angeles
South Lebanon,OR,44.50623,-122.90314,America/Los_Angeles
Springfield,OR,44.04624,-123.02203,America/Los_Angeles
Stafford,OR,45.381,-122.704,America/Los_Angeles
Stanfield,OR,45.78041,-119.21724,America/Los_Angeles
Stayton,OR,44.80068,-122.79453,America/Los_Angeles
Sublimity,OR,44.82957,-122.79453,America/Los_Angeles
Sunriver,OR,43.88401,-121.43864,America/Los_Angeles
Sutherlin,OR,43.39012,-123.31258,America/Los_Angeles
Sweet Home,OR,44.39762,-122.7362,America/Los_Angeles
Talent,OR,42.24568,-122.78865,America/Los_Angeles
Tangent,OR,44.54123,-123.10815,America/Los_Angeles
Terrebonne,OR,44.3529,-121.17781,America/Los_Angeles
The Dalles,OR,45.59456,-121.17868,America/Los_Angeles
Three Rivers,OR,43.82012,-121.46919,America/Los_Angeles
Tigard,OR,45.43123,-122.77149,America/Los_Angeles
Tillamook,OR,45.4564,-123.84553,America/Los_Angeles
Toledo,OR,44.62151,-123.93845,America/Los_Angeles
Tri-City,OR,42.98456,-123.31173,America/Los_Angeles
Troutdale,OR,45.53929,-122.38731,America/Los_Angeles
Tualatin,OR,45.38401,-122.76399,America/Los_Angeles
Turner,OR,44.84318,-122.95287,America/Los_Angeles
Umatilla,OR,45.91735,-119.34252,America/Los_Angeles
Union,OR,45.20847,-117.86521,America/Los_Angeles
Vale,OR,43.98211,-117.23823,America/Boise
Veneta,OR,44.04873,-123.35093,America/Los_Angeles
Vernonia,OR,45.85872,-123.19289,America/Los_Angeles
Waldport,OR,44.42679,-124.06873,America/Los_Angeles
Warm Springs,OR,44.76345,-121.26616,America/Los_Angeles
Warren,OR,45.819,-122.84899,America/Los_Angeles
Warrenton,OR,46.1651,-123.92376,America/Los_Angeles
West Haven,OR,45.51762,-122.76954,America/Los_Angeles
West Haven-Sylvan,OR,45.51613,-122.76809,America/Los_Angeles
West Linn,OR,45.36568,-122.61231,America/Los_Angeles
West Slope,OR,45.49873,-122.76454,America/Los_Angeles
White City,OR,42.43735,-122.832,America/Los_Angeles
Willamina,OR,45.07873,-123.48594,America/Los_Angeles
Williams,OR,42.21873,-123.27394,America/Los_Angeles
Wilsonville,OR,45.29984,-122.77371,America/Los_Angeles
Winston,OR,43.12234,-123.41257,America/Los_Angeles
Wood Village,OR,45.53429,-122.4187,America/Los_Angeles
Woodburn,OR,45.14373,-122.85537,America/Los_Angeles
Yamhill,OR,45.3415,-123.18733,America/Los_Angeles
Yoncalla,OR,43.59845,-123.28342,America/Los_Angeles
Abbottstown,PA,39.88649,-76.9847,America/New_York
Abington,PA,40.12067,-75.11795,America/New_York
Academy Garden,PA,40.06178,-74.99628,America/New_York
Acme,PA,40.12674,-79.42865,America/New_York
Adamstown,PA,40.2412,-76.05633,America/New_York
Airville,PA,39.83232,-76.40635,America/New_York
Akron,PA,40.15676,-76.20217,America/New_York
Albion,PA,41.89061,-80.36645,America/New_York
Albion,PA,40.95895,-78.94698,America/New_York
Alburtis,PA,40.51093,-75.60297,America/New_York
Aldan,PA,39.9215,-75.28796,America/New_York
Aliquippa,PA,40.63673,-80.24006,America/New_York
Allegheny West,PA,40.00845,-75.17796,America/New_York
Alleghenyville,PA,40.23426,-75.98855,America/New_York
Allen Lane,PA,40.0565,-75.1974,America/New_York
Allentown,PA,40.60843,-75.49018,America/New_York
Allison Park,PA,40.55951,-79.95867,America/New_York
Almedia,PA,41.01453,-76.38105,America/New_York
Altoona,PA,40.51868,-78.39474,America/New_York
Ambler,PA,40.15455,-75.22157,America/New_York
Ambridge,PA,40.58923,-80.22506,America/New_York
Amity Gardens,PA,40.27426,-75.73519,America/New_York
Ancient Oaks,PA,40.54732,-75.58935,America/New_York
Andorra,PA,40.07261,-75.23129,America/New_York
Angora,PA,39.944,-75.23768,America/New_York
Annville,PA,40.32954,-76.51524,America/New_York
Apollo,PA,40.58145,-79.56643,America/New_York
Archbald,PA,41.4948,-75.53685,America/New_York
Ardmore,PA,40.00678,-75.28546,America/New_York
Arlington Heights,PA,40.99009,-75.21629,America/New_York
Arnold,PA,40.58007,-79.76672,America/New_York
Ashland,PA,40.78175,-76.34578,America/New_York
Ashley,PA,41.21036,-75.89659,America/New_York
Aspinwall,PA,40.49146,-79.90477,America/New_York
Atglen,PA,39.94927,-75.97356,America/New_York
Athens,PA,41.9573,-76.518,America/New_York
Audubon,PA,40.12788,-75.43185,America/New_York
Avalon,PA,40.5009,-80.06756,America/New_York
Avis,PA,41.18479,-77.31386,America/New_York
Avoca,PA,41.3398,-75.7363,America/New_York
Avon,PA,40.34565,-76.38996,America/New_York
Avondale,PA,39.82344,-75.78327,America/New_York
Avonia,PA,42.04561,-80.26979,America/New_York
Back Mountain,PA,41.33591,-75.99631,America/New_York
Baden,PA,40.63507,-80.22812,America/New_York
Baidland,PA,40.19479,-79.97088,America/New_York
Bainbridge,PA,40.09093,-76.66747,America/New_York
Bakerstown,PA,40.6509,-79.93644,America/New_York
Bala Cynwyd,PA,40.00761,-75.23407,America/New_York
Baldwin,PA,40.33813,-79.97894,America/New_York
Bally,PA,40.40232,-75.58713,America/New_York
Bangor,PA,40.86565,-75.20657,America/New_York
Barnesboro,PA,40.66257,-78.78003,America/New_York
Bartram Village,PA,39.9303,-75.2169,America/New_York
Bath,PA,40.72565,-75.39407,America/New_York
Bear Rocks,PA,40.12285,-79.4617,America/New_York
Beaver,PA,40.69534,-80.30478,America/New_York
Beaver Falls,PA,40.75201,-80.31923,America/New_York
Beaverdale,PA,40.32202,-78.69696,America/New_York
Bedford,PA,40.01869,-78.50391,America/New_York
Bedminster,PA,40.42594,-75.17906,America/New_York
Beech Mountain Lakes,PA,41.04158,-75.93545,America/New_York
Belfast,PA,40.78065,-75.27796,America/New_York
Bell Acres,PA,40.59007,-80.16645,America/New_York
Bell Road (historical),PA,39.90678,-75.23379,America/New_York
Bella Vista,PA,39.93539,-75.15712,America/New_York
Belle Vernon,PA,40.12507,-79.86644,America/New_York
Bellefonte,PA,40.91339,-77.77833,America/New_York
Belleville,PA,40.60507,-77.72555,America/New_York
Bellevue,PA,40.49396,-80.05172,America/New_York
Bellwood,PA,40.6034,-78.32474,America/New_York
Belmont,PA,39.96567,-75.2024,America/New_York
Belmont,PA,40.2873,-78.88947,America/New_York
Ben Avon,PA,40.50812,-80.08311,America/New_York
Bensalem,PA,40.10455,-74.95128,America/New_York
Bentleyville,PA,40.11674,-80.00839,America/New_York
Berlin,PA,39.92064,-78.9578,America/New_York
Berwick,PA,41.05453,-76.23327,America/New_York
Berwyn,PA,40.04483,-75.43881,America/New_York
Bessemer,PA,40.97478,-80.49368,America/New_York
Bethel Park,PA,40.32757,-80.0395,America/New_York
Bethlehem,PA,40.62593,-75.37046,America/New_York
Big Bass Lake,PA,41.25383,-75.47644,America/New_York
Big Beaver,PA,40.82451,-80.36284,America/New_York
Biglerville,PA,39.93037,-77.24804,America/New_York
Birchwood Lakes,PA,41.25454,-74.9185,America/New_York
Birdsboro,PA,40.26454,-75.80409,America/New_York
Black Lick,PA,40.4725,-79.18688,America/New_York
Blairsville,PA,40.43118,-79.26087,America/New_York
Blakely,PA,41.48091,-75.59463,America/New_York
Blandon,PA,40.4412,-75.88687,America/New_York
Blawnox,PA,40.4934,-79.86061,America/New_York
Bloomfield,PA,40.4609,-79.95089,America/New_York
Bloomsburg,PA,41.0037,-76.45495,America/New_York
Blossburg,PA,41.67952,-77.06386,America/New_York
Blue Ball,PA,40.11871,-76.04717,America/New_York
Blue Bell,PA,40.15233,-75.26629,America/New_York
Blue Grass,PA,40.06567,-75.02739,America/New_York
Boalsburg,PA,40.77562,-77.7925,America/New_York
Boiling Springs,PA,40.14981,-77.12831,America/New_York
Bonneauville,PA,39.81204,-77.13721,America/New_York
Boothwyn,PA,39.83011,-75.44158,America/New_York
Boswell,PA,40.16147,-79.02892,America/New_York
Bowmansville,PA,40.19676,-76.01744,America/New_York
Boyertown,PA,40.33371,-75.63741,America/New_York
Brackenridge,PA,40.60812,-79.74116,America/New_York
Braddock,PA,40.4034,-79.86838,America/New_York
Braddock Hills,PA,40.41729,-79.86505,America/New_York
Bradford,PA,41.9559,-78.64392,America/New_York
Bradford Woods,PA,40.63757,-80.08172,America/New_York
Breinigsville,PA,40.53676,-75.6313,America/New_York
Brentwood,PA,40.37063,-79.97477,America/New_York
Bressler,PA,40.22953,-76.81997,America/New_York
Brewerytown,PA,39.97706,-75.18185,America/New_York
Brickerville,PA,40.22593,-76.30246,America/New_York
Bridesburg,PA,40.00039,-75.06962,America/New_York
Bridgeport,PA,40.10511,-75.34518,America/New_York
Bridgeville,PA,40.35618,-80.11006,America/New_York
Bristol,PA,40.10067,-74.85183,America/New_York
Brittany Farms-Highlands,PA,40.26901,-75.21401,America/New_York
Brockway,PA,41.24923,-78.79947,America/New_York
Brodheadsville,PA,40.92454,-75.39379,America/New_York
Brookhaven,PA,39.86928,-75.38241,America/New_York
Brookville,PA,41.16117,-79.08309,America/New_York
Broomall,PA,39.9815,-75.35658,America/New_York
Brownstown,PA,40.12371,-76.21384,America/New_York
Brownsville,PA,40.02369,-79.88394,America/New_York
Browntown,PA,41.3098,-75.78742,America/New_York
Bryn Athyn,PA,40.1315,-75.06739,America/New_York
Bryn Mawr,PA,40.30396,-80.08672,America/New_York
Bryn Mawr,PA,40.01983,-75.30463,America/New_York
Burgettstown,PA,40.38201,-80.39284,America/New_York
Burnham,PA,40.63868,-77.56861,America/New_York
Bustleton,PA,40.08261,-75.03156,America/New_York
Butler,PA,40.86118,-79.89533,America/New_York
California,PA,40.06563,-79.89171,America/New_York
Caln,PA,39.99094,-75.78022,America/New_York
Calumet,PA,40.2109,-79.48532,America/New_York
Cambridge Springs,PA,41.80367,-80.05644,America/New_York
Camp Hill,PA,40.23981,-76.91997,America/New_York
Campbelltown,PA,40.27759,-76.58525,America/New_York
Canadensis,PA,41.19204,-75.25129,America/New_York
Canonsburg,PA,40.26257,-80.18728,America/New_York
Canton,PA,41.65646,-76.85329,America/New_York
Carbondale,PA,41.57369,-75.50185,America/New_York
Carlisle,PA,40.20148,-77.18887,America/New_York
Carnegie,PA,40.40868,-80.08339,America/New_York
Carnot-Moon,PA,40.51856,-80.21736,America/New_York
Carpenter,PA,40.05233,-75.20018,America/New_York
Carroll Park,PA,39.97095,-75.23657,America/New_York
Carroll Valley,PA,39.74926,-77.38304,America/New_York
Castanea,PA,41.12479,-77.4297,America/New_York
Castle Shannon,PA,40.36479,-80.02228,America/New_York
Catasauqua,PA,40.65482,-75.47463,America/New_York
Catawissa,PA,40.95203,-76.45967,America/New_York
Cecil-Bishop,PA,40.31819,-80.19331,America/New_York
Cedar Park,PA,39.95039,-75.2274,America/New_York
Cedarbrook,PA,40.07799,-75.17675,America/New_York
Cementon,PA,40.68926,-75.50768,America/New_York
Center City,PA,39.9512,-75.15923,America/New_York
Centerville,PA,40.04535,-79.97561,America/New_York
Central City,PA,40.11063,-78.80197,America/New_York
Centre Hall,PA,40.84756,-77.68611,America/New_York
Cetronia,PA,40.58676,-75.52963,America/New_York
Chalfont,PA,40.28844,-75.20906,America/New_York
Chambersburg,PA,39.93759,-77.6611,America/New_York
Charleroi,PA,40.13785,-79.8981,America/New_York
Cheltenham,PA,40.06094,-75.09406,America/New_York
Cherryville,PA,40.75398,-75.53852,America/New_York
Chester,PA,39.84753,-75.35785,America/New_York
Chester Heights,PA,39.89011,-75.47548,America/New_York
Chester Springs,PA,40.0951,-75.61687,America/New_York
Chesterbrook,PA,40.07566,-75.45908,America/New_York
Chestnut Hill,PA,40.07706,-75.2074,America/New_York
Cheswick,PA,40.54173,-79.79922,America/New_York
Chevy Chase Heights,PA,40.63673,-79.1442,America/New_York
Chicora,PA,40.94812,-79.74283,America/New_York
Chinatown,PA,39.95345,-75.15462,America/New_York
Chinchilla,PA,41.47508,-75.67713,America/New_York
Christiana,PA,39.95483,-75.99689,America/New_York
Church Hill,PA,40.68201,-77.59861,America/New_York
Churchill,PA,40.4384,-79.8431,America/New_York
Churchville,PA,40.194,-75.004,America/New_York
Clairton,PA,40.29229,-79.88171,America/New_York
Clarion,PA,41.21479,-79.38532,America/New_York
Clarks Green,PA,41.49286,-75.69964,America/New_York
Clarks Summit,PA,41.48869,-75.70852,America/New_York
Clay,PA,40.21843,-76.25551,America/New_York
Claysburg,PA,40.29674,-78.44974,America/New_York
Clearfield,PA,41.02728,-78.43919,America/New_York
Cleona,PA,40.33731,-76.47552,America/New_York
Clifton Heights,PA,39.92928,-75.2963,America/New_York
Clymer,PA,40.66812,-79.0117,America/New_York
Coaldale,PA,40.82287,-75.90687,America/New_York
Coatesville,PA,39.98316,-75.82384,America/New_York
Cobbs Creek,PA,39.94761,-75.24018,America/New_York
Cochranton,PA,41.52005,-80.04839,America/New_York
Collegeville,PA,40.18566,-75.45157,America/New_York
Collingdale,PA,39.91178,-75.27713,America/New_York
Collinsburg,PA,40.22424,-79.76838,America/New_York
Colonial Park,PA,40.30064,-76.80969,America/New_York
Colony Park,PA,40.34683,-75.9824,America/New_York
Columbia,PA,40.03371,-76.50441,America/New_York
Colwyn,PA,39.91234,-75.25379,America/New_York
Conashaugh Lakes,PA,41.30593,-74.98962,America/New_York
Conemaugh,PA,40.326,-78.897,America/New_York
Conestoga,PA,39.94066,-76.34635,America/New_York
Conneaut Lakeshore,PA,41.62711,-80.31008,America/New_York
Connellsville,PA,40.01785,-79.58948,America/New_York
Conshohocken,PA,40.07928,-75.30157,America/New_York
Conway,PA,40.65979,-80.23923,America/New_York
Conyngham,PA,40.99203,-76.05659,America/New_York
Coopersburg,PA,40.51149,-75.39046,America/New_York
Coplay,PA,40.6701,-75.49546,America/New_York
Coraopolis,PA,40.5184,-80.16672,America/New_York
Cornwall,PA,40.2737,-76.40607,America/New_York
Cornwells Heights,PA,40.07678,-74.94878,America/New_York
Corry,PA,41.92033,-79.64033,America/New_York
Coudersport,PA,41.77479,-78.02056,America/New_York
Crafton,PA,40.43507,-80.06617,America/New_York
Cranberry Township,PA,40.68496,-80.10714,America/New_York
Cresco,PA,41.15398,-75.28046,America/New_York
Cresson,PA,40.45979,-78.59168,America/New_York
Cressona,PA,40.62676,-76.19272,America/New_York
Croydon,PA,40.08733,-74.9035,America/New_York
Curtisville,PA,40.64229,-79.85089,America/New_York
Curwensville,PA,40.97561,-78.52502,America/New_York
Dale,PA,40.31285,-78.90419,America/New_York
Dallas,PA,41.33619,-75.96325,America/New_York
Dallastown,PA,39.89954,-76.64025,America/New_York
Dalton,PA,41.53424,-75.73603,America/New_York
Danville,PA,40.96342,-76.61273,America/New_York
Darby,PA,39.91845,-75.25907,America/New_York
Davidsville,PA,40.22702,-78.93641,America/New_York
Delmont,PA,40.41312,-79.57032,America/New_York
Denver,PA,40.23315,-76.13717,America/New_York
Derry,PA,40.33396,-79.29976,America/New_York
Devon,PA,40.04928,-75.42908,America/New_York
Dewart,PA,41.10925,-76.87663,America/New_York
Dickson City,PA,41.47147,-75.60769,America/New_York
Dillsburg,PA,40.11093,-77.03498,America/New_York
Donora,PA,40.1734,-79.85755,America/New_York
Dormont,PA,40.3959,-80.03311,America/New_York
Dorneyville,PA,40.5751,-75.51963,America/New_York
Dover,PA,40.00176,-76.85025,America/New_York
Downingtown,PA,40.0065,-75.70327,America/New_York
Doylestown,PA,40.31011,-75.12989,America/New_York
Dravosburg,PA,40.35063,-79.88616,America/New_York
Dresher,PA,40.14094,-75.16684,America/New_York
Drexel Hill,PA,39.94706,-75.29213,America/New_York
DuBois,PA,41.11923,-78.76003,America/New_York
Dublin,PA,40.37177,-75.20156,America/New_York
Duboistown,PA,41.22258,-77.03691,America/New_York
Dunbar,PA,39.97785,-79.61448,America/New_York
Duncannon,PA,40.39814,-77.02303,America/New_York
Duncansville,PA,40.42341,-78.4339,America/New_York
Dunmore,PA,41.4198,-75.63241,America/New_York
Dunnstown,PA,41.1459,-77.42137,America/New_York
Dupont,PA,41.32508,-75.74547,America/New_York
Duquesne,PA,40.38146,-79.85977,America/New_York
Duryea,PA,41.34397,-75.73853,America/New_York
Eagleview,PA,40.05938,-75.68076,America/New_York
Eagleville,PA,40.15955,-75.40824,America/New_York
Earlston,PA,40.00619,-78.37001,America/New_York
East Bangor,PA,40.87954,-75.18379,America/New_York
East Berlin,PA,39.9376,-76.97859,America/New_York
East Berwick,PA,41.06203,-76.22243,America/New_York
East Conemaugh,PA,40.34868,-78.88364,America/New_York
East Earl,PA,40.1101,-76.03272,America/New_York
East Falls,PA,40.01456,-75.19157,America/New_York
East Greenville,PA,40.40649,-75.50185,America/New_York
East Lansdowne,PA,39.94567,-75.26129,America/New_York
East McKeesport,PA,40.38312,-79.80644,America/New_York
East Mount Airy,PA,40.0645,-75.1875,America/New_York
East Norriton,PA,40.15043,-75.33637,America/New_York
East Oak Lane,PA,40.05011,-75.13295,America/New_York
East Petersburg,PA,40.1001,-76.35413,America/New_York
East Pittsburgh,PA,40.39562,-79.83866,America/New_York
East Stroudsburg,PA,40.99954,-75.18129,America/New_York
East Uniontown,PA,39.8998,-79.69782,America/New_York
East Washington,PA,40.17368,-80.23756,America/New_York
East York,PA,39.97371,-76.68636,America/New_York
Eastlawn Gardens,PA,40.75065,-75.29573,America/New_York
Easton,PA,40.68843,-75.22073,America/New_York
Eastwick,PA,39.89039,-75.2424,America/New_York
Ebensburg,PA,40.48507,-78.72474,America/New_York
Economy,PA,40.60007,-80.22478,America/New_York
Eddington,PA,40.08456,-74.94489,America/New_York
Eddystone,PA,39.86011,-75.34436,America/New_York
Edgewood,PA,40.43201,-79.88144,America/New_York
Edgewood,PA,40.78842,-76.57246,America/New_York
Edgeworth,PA,40.55118,-80.19284,America/New_York
Edinboro,PA,41.87422,-80.13172,America/New_York
Edwardsville,PA,41.26953,-75.91631,America/New_York
Effort,PA,40.93926,-75.43491,America/New_York
Egypt,PA,40.6801,-75.52991,America/New_York
Elim,PA,40.29785,-78.94253,America/New_York
Elizabeth,PA,40.26924,-79.88977,America/New_York
Elizabethtown,PA,40.15287,-76.60275,America/New_York
Elizabethville,PA,40.54897,-76.81192,America/New_York
Elkins Park,PA,40.07706,-75.12684,America/New_York
Elkland,PA,41.98618,-77.31081,America/New_York
Ellport,PA,40.86395,-80.25895,America/New_York
Ellwood City,PA,40.86173,-80.28645,America/New_York
Elmwood,PA,39.91789,-75.22796,America/New_York
Elverson,PA,40.15676,-75.83271,America/New_York
Elysburg,PA,40.86453,-76.55246,America/New_York
Emerald Lakes,PA,41.08842,-75.41963,America/New_York
Emigsville,PA,40.02176,-76.72802,America/New_York
Emmaus,PA,40.53954,-75.49685,America/New_York
Emporium,PA,41.51145,-78.23529,America/New_York
Emsworth,PA,40.51007,-80.0945,America/New_York
Enhaut,PA,40.23176,-76.82692,America/New_York
Enlow,PA,40.45423,-80.23311,America/New_York
Enola,PA,40.29009,-76.93386,America/New_York
Ephrata,PA,40.17982,-76.17884,America/New_York
Erie,PA,42.12922,-80.08506,America/New_York
Espy,PA,41.0062,-76.40994,America/New_York
Etna,PA,40.50424,-79.94894,America/New_York
Evans City,PA,40.76923,-80.06284,America/New_York
Evansburg,PA,40.18094,-75.42907,America/New_York
Everett,PA,40.01147,-78.37335,America/New_York
Exeter,PA,41.32064,-75.81908,America/New_York
Exton,PA,40.029,-75.62077,America/New_York
Factoryville,PA,40.82482,-75.20962,America/New_York
Factoryville,PA,41.56313,-75.78269,America/New_York
Fairchance,PA,39.8248,-79.75449,America/New_York
Fairdale,PA,39.88702,-79.96811,America/New_York
Fairhope,PA,40.11368,-79.83977,America/New_York
Fairless Hills,PA,40.17955,-74.85516,America/New_York
Fairmount,PA,39.97233,-75.18101,America/New_York
Fairview,PA,42.03145,-80.25534,America/New_York
Fairview-Ferndale,PA,40.78037,-76.57528,America/New_York
Falls Creek,PA,41.14506,-78.80447,America/New_York
Farrell,PA,41.21228,-80.49674,America/New_York
Faxon,PA,41.24841,-76.97719,America/New_York
Fayetteville,PA,39.9112,-77.54999,America/New_York
Feasterville,PA,40.15,-74.997,America/New_York
Fellsburg,PA,40.18313,-79.82421,America/New_York
Ferndale,PA,40.28896,-78.91475,America/New_York
Fernway,PA,40.69479,-80.13089,America/New_York
Fishtown,PA,39.96511,-75.13545,America/New_York
Fivepointville,PA,40.18287,-76.05106,America/New_York
Fleetwood,PA,40.45398,-75.81798,America/New_York
Flemington,PA,41.12646,-77.47165,America/New_York
Flourtown,PA,40.10344,-75.2124,America/New_York
Flying Hills,PA,40.27676,-75.9141,America/New_York
Folcroft,PA,39.89095,-75.2838,America/New_York
Folsom,PA,39.88983,-75.32519,America/New_York
Ford City,PA,40.77229,-79.52977,America/New_York
Forest City,PA,41.65147,-75.46657,America/New_York
Forest Hills,PA,40.41979,-79.85005,America/New_York
Fort Washington,PA,40.14178,-75.20906,America/New_York
Forty Fort,PA,41.27897,-75.87825,America/New_York
Foster Brook,PA,41.97506,-78.61725,America/New_York
Fountain Hill,PA,40.60149,-75.39518,America/New_York
Fox Chapel,PA,40.5134,-79.87977,America/New_York
Fox Chase,PA,40.08122,-75.08017,America/New_York
Fox Chase,PA,40.39557,-75.96216,America/New_York
Fox Run,PA,40.70229,-80.08284,America/New_York
Frackville,PA,40.78398,-76.23022,America/New_York
Frankford,PA,40.01384,-75.07859,America/New_York
Franklin,PA,41.39784,-79.83144,America/New_York
Franklin Park,PA,40.5834,-80.08784,America/New_York
Fredericksburg,PA,40.4437,-76.42829,America/New_York
Freedom,PA,40.68562,-80.25173,America/New_York
Freeland,PA,41.01675,-75.89714,America/New_York
Freemansburg,PA,40.62649,-75.34574,America/New_York
Freeport,PA,40.67395,-79.68477,America/New_York
Friedens,PA,40.05008,-78.99836,America/New_York
Fullerton,PA,40.63176,-75.47324,America/New_York
Galeton,PA,41.73312,-77.64193,America/New_York
Gallitzin,PA,40.48229,-78.55168,America/New_York
Gap,PA,39.98732,-76.02051,America/New_York
Garden Court,PA,39.95309,-75.22141,America/New_York
Garden View,PA,41.25424,-77.04608,America/New_York
Gastonville,PA,40.25729,-79.99588,America/New_York
Geistown,PA,40.29091,-78.86891,America/New_York
Georgetown,PA,39.9376,-76.08329,America/New_York
Georgetown,PA,41.2273,-75.86881,America/New_York
Germantown,PA,40.04344,-75.18018,America/New_York
Gettysburg,PA,39.83093,-77.2311,America/New_York
Gibsonia,PA,40.63007,-79.9695,America/New_York
Gilbertsville,PA,40.3201,-75.61018,America/New_York
Girard,PA,42.00033,-80.31812,America/New_York
Girard Estate,PA,39.92345,-75.18462,America/New_York
Girardville,PA,40.79148,-76.28356,America/New_York
Glassport,PA,40.32479,-79.89227,America/New_York
Glen Lyon,PA,41.17508,-76.07465,America/New_York
Glen Rock,PA,39.79316,-76.73025,America/New_York
Glen Willow,PA,40.03483,-75.22574,America/New_York
Glenolden,PA,39.90011,-75.28907,America/New_York
Glenshaw,PA,40.53285,-79.96755,America/New_York
Glenside,PA,40.10233,-75.15212,America/New_York
Gold Key Lake,PA,41.30593,-74.9385,America/New_York
Grantley,PA,39.94038,-76.72913,America/New_York
Grays Ferry,PA,39.93511,-75.19212,America/New_York
Green Tree,PA,40.41174,-80.04561,America/New_York
Greencastle,PA,39.79037,-77.72777,America/New_York
Greenfields,PA,40.3599,-75.95199,America/New_York
Greenock,PA,40.31229,-79.80671,America/New_York
Greensburg,PA,40.30146,-79.53893,America/New_York
Greenville,PA,41.4045,-80.39118,America/New_York
Greenwood,PA,40.5359,-78.35751,America/New_York
Grill,PA,40.2987,-75.94049,America/New_York
Grove City,PA,41.15784,-80.08867,America/New_York
Guilford,PA,39.91541,-77.60105,America/New_York
Guilford Siding,PA,39.86537,-77.61249,America/New_York
Haddington,PA,39.96578,-75.23764,America/New_York
Halfway House,PA,40.28204,-75.64324,America/New_York
Hallam,PA,40.00482,-76.60413,America/New_York
Hallstead,PA,41.96119,-75.74324,America/New_York
Hamburg,PA,40.55565,-75.98188,America/New_York
Hanover,PA,39.80066,-76.98304,America/New_York
Harleigh,PA,40.98064,-75.97131,America/New_York
Harleysville,PA,40.27955,-75.38712,America/New_York
Harrisburg,PA,40.2737,-76.88442,America/New_York
Hartranft,PA,39.98483,-75.14712,America/New_York
Harveys Lake,PA,41.38341,-76.02465,America/New_York
Hasson Heights,PA,41.44895,-79.677,America/New_York
Hastings,PA,40.66507,-78.71225,America/New_York
Hatboro,PA,40.17428,-75.10684,America/New_York
Hatfield,PA,40.27983,-75.29934,America/New_York
Havertown,PA,39.98095,-75.30852,America/New_York
Hawley,PA,41.47592,-75.18212,America/New_York
Hawthorne,PA,39.93595,-75.16712,America/New_York
Hazleton,PA,40.95842,-75.97465,America/New_York
Hebron,PA,40.33898,-76.3994,America/New_York
Heidelberg,PA,40.39229,-80.09089,America/New_York
Hellertown,PA,40.57954,-75.34073,America/New_York
Hemlock Farms,PA,41.32676,-75.03656,America/New_York
Hermitage,PA,41.23339,-80.44868,America/New_York
Hershey,PA,40.28592,-76.65025,America/New_York
Highland Park,PA,40.62091,-77.56805,America/New_York
Highspire,PA,40.21092,-76.79108,America/New_York
Hilldale,PA,41.28925,-75.83631,America/New_York
Hiller,PA,40.01035,-79.90088,America/New_York
Hokendauqua,PA,40.66204,-75.49102,America/New_York
Hollidaysburg,PA,40.42729,-78.3889,America/New_York
Holmesburg,PA,40.0415,-75.02795,America/New_York
Homeacre-Lyndora,PA,40.87206,-79.9206,America/New_York
Homer City,PA,40.5434,-79.16226,America/New_York
Homestead,PA,40.4059,-79.91199,America/New_York
Hometown,PA,40.8237,-75.9802,America/New_York
Honesdale,PA,41.57676,-75.25879,America/New_York
Honey Brook,PA,40.09427,-75.91133,America/New_York
Hopwood,PA,39.87702,-79.70199,America/New_York
Horsham,PA,40.17844,-75.12851,America/New_York
Houserville,PA,40.82395,-77.82889,America/New_York
Houston,PA,40.24646,-80.21145,America/New_York
Hudson,PA,41.2748,-75.83603,America/New_York
Hughestown,PA,41.32702,-75.77325,America/New_York
Hughesville,PA,41.24119,-76.72385,America/New_York
Hummels Wharf,PA,40.83175,-76.8358,America/New_York
Hummelstown,PA,40.26537,-76.7083,America/New_York
Hunting Park,PA,40.0165,-75.14379,America/New_York
Huntingdon,PA,40.4848,-78.01028,America/New_York
Hyde,PA,41.00256,-78.46252,America/New_York
Hyde Park,PA,40.37732,-75.92521,America/New_York
Imperial,PA,40.44951,-80.2445,America/New_York
Indian Mountain Lake,PA,41.00314,-75.50824,America/New_York
Indiana,PA,40.62146,-79.15253,America/New_York
Industry,PA,40.64451,-80.41618,America/New_York
Industry,PA,40.26451,-79.79227,America/New_York
Ingram,PA,40.44618,-80.06755,America/New_York
Inkerman,PA,41.29897,-75.81269,America/New_York
Intercourse,PA,40.0376,-76.10495,America/New_York
Irwin,PA,40.32451,-79.70115,America/New_York
Ivyland,PA,40.20789,-75.07267,America/New_York
Jacksonwald,PA,40.32454,-75.84965,America/New_York
Jacobus,PA,39.88316,-76.71052,America/New_York
Jeannette,PA,40.32812,-79.61532,America/New_York
Jefferson Hills,PA,40.29118,-79.93199,America/New_York
Jenkintown,PA,40.09594,-75.12517,America/New_York
Jermyn,PA,41.53091,-75.54546,America/New_York
Jerome,PA,40.20896,-78.98364,America/New_York
Jersey Shore,PA,41.20202,-77.26442,America/New_York
Jessup,PA,41.46869,-75.56213,America/New_York
Jim Thorpe,PA,40.87592,-75.73241,America/New_York
Johnsonburg,PA,41.49062,-78.67503,America/New_York
Johnsonburg,PA,40.88618,-78.87781,America/New_York
Johnstown,PA,40.32674,-78.92197,America/New_York
Jonestown,PA,40.4137,-76.4783,America/New_York
Juniata Park,PA,40.00845,-75.10879,America/New_York
Kane,PA,41.66284,-78.81114,America/New_York
Kenhorst,PA,40.31065,-75.93938,America/New_York
Kenilworth,PA,40.23149,-75.63408,America/New_York
Kenmar,PA,41.25341,-76.95941,America/New_York
Kennedy Township,PA,40.47763,-80.10313,America/New_York
Kennett Square,PA,39.84678,-75.7116,America/New_York
Kensington,PA,39.98595,-75.13184,America/New_York
King of Prussia,PA,40.08927,-75.39602,America/New_York
Kingsessing,PA,39.93678,-75.22963,America/New_York
Kingston,PA,41.26175,-75.89686,America/New_York
Kittanning,PA,40.81645,-79.52199,America/New_York
Knox,PA,41.23451,-79.53727,America/New_York
Kulpmont,PA,40.79342,-76.47245,America/New_York
Kulpsville,PA,40.24288,-75.33656,America/New_York
Kutztown,PA,40.51732,-75.77742,America/New_York
Lafayette Hill,PA,40.09245,-75.2533,America/New_York
Laflin,PA,41.28897,-75.80547,America/New_York
Lake City,PA,42.01422,-80.34534,America/New_York
Lake Heritage,PA,39.80954,-77.18387,America/New_York
Lake Latonka,PA,41.29039,-80.18129,America/New_York
Lake Meade,PA,39.9851,-77.0372,America/New_York
Lake Wynonah,PA,40.59926,-76.16383,America/New_York
Lakemont,PA,40.47285,-78.38835,America/New_York
Lampeter,PA,39.9901,-76.23968,America/New_York
Lancaster,PA,40.03788,-76.30551,America/New_York
Landenberg,PA,39.77733,-75.77133,America/New_York
Landisville,PA,40.09537,-76.40996,America/New_York
Langhorne,PA,40.17455,-74.92267,America/New_York
Langhorne Manor,PA,40.16705,-74.91767,America/New_York
Lansdale,PA,40.2415,-75.28379,America/New_York
Lansdowne,PA,39.93817,-75.27185,America/New_York
Lansford,PA,40.83176,-75.88242,America/New_York
Laporte,PA,41.42397,-76.49411,America/New_York
Larksville,PA,41.24508,-75.93075,America/New_York
Latrobe,PA,40.32118,-79.37948,America/New_York
Laureldale,PA,40.38815,-75.91798,America/New_York
Laurys Station,PA,40.72315,-75.53018,America/New_York
Lawndale,PA,40.05039,-75.09156,America/New_York
Lawnton,PA,40.25842,-76.80386,America/New_York
Lawrence Park,PA,40.34564,-76.8008,America/New_York
Lawrence Park,PA,42.15228,-80.02311,America/New_York
Lawson Heights,PA,40.29174,-79.3892,America/New_York
Lebanon,PA,40.34093,-76.41135,America/New_York
Lebanon South,PA,40.32804,-76.40644,America/New_York
Leechburg,PA,40.62701,-79.6056,America/New_York
Leesport,PA,40.44704,-75.96632,America/New_York
Leetsdale,PA,40.56312,-80.20839,America/New_York
Lehighton,PA,40.8337,-75.7138,America/New_York
Leith-Hatfield,PA,39.87744,-79.73133,America/New_York
Lemont,PA,40.81062,-77.81833,America/New_York
Lemoyne,PA,40.2412,-76.89414,America/New_York
Lenape Heights,PA,40.76423,-79.5206,America/New_York
Leola,PA,40.08787,-76.18495,America/New_York
Level Green,PA,40.3934,-79.72032,America/New_York
Levittown,PA,40.15511,-74.82877,America/New_York
Lewisburg,PA,40.96453,-76.88441,America/New_York
Lewistown,PA,40.59924,-77.57138,America/New_York
Lexington Park,PA,40.05344,-75.04628,America/New_York
Liberty,PA,40.32535,-79.85616,America/New_York
Light Street,PA,41.0362,-76.42356,America/New_York
Ligonier,PA,40.24313,-79.23753,America/New_York
Lima,PA,39.91733,-75.44047,America/New_York
Limerick,PA,40.23093,-75.52212,America/New_York
Lincoln,PA,40.31896,-79.85477,America/New_York
Lincoln Park,PA,40.31481,-75.98549,America/New_York
Linglestown,PA,40.33398,-76.78914,America/New_York
Linntown,PA,40.95897,-76.89913,America/New_York
Linwood,PA,39.8265,-75.42547,America/New_York
Lionville,PA,40.05372,-75.65993,America/New_York
Lititz,PA,40.15732,-76.3069,America/New_York
Littlestown,PA,39.74454,-77.08804,America/New_York
Lock Haven,PA,41.13701,-77.44693,America/New_York
Logan,PA,40.02845,-75.15157,America/New_York
Logan Square,PA,39.95569,-75.17054,America/New_York
Loganville,PA,39.85566,-76.70747,America/New_York
Lorane,PA,40.28843,-75.85465,America/New_York
Loretto,PA,40.50313,-78.6303,America/New_York
Lower Allen,PA,40.22648,-76.90053,America/New_York
Lower Burrell,PA,40.55312,-79.75727,America/New_York
Lower Moyamensing,PA,39.91956,-75.16475,America/New_York
Loyalhanna,PA,40.32257,-79.36226,America/New_York
Ludlow,PA,39.97206,-75.14629,America/New_York
Luzerne,PA,39.99924,-79.96283,America/New_York
Luzerne,PA,41.28564,-75.90103,America/New_York
Lykens,PA,40.56675,-76.70052,America/New_York
Lynnwood-Pricedale,PA,40.13071,-79.85135,America/New_York
Macungie,PA,40.51593,-75.55519,America/New_York
Mahanoy City,PA,40.81259,-76.1416,America/New_York
Malvern,PA,40.03622,-75.51381,America/New_York
Manayunk,PA,40.02456,-75.21407,America/New_York
Manchester,PA,40.06315,-76.7183,America/New_York
Manheim,PA,40.16343,-76.39496,America/New_York
Manor,PA,40.33396,-79.67004,America/New_York
Mansfield,PA,41.8073,-77.07747,America/New_York
Mantua,PA,39.96261,-75.19129,America/New_York
Maple Glen,PA,40.01563,-79.97672,America/New_York
Maple Glen,PA,40.17928,-75.18045,America/New_York
Marcus Hook,PA,39.81928,-75.41853,America/New_York
Marianne,PA,41.24645,-79.42893,America/New_York
Marienville,PA,41.46895,-79.1231,America/New_York
Marietta,PA,40.05704,-76.55219,America/New_York
Mars,PA,40.6959,-80.01173,America/New_York
Marshallton,PA,40.78675,-76.5394,America/New_York
Martinsburg,PA,40.31119,-78.32418,America/New_York
Marysville,PA,40.34259,-76.92997,America/New_York
Masontown,PA,39.84674,-79.89978,America/New_York
Matamoras,PA,40.44009,-76.93331,America/New_York
Matamoras,PA,41.3687,-74.70016,America/New_York
Mayfield,PA,41.53814,-75.53602,America/New_York
Mayfield,PA,40.13618,-79.59782,America/New_York
Maytown,PA,40.07537,-76.58219,America/New_York
McAdoo,PA,40.90127,-75.99106,America/New_York
McConnellsburg,PA,39.93259,-77.99889,America/New_York
McConnellstown,PA,40.45257,-78.08167,America/New_York
McDonald,PA,40.3709,-80.23478,America/New_York
McGovern,PA,40.22896,-80.21645,America/New_York
McKees Rocks,PA,40.46562,-80.06561,America/New_York
McKeesport,PA,40.34785,-79.86422,America/New_York
McMurray,PA,40.27785,-80.08394,America/New_York
McSherrystown,PA,39.80732,-77.01137,America/New_York
Meadowood,PA,40.84201,-79.89394,America/New_York
Meadville,PA,41.64144,-80.15145,America/New_York
Mechanicsburg,PA,40.21426,-77.00859,America/New_York
Mechanicsville,PA,40.96648,-76.58662,America/New_York
Media,PA,39.91678,-75.38769,America/New_York
Mercer,PA,41.227,-80.23979,America/New_York
Mercersburg,PA,39.82787,-77.90333,America/New_York
Meridian,PA,40.8484,-79.962,America/New_York
Mermaid,PA,40.079,-75.17823,America/New_York
Meyersdale,PA,39.81369,-79.02475,America/New_York
Middleburg,PA,40.78592,-77.0472,America/New_York
Middletown,PA,40.19981,-76.73108,America/New_York
Middletown,PA,40.64399,-75.3324,America/New_York
Midland,PA,40.63257,-80.44645,America/New_York
Midland,PA,40.25896,-80.21811,America/New_York
Midway,PA,39.80843,-77.00276,America/New_York
Mifflinburg,PA,40.91758,-77.04775,America/New_York
Mifflintown,PA,40.5698,-77.39693,America/New_York
Mifflinville,PA,41.03231,-76.30799,America/New_York
Milesburg,PA,40.94173,-77.785,America/New_York
Milford,PA,39.95313,-79.10419,America/New_York
Milford,PA,41.32232,-74.80239,America/New_York
Mill Creek,PA,39.96622,-75.21546,America/New_York
Mill Hall,PA,41.10729,-77.48443,America/New_York
Millbourne,PA,39.96345,-75.25018,America/New_York
Millersburg,PA,40.53953,-76.96081,America/New_York
Millersville,PA,39.99788,-76.35413,America/New_York
Millvale,PA,40.48007,-79.97839,America/New_York
Milroy,PA,40.71396,-77.59055,America/New_York
Milton,PA,41.01203,-76.84774,America/New_York
Minersville,PA,40.69065,-76.26217,America/New_York
Modena Park,PA,40.07844,-74.98795,America/New_York
Mohnton,PA,40.28593,-75.98438,America/New_York
Monaca,PA,40.68729,-80.27145,America/New_York
Monessen,PA,40.14841,-79.88783,America/New_York
Monongahela,PA,40.20313,-79.92616,America/New_York
Monroeville,PA,40.42118,-79.7881,America/New_York
Mont Alto,PA,39.84426,-77.55832,America/New_York
Montgomery,PA,41.17036,-76.87691,America/New_York
Montgomeryville,PA,40.24733,-75.24379,America/New_York
Montoursville,PA,41.25425,-76.92052,America/New_York
Montrose,PA,40.30648,-75.98771,America/New_York
Montrose,PA,41.83397,-75.87714,America/New_York
Moosic,PA,41.35341,-75.73825,America/New_York
Morrell Park,PA,40.07344,-74.9885,America/New_York
Morrisville,PA,39.8948,-80.16173,America/New_York
Morrisville,PA,40.2115,-74.78794,America/New_York
Morton,PA,39.90983,-75.32352,America/New_York
Morton,PA,40.04178,-75.18296,America/New_York
Moscow,PA,41.33675,-75.51852,America/New_York
Mount Carmel,PA,40.79703,-76.4119,America/New_York
Mount Cobb,PA,41.41342,-75.49324,America/New_York
Mount Holly Springs,PA,40.11842,-77.18998,America/New_York
Mount Joy,PA,40.10982,-76.5033,America/New_York
Mount Lebanon,PA,40.35535,-80.0495,America/New_York
Mount Oliver,PA,40.41424,-79.98783,America/New_York
Mount Penn,PA,40.32815,-75.89076,America/New_York
Mount Pleasant,PA,39.73371,-77.07554,America/New_York
Mount Pleasant,PA,40.06011,-75.18295,America/New_York
Mount Pleasant,PA,40.14896,-79.54115,America/New_York
Mount Pocono,PA,41.12203,-75.36463,America/New_York
Mount Union,PA,40.38452,-77.88222,America/New_York
Mount Wolf,PA,40.06315,-76.70386,America/New_York
Mountain Top,PA,41.16953,-75.87742,America/New_York
Mountainhome,PA,41.1737,-75.27102,America/New_York
Mountville,PA,40.03926,-76.4308,America/New_York
Muhlenberg Park,PA,40.38482,-75.94132,America/New_York
Muncy,PA,41.20564,-76.78552,America/New_York
Mundys Corner,PA,40.44479,-78.84113,America/New_York
Munhall,PA,40.39229,-79.90005,America/New_York
Murrysville,PA,40.4284,-79.69755,America/New_York
Muse,PA,40.29285,-80.20034,America/New_York
Myerstown,PA,40.37454,-76.30273,America/New_York
Nanticoke,PA,41.20536,-76.00492,America/New_York
Nanty Glo,PA,40.47229,-78.83336,America/New_York
Narberth,PA,40.00845,-75.26046,America/New_York
Natrona Heights,PA,40.6234,-79.72977,America/New_York
Nazareth,PA,40.74038,-75.30962,America/New_York
Nescopeck,PA,41.05203,-76.22077,America/New_York
Nesquehoning,PA,40.86453,-75.81103,America/New_York
New Beaver,PA,40.87645,-80.37062,America/New_York
New Berlinville,PA,40.34537,-75.63296,America/New_York
New Bloomfield,PA,40.41981,-77.18637,America/New_York
New Brighton,PA,40.73034,-80.31006,America/New_York
New Britain,PA,40.299,-75.18101,America/New_York
New Castle,PA,41.00367,-80.34701,America/New_York
New Castle Northwest,PA,41.02208,-80.35682,America/New_York
New Columbia,PA,41.04092,-76.86691,America/New_York
New Cumberland,PA,40.23231,-76.8847,America/New_York
New Eagle,PA,40.20785,-79.94699,America/New_York
New Freedom,PA,39.73788,-76.70136,America/New_York
New Holland,PA,40.10176,-76.08523,America/New_York
New Hope,PA,40.36427,-74.95128,America/New_York
New Kensington,PA,40.56979,-79.76477,America/New_York
New Oxford,PA,39.86371,-77.05581,America/New_York
New Philadelphia,PA,40.71953,-76.11577,America/New_York
New Stanton,PA,40.21924,-79.60948,America/New_York
New Wilmington,PA,41.12228,-80.33284,America/New_York
Newmanstown,PA,40.34954,-76.21328,America/New_York
Newport,PA,40.47786,-77.13054,America/New_York
Newtown,PA,40.22928,-74.93683,America/New_York
Newtown Grant,PA,40.26011,-74.95489,America/New_York
Newville,PA,40.17314,-77.3986,America/New_York
Nicetown,PA,40.01317,-75.15684,America/New_York
Nicetown-Tioga,PA,40.00989,-75.16387,America/New_York
Nixon,PA,40.7834,-79.9295,America/New_York
Normandy,PA,40.10344,-74.99572,America/New_York
Norristown,PA,40.1215,-75.3399,America/New_York
North Apollo,PA,40.59618,-79.5556,America/New_York
North Belle Vernon,PA,40.12924,-79.8681,America/New_York
North Braddock,PA,40.39896,-79.84088,America/New_York
North Catasauqua,PA,40.65982,-75.47685,America/New_York
North Charleroi,PA,40.15118,-79.90755,America/New_York
North East,PA,42.21561,-79.83422,America/New_York
North Versailles,PA,40.37979,-79.80949,America/New_York
North Wales,PA,40.21094,-75.27823,America/New_York
North Warren,PA,41.87423,-79.15227,America/New_York
North York,PA,39.97815,-76.73302,America/New_York
Northampton,PA,40.68621,-75.49685,America/New_York
Northern Cambria,PA,40.65923,-78.78169,America/New_York
Northern Liberties,PA,39.96595,-75.14629,America/New_York
Northumberland,PA,40.89175,-76.79747,America/New_York
Northwest Harborcreek,PA,42.14944,-79.99463,America/New_York
Norwood,PA,39.89178,-75.29963,America/New_York
Oak Hills,PA,40.82479,-79.91311,America/New_York
Oakdale,PA,40.39812,-80.18561,America/New_York
Oakdale,PA,40.99203,-75.9202,America/New_York
Oakland,PA,40.30646,-78.88752,America/New_York
Oakland,PA,40.98978,-80.36951,America/New_York
Oakmont,PA,40.52173,-79.84227,America/New_York
Oakwood,PA,41.01062,-80.37951,America/New_York
Ogontz,PA,40.05178,-75.15129,America/New_York
Ohioville,PA,40.67923,-80.49479,America/New_York
Oil City,PA,41.43395,-79.70644,America/New_York
Old City,PA,39.9465,-75.14684,America/New_York
Old Forge,PA,41.37119,-75.73491,America/New_York
Old Orchard,PA,40.65788,-75.26212,America/New_York
Oley,PA,40.38759,-75.78964,America/New_York
Oliver,PA,39.91869,-79.71782,America/New_York
Olney,PA,40.04122,-75.12379,America/New_York
Olyphant,PA,41.46841,-75.60297,America/New_York
Orchard Hills,PA,40.58618,-79.53143,America/New_York
Oreland,PA,40.11844,-75.17768,America/New_York
Orwigsburg,PA,40.65481,-76.10077,America/New_York
Osceola Mills,PA,40.85006,-78.27057,America/New_York
Overbrook,PA,39.98928,-75.24324,America/New_York
Oxford,PA,39.78539,-75.97883,America/New_York
Oxford Circle,PA,40.05011,-75.07184,America/New_York
Palmdale,PA,40.29787,-76.61858,America/New_York
Palmer Heights,PA,40.68732,-75.2624,America/New_York
Palmerton,PA,40.8014,-75.6119,America/New_York
Palmyra,PA,40.30898,-76.5933,America/New_York
Palo Alto,PA,40.68731,-76.17216,America/New_York
Paoli,PA,40.04205,-75.47631,America/New_York
Paradise,PA,40.00982,-76.12857,America/New_York
Park Forest Village,PA,40.80673,-77.91695,America/New_York
Parkesburg,PA,39.95872,-75.91939,America/New_York
Parkside,PA,39.86428,-75.37853,America/New_York
Parkside,PA,41.1012,-75.25046,America/New_York
Parkville,PA,39.78121,-76.96331,America/New_York
Parkwood Manor,PA,40.09344,-74.96795,America/New_York
Paschall,PA,39.92428,-75.23852,America/New_York
Patton,PA,40.63396,-78.6503,America/New_York
Paxtang,PA,40.25898,-76.83192,America/New_York
Paxtonia,PA,40.31731,-76.79442,America/New_York
Pen Argyl,PA,40.86871,-75.2549,America/New_York
Penbrook,PA,40.27537,-76.84803,America/New_York
Penn Estates,PA,41.0375,-75.23956,America/New_York
Penn Hills,PA,40.50118,-79.83922,America/New_York
Penn Wynne,PA,39.98622,-75.27546,America/New_York
Penndel,PA,40.15205,-74.91656,America/New_York
Pennsburg,PA,40.39093,-75.49212,America/New_York
Pennside,PA,40.33732,-75.87854,America/New_York
Pennsport,PA,39.92761,-75.15045,America/New_York
Pennville,PA,39.78954,-76.99804,America/New_York
Pennypack,PA,40.06678,-75.04545,America/New_York
Pennypack Woods,PA,40.05428,-75.016,America/New_York
Penryn,PA,40.20509,-76.36829,America/New_York
Perkasie,PA,40.37205,-75.29268,America/New_York
Perryopolis,PA,40.08702,-79.7506,America/New_York
Philadelphia,PA,39.95238,-75.16362,America/New_York
Philipsburg,PA,40.89645,-78.22057,America/New_York
Phoenixville,PA,40.13038,-75.51491,America/New_York
Pine Grove,PA,40.54842,-76.38468,America/New_York
Pine Grove Mills,PA,40.73367,-77.88556,America/New_York
Pine Ridge,PA,41.14598,-74.99116,America/New_York
Pitcairn,PA,40.40312,-79.7781,America/New_York
Pittsburgh,PA,40.44062,-79.99589,America/New_York
Pittston,PA,41.32591,-75.78936,America/New_York
Pittville,PA,40.05733,-75.14462,America/New_York
Plains,PA,41.27536,-75.8502,America/New_York
Pleasant Gap,PA,40.86812,-77.74667,America/New_York
Pleasant Hill,PA,40.3362,-76.44163,America/New_York
Pleasant Hills,PA,40.33563,-79.96061,America/New_York
Plum,PA,40.50035,-79.74949,America/New_York
Plumsteadville,PA,40.38733,-75.14656,America/New_York
Plymouth,PA,41.24036,-75.94464,America/New_York
Plymouth Meeting,PA,40.10233,-75.27435,America/New_York
Pocono Pines,PA,41.10675,-75.45435,America/New_York
Pocono Ranch Lands,PA,41.16454,-74.95212,America/New_York
Point Breeze,PA,39.93345,-75.17796,America/New_York
Point Marion,PA,39.73897,-79.89867,America/New_York
Poplar,PA,39.96539,-75.15379,America/New_York
Port Allegany,PA,41.8109,-78.27974,America/New_York
Port Carbon,PA,40.69648,-76.16883,America/New_York
Port Richmond,PA,39.99345,-75.10017,America/New_York
Port Vue,PA,40.3359,-79.86977,America/New_York
Portage,PA,40.38868,-78.67224,America/New_York
Pottsgrove,PA,40.26482,-75.61185,America/New_York
Pottstown,PA,40.24537,-75.64963,America/New_York
Pottsville,PA,40.68565,-76.1955,America/New_York
Progress,PA,40.28509,-76.83136,America/New_York
Prospect,PA,40.90451,-80.04645,America/New_York
Prospect Park,PA,39.88789,-75.30824,America/New_York
Punxsutawney,PA,40.94368,-78.97087,America/New_York
Pymatuning Central,PA,41.58546,-80.4796,America/New_York
Quakertown,PA,40.44177,-75.34157,America/New_York
Quarryville,PA,39.89705,-76.16357,America/New_York
Queen Village,PA,39.93428,-75.14851,America/New_York
Radnor,PA,40.04622,-75.35991,America/New_York
Rankin,PA,40.41257,-79.87922,America/New_York
Raubsville,PA,40.63566,-75.19295,America/New_York
Reading,PA,40.33565,-75.92687,America/New_York
Reamstown,PA,40.21148,-76.12328,America/New_York
Red Hill,PA,40.37288,-75.48101,America/New_York
Red Lion,PA,39.90093,-76.6058,America/New_York
Red Lion,PA,40.48065,-75.61602,America/New_York
Reiffton,PA,40.31981,-75.87354,America/New_York
Reinholds,PA,40.26676,-76.1155,America/New_York
Rennerdale,PA,40.3984,-80.14145,America/New_York
Renovo,PA,41.32646,-77.75082,America/New_York
Republic,PA,39.96258,-79.87671,America/New_York
Reservoir,PA,40.40674,-78.38029,America/New_York
Reynolds Heights,PA,41.34506,-80.39423,America/New_York
Reynoldsville,PA,41.09701,-78.88864,America/New_York
Rhawnhurst,PA,40.06178,-75.05573,America/New_York
Rheems,PA,40.13009,-76.57052,America/New_York
Richboro,PA,40.21511,-75.01072,America/New_York
Richland,PA,40.35926,-76.25828,America/New_York
Richlandtown,PA,40.4701,-75.32046,America/New_York
Ridgway,PA,41.42034,-78.72864,America/New_York
Ridley Park,PA,39.88122,-75.3238,America/New_York
Rittenhouse,PA,39.94845,-75.17212,America/New_York
River View Park,PA,40.39259,-75.95882,America/New_York
Riverside,PA,40.95536,-76.62885,America/New_York
Roaring Spring,PA,40.33591,-78.39085,America/New_York
Robesonia,PA,40.35176,-76.13439,America/New_York
Rochester,PA,40.70229,-80.28645,America/New_York
Rockledge,PA,40.08122,-75.08962,America/New_York
Roseto,PA,40.88065,-75.21462,America/New_York
Rothsville,PA,40.15121,-76.25107,America/New_York
Roxborough,PA,40.03817,-75.2224,America/New_York
Royalton,PA,40.18731,-76.72997,America/New_York
Royersford,PA,40.18427,-75.53796,America/New_York
Russell,PA,41.94145,-79.13505,America/New_York
Russellton,PA,40.61146,-79.837,America/New_York
Rutherford,PA,40.26898,-76.76803,America/New_York
Ryers,PA,40.06372,-75.08712,America/New_York
Saint Clair,PA,40.72065,-76.19105,America/New_York
Saint Lawrence,PA,40.32704,-75.87187,America/New_York
Saint Marys,PA,41.42784,-78.56086,America/New_York
Salix,PA,40.30008,-78.7653,America/New_York
Salunga,PA,40.10093,-76.42469,America/New_York
Sanatoga,PA,40.2451,-75.59518,America/New_York
Sand Hill,PA,40.35954,-76.43163,America/New_York
Sandy,PA,41.10784,-78.77114,America/New_York
Saw Creek,PA,41.11259,-75.05073,America/New_York
Saxonburg,PA,40.75395,-79.81005,America/New_York
Saylorsburg,PA,40.89565,-75.32352,America/New_York
Sayre,PA,41.97896,-76.5155,America/New_York
Schlusser,PA,40.24175,-77.17693,America/New_York
Schnecksville,PA,40.67514,-75.62044,America/New_York
Schoeneck,PA,40.24148,-76.17411,America/New_York
Schuylkill,PA,39.94233,-75.18712,America/New_York
Schuylkill Haven,PA,40.63065,-76.17105,America/New_York
Schwenksville,PA,40.25621,-75.46379,America/New_York
Scotland,PA,39.9687,-77.58721,America/New_York
Scottdale,PA,40.10035,-79.58698,America/New_York
Scranton,PA,41.40916,-75.6649,America/New_York
Selinsgrove,PA,40.79897,-76.86219,America/New_York
Sellersville,PA,40.35399,-75.3049,America/New_York
Seneca,PA,41.37867,-79.70394,America/New_York
Seven Fields,PA,40.69173,-80.06256,America/New_York
Sewickley,PA,40.53646,-80.1845,America/New_York
Shamokin,PA,40.78897,-76.55885,America/New_York
Shamokin Dam,PA,40.8487,-76.81969,America/New_York
Shanor-Northvue,PA,40.91045,-79.91562,America/New_York
Sharon,PA,41.23311,-80.4934,America/New_York
Sharon Hill,PA,39.9065,-75.27157,America/New_York
Sharpsburg,PA,40.49451,-79.92644,America/New_York
Sharpsville,PA,41.25922,-80.47201,America/New_York
Shavertown,PA,41.3198,-75.93798,America/New_York
Shawmont,PA,40.05289,-75.23601,America/New_York
Sheffield,PA,41.70395,-79.0356,America/New_York
Shenandoah,PA,40.82037,-76.20077,America/New_York
Shenandoah Heights,PA,40.82759,-76.20688,America/New_York
Shillington,PA,40.30787,-75.96549,America/New_York
Shiloh,PA,39.97815,-76.79719,America/New_York
Shiloh,PA,41.04172,-78.2914,America/New_York
Shinglehouse,PA,41.96368,-78.19084,America/New_York
Shippensburg,PA,40.05065,-77.52026,America/New_York
Shiremanstown,PA,40.22342,-76.95359,America/New_York
Shoemakersville,PA,40.50093,-75.96993,America/New_York
Shrewsbury,PA,39.76871,-76.67969,America/New_York
Sierra View,PA,41.01207,-75.459,America/New_York
Simpson,PA,41.59175,-75.48518,America/New_York
Sinking Spring,PA,40.32731,-76.01105,America/New_York
Skippack,PA,40.22288,-75.39879,America/New_York
Skyline View,PA,40.33926,-76.72553,America/New_York
Slatington,PA,40.74843,-75.61185,America/New_York
Slippery Rock,PA,41.06395,-80.05645,America/New_York
Smethport,PA,41.81117,-78.44474,America/New_York
Somerset,PA,40.00841,-79.07808,America/New_York
Somerton,PA,40.12344,-75.01489,America/New_York
Souderton,PA,40.31177,-75.32518,America/New_York
South Coatesville,PA,39.97427,-75.81995,America/New_York
South Connellsville,PA,39.99674,-79.58587,America/New_York
South Greensburg,PA,40.2784,-79.54476,America/New_York
South Park Township,PA,40.29864,-79.99405,America/New_York
South Pottstown,PA,40.23954,-75.65102,America/New_York
South Temple,PA,40.4,-75.922,America/New_York
South Uniontown,PA,39.89285,-79.74699,America/New_York
South Waverly,PA,41.99757,-76.53717,America/New_York
South Williamsport,PA,41.23202,-76.99913,America/New_York
Southmont,PA,40.31063,-78.93864,America/New_York
Southwest Center City Philadelphia,PA,39.94281,-75.18086,America/New_York
Southwest Greensburg,PA,40.29118,-79.54698,America/New_York
Southwest Schuylkill,PA,39.94483,-75.20379,America/New_York
Spangler,PA,40.64285,-78.7728,America/New_York
Speers,PA,40.12452,-79.87977,America/New_York
Spinnerstown,PA,40.43899,-75.43712,America/New_York
Spring City,PA,40.17677,-75.54769,America/New_York
Spring Grove,PA,39.87454,-76.86581,America/New_York
Spring House,PA,40.18539,-75.22768,America/New_York
Spring Mount,PA,40.27566,-75.45657,America/New_York
Spring Ridge,PA,40.35287,-75.98994,America/New_York
Springdale,PA,40.5409,-79.78394,America/New_York
Springfield,PA,39.93067,-75.32019,America/New_York
Spruce Hill,PA,39.95273,-75.21034,America/New_York
Spry,PA,39.91843,-76.68497,America/New_York
State College,PA,40.79339,-77.86,America/New_York
State Line,PA,39.72482,-77.72444,America/New_York
Steelton,PA,40.23537,-76.84136,America/New_York
Stewartstown,PA,39.75371,-76.59136,America/New_York
Stiles,PA,40.66537,-75.50824,America/New_York
Stoneboro,PA,41.33922,-80.10506,America/New_York
Stony Creek Mills,PA,40.34565,-75.86993,America/New_York
Stonybrook,PA,39.98704,-76.64413,America/New_York
Stormstown,PA,40.79339,-78.01667,America/New_York
Stowe,PA,40.2526,-75.67741,America/New_York
Strasburg,PA,39.98316,-76.18412,America/New_York
Strawberry Mansion,PA,39.98345,-75.18268,America/New_York
Stroudsburg,PA,40.98676,-75.19462,America/New_York
Sturgeon,PA,40.38479,-80.21089,America/New_York
Sugarcreek,PA,41.42145,-79.88117,America/New_York
Summit Hill,PA,40.82481,-75.87103,America/New_York
Sun Valley,PA,40.98203,-75.46602,America/New_York
Sun Valley,PA,41.0112,-75.46963,America/New_York
Sunbury,PA,40.86259,-76.79441,America/New_York
Sunrise Lake,PA,41.30981,-74.96656,America/New_York
Susquehanna,PA,41.94341,-75.59963,America/New_York
Susquehanna Trails,PA,39.75872,-76.36802,America/New_York
Swarthmore,PA,39.90206,-75.34991,America/New_York
Swartzville,PA,40.23315,-76.07828,America/New_York
Swissvale,PA,40.42368,-79.88283,America/New_York
Swoyersville,PA,41.29175,-75.87464,America/New_York
Sykesville,PA,41.05034,-78.82225,America/New_York
Tacony,PA,40.03122,-75.04434,America/New_York
Tamaqua,PA,40.79731,-75.96937,America/New_York
Tannersville,PA,41.04009,-75.30574,America/New_York
Tarentum,PA,40.60146,-79.75977,America/New_York
Tatamy,PA,40.74093,-75.25712,America/New_York
Taylor,PA,41.3948,-75.70658,America/New_York
Telford,PA,40.32205,-75.32795,America/New_York
Temple,PA,40.4087,-75.9216,America/New_York
Terre Hill,PA,40.15732,-76.0505,America/New_York
The Hideout,PA,41.42736,-75.35255,America/New_York
Thompsonville,PA,40.2909,-80.10811,America/New_York
Thorndale,PA,39.99288,-75.74522,America/New_York
Throop,PA,41.45147,-75.61185,America/New_York
Tinicum,PA,40.44844,-75.10767,America/New_York
Tionesta,PA,41.49534,-79.45588,America/New_York
Tipton,PA,40.6359,-78.29585,America/New_York
Titusville,PA,41.627,-79.67366,America/New_York
Toftrees,PA,40.82604,-77.8811,America/New_York
Topton,PA,40.50343,-75.7013,America/New_York
Torresdale,PA,40.05483,-75.00434,America/New_York
Toughkenamon,PA,39.8315,-75.75744,America/New_York
Towamensing Trails,PA,41.00787,-75.58463,America/New_York
Towanda,PA,41.76758,-76.44272,America/New_York
Tower City,PA,40.58925,-76.55246,America/New_York
Trafford,PA,40.38562,-79.75893,America/New_York
Trainer,PA,39.82761,-75.41436,America/New_York
Trappe,PA,40.19899,-75.47629,America/New_York
Treasure Lake,PA,41.17339,-78.71586,America/New_York
Tremont,PA,40.62842,-76.38718,America/New_York
Trevorton,PA,40.7812,-76.67302,America/New_York
Trevose,PA,40.146,-74.985,America/New_York
Trexlertown,PA,40.54815,-75.60574,America/New_York
Trooper,PA,40.14983,-75.40185,America/New_York
Troy,PA,41.78591,-76.78801,America/New_York
Troy,PA,40.91506,-78.2164,America/New_York
Trucksville,PA,41.30397,-75.93214,America/New_York
Tullytown,PA,40.13928,-74.81461,America/New_York
Tulpehocken,PA,40.03817,-75.19546,America/New_York
Tunkhannock,PA,41.53869,-75.94659,America/New_York
Turtle Creek,PA,40.4059,-79.82505,America/New_York
Tyrone,PA,40.67062,-78.23862,America/New_York
Union City,PA,41.8995,-79.84533,America/New_York
Uniontown,PA,39.90008,-79.71643,America/New_York
University City,PA,39.95071,-75.19476,America/New_York
Upland,PA,39.8865,-75.77439,America/New_York
Upland,PA,39.85261,-75.38269,America/New_York
Upper Roxborough,PA,40.05956,-75.23851,America/New_York
Upper Saint Clair,PA,40.3359,-80.08339,America/New_York
Valley Green,PA,40.15731,-76.79275,America/New_York
Valley View,PA,39.9501,-76.70108,America/New_York
Valley View,PA,40.64592,-76.53913,America/New_York
Vandergrift,PA,40.60284,-79.56477,America/New_York
Verona,PA,40.50646,-79.8431,America/New_York
Versailles,PA,40.31563,-79.83116,America/New_York
Village Green-Green Ridge,PA,39.86363,-75.42548,America/New_York
Village Shires,PA,40.20316,-74.97045,America/New_York
Vinco,PA,40.40507,-78.85558,America/New_York
Wallenpaupack Lake Estates,PA,41.39898,-75.27402,America/New_York
Walnutport,PA,40.75426,-75.5988,America/New_York
Warminster Heights,PA,40.18705,-75.08156,America/New_York
Warren,PA,41.84395,-79.14504,America/New_York
Washington,PA,40.17396,-80.24617,America/New_York
Washington Square,PA,39.95002,-75.16206,America/New_York
Waterford,PA,41.94283,-79.9845,America/New_York
Waterford,PA,40.25452,-79.16753,America/New_York
Watsontown,PA,41.08453,-76.86385,America/New_York
Waymart,PA,41.58036,-75.40824,America/New_York
Wayne,PA,40.044,-75.38769,America/New_York
Wayne Heights,PA,39.74371,-77.55388,America/New_York
Waynesboro,PA,39.75593,-77.57777,America/New_York
Waynesburg,PA,39.89646,-80.17923,America/New_York
Weatherly,PA,40.94175,-75.82964,America/New_York
Weigelstown,PA,39.98371,-76.82247,America/New_York
Weissport East,PA,40.83697,-75.68643,America/New_York
Wellsboro,PA,41.74868,-77.30053,America/New_York
Wernersville,PA,40.33009,-76.0805,America/New_York
Wescosville,PA,40.56676,-75.55296,America/New_York
Wesleyville,PA,42.14033,-80.01506,America/New_York
West Chester,PA,39.96097,-75.60804,America/New_York
West Conshohocken,PA,40.06983,-75.3163,America/New_York
West Easton,PA,40.67871,-75.23684,America/New_York
West Fairview,PA,40.27509,-76.91553,America/New_York
West Grove,PA,39.82205,-75.82744,America/New_York
West Hamburg,PA,40.54759,-76.00216,America/New_York
West Hazleton,PA,40.9587,-75.99604,America/New_York
West Hills,PA,40.82423,-79.5431,America/New_York
West Homestead,PA,40.39396,-79.91199,America/New_York
West Kensington,PA,39.9865,-75.13907,America/New_York
West Kittanning,PA,40.81034,-79.52949,America/New_York
West Lawn,PA,40.32981,-75.99438,America/New_York
West Leechburg,PA,40.62229,-79.61282,America/New_York
West Mayfield,PA,40.78006,-80.3384,America/New_York
West Mifflin,PA,40.3634,-79.86644,America/New_York
West Mount Airy,PA,40.05261,-75.19796,America/New_York
West Newton,PA,40.20979,-79.76699,America/New_York
West Norriton,PA,40.12955,-75.37852,America/New_York
West Oak Lane,PA,40.06928,-75.16629,America/New_York
West Pittston,PA,41.32758,-75.79297,America/New_York
West Reading,PA,40.3337,-75.94743,America/New_York
West View,PA,40.52229,-80.03422,America/New_York
West Wyoming,PA,41.3198,-75.84603,America/New_York
West Wyomissing,PA,40.32454,-75.99077,America/New_York
West York,PA,39.9526,-76.75136,America/New_York
Westfield,PA,41.91924,-77.53887,America/New_York
Westmont,PA,40.31563,-78.95169,America/New_York
Wharton,PA,39.92678,-75.15712,America/New_York
Whitaker,PA,40.3984,-79.88977,America/New_York
White Haven,PA,41.06064,-75.77408,America/New_York
White Oak,PA,40.33757,-79.80921,America/New_York
Whitehall,PA,40.36118,-79.99089,America/New_York
Whitehall Township,PA,40.66676,-75.49991,America/New_York
Whitfield,PA,40.33593,-76.00605,America/New_York
Whitman,PA,39.91678,-75.15546,America/New_York
Wickerham Manor-Fisher,PA,40.17749,-79.90684,America/New_York
Wilkes-Barre,PA,41.24591,-75.88131,America/New_York
Wilkinsburg,PA,40.44174,-79.88199,America/New_York
Williamsburg,PA,40.46202,-78.19973,America/New_York
Williamsport,PA,41.24119,-77.00108,America/New_York
Williamstown,PA,40.58009,-76.61774,America/New_York
Willow Grove,PA,40.144,-75.11573,America/New_York
Willow Street,PA,39.97927,-76.27635,America/New_York
Wilmerding,PA,40.3909,-79.81005,America/New_York
Wilson,PA,40.31007,-79.89144,America/New_York
Wilson,PA,40.68399,-75.24184,America/New_York
Winchester Park,PA,40.05511,-75.02962,America/New_York
Wind Gap,PA,40.84815,-75.29157,America/New_York
Windber,PA,40.2398,-78.83502,America/New_York
Windsor,PA,39.91621,-76.58441,America/New_York
Wissinoming,PA,40.02233,-75.06323,America/New_York
Wister,PA,40.03511,-75.15795,America/New_York
Wolfdale,PA,40.19285,-80.28784,America/New_York
Womelsdorf,PA,40.36176,-76.18411,America/New_York
Woodbourne,PA,40.19233,-74.88878,America/New_York
Woodland Heights,PA,41.40978,-79.71172,America/New_York
Woodlyn,PA,39.87233,-75.33713,America/New_York
Woodside,PA,40.22178,-74.87544,America/New_York
Wormleysburg,PA,40.26287,-76.91386,America/New_York
Woxall,PA,40.31066,-75.44879,America/New_York
Wrightsville,PA,40.02565,-76.52997,America/New_York
Wyncote,PA,40.09455,-75.14879,America/New_York
Wyndmoor,PA,40.08122,-75.18934,America/New_York
Wynnefield Heights,PA,40.00345,-75.20462,America/New_York
Wyoming,PA,41.31175,-75.83742,America/New_York
Wyomissing,PA,40.32954,-75.96521,America/New_York
Wyomissing Hills,PA,40.33759,-75.97966,America/New_York
Yardley,PA,40.24566,-74.846,America/New_York
Yeadon,PA,39.939,-75.25546,America/New_York
Yeagertown,PA,40.64313,-77.58055,America/New_York
Yoe,PA,39.90899,-76.63691,America/New_York
York,PA,39.9626,-76.72774,America/New_York
Yorklyn,PA,39.99232,-76.64635,America/New_York
Yorktown,PA,39.97345,-75.15296,America/New_York
Youngsville,PA,40.78121,-75.47685,America/New_York
Youngsville,PA,41.85228,-79.31866,America/New_York
Youngwood,PA,40.24035,-79.57671,America/New_York
Zelienople,PA,40.79451,-80.13673,America/New_York
Zion,PA,40.91423,-77.68472,America/New_York
Ashaway,RI,41.42343,-71.78562,America/New_York
Barrington,RI,41.74066,-71.30866,America/New_York
Bradford,RI,41.39899,-71.73701,America/New_York
Bristol,RI,41.67705,-71.26616,America/New_York
Central Falls,RI,41.89066,-71.39228,America/New_York
Charlestown,RI,41.38316,-71.64173,America/New_York
Chepachet,RI,41.9151,-71.67146,America/New_York
Coventry,RI,41.7001,-71.68284,America/New_York
Cranston,RI,41.77982,-71.43728,America/New_York
Cumberland,RI,41.96677,-71.43284,America/New_York
Cumberland Hill,RI,41.97454,-71.467,America/New_York
East Greenwich,RI,41.66038,-71.45589,America/New_York
East Providence,RI,41.81371,-71.37005,America/New_York
Exeter,RI,41.5776,-71.53756,America/New_York
Foster,RI,41.85371,-71.75812,America/New_York
Greenville,RI,41.87121,-71.55201,America/New_York
Harrisville,RI,41.96565,-71.67451,America/New_York
Hope Valley,RI,41.5076,-71.71618,America/New_York
Hopkinton,RI,41.46121,-71.77757,America/New_York
Jamestown,RI,41.49705,-71.36728,America/New_York
Johnston,RI,41.82186,-71.50675,America/New_York
Kingston,RI,41.48038,-71.52256,America/New_York
Lincoln,RI,41.92111,-71.435,America/New_York
Melville,RI,41.58705,-71.28338,America/New_York
Middletown,RI,41.54566,-71.29144,America/New_York
Narragansett,RI,41.4501,-71.4495,America/New_York
Narragansett Pier,RI,41.43232,-71.45644,America/New_York
New Shoreham,RI,41.17233,-71.55783,America/New_York
Newport,RI,41.4901,-71.31283,America/New_York
Newport East,RI,41.51579,-71.28752,America/New_York
North Kingstown,RI,41.5501,-71.46617,America/New_York
North Providence,RI,41.8501,-71.46617,America/New_York
North Scituate,RI,41.83177,-71.58729,America/New_York
North Smithfield,RI,41.96677,-71.54951,America/New_York
Pascoag,RI,41.95565,-71.70229,America/New_York
Pawtucket,RI,41.87871,-71.38256,America/New_York
Portsmouth,RI,41.60232,-71.25033,America/New_York
Providence,RI,41.82399,-71.41283,America/New_York
Smithfield,RI,41.92204,-71.54951,America/New_York
South Kingstown,RI,41.44718,-71.52494,America/New_York
Tiverton,RI,41.62594,-71.21338,America/New_York
Valley Falls,RI,41.90677,-71.39061,America/New_York
Wakefield-Peacedale,RI,41.44606,-71.5004,America/New_York
Warren,RI,41.73038,-71.28255,America/New_York
Warwick,RI,41.7001,-71.41617,America/New_York
West Greenwich,RI,41.637,-71.66004,America/New_York
West Warwick,RI,41.69689,-71.52194,America/New_York
Westerly,RI,41.3776,-71.82729,America/New_York
Woonsocket,RI,42.00288,-71.51478,America/New_York
Abbeville,SC,34.17817,-82.37901,America/New_York
Aiken,SC,33.56042,-81.71955,America/New_York
Allendale,SC,33.00793,-81.30844,America/New_York
Anderson,SC,34.50344,-82.65013,America/New_York
Andrews,SC,33.45128,-79.5609,America/New_York
Arcadia,SC,34.95818,-81.99066,America/New_York
Arial,SC,34.84595,-82.64152,America/New_York
Awendaw,SC,33.03767,-79.61313,America/New_York
Bamberg,SC,33.2971,-81.03482,America/New_York
Barnwell,SC,33.24487,-81.35872,America/New_York
Batesburg,SC,33.90792,-81.54733,America/New_York
Batesburg-Leesville,SC,33.91014,-81.53733,America/New_York
Beaufort,SC,32.4317,-80.66993,America/New_York
Belton,SC,34.52289,-82.49429,America/New_York
Belvedere,SC,33.53097,-81.94484,America/New_York
Bennettsville,SC,34.61738,-79.68478,America/New_York
Berea,SC,34.8854,-82.45596,America/New_York
Bishopville,SC,34.21821,-80.24841,America/New_York
Blacksburg,SC,35.12124,-81.51592,America/New_York
Blackville,SC,33.35793,-81.27066,America/New_York
Bluffton,SC,32.23715,-80.86039,America/New_York
Blythewood,SC,34.21432,-80.97398,America/New_York
Boiling Springs,SC,33.13515,-81.43122,America/New_York
Boiling Springs,SC,35.04651,-81.98177,America/New_York
Bonneau Beach,SC,33.31989,-80.00036,America/New_York
Brookdale,SC,33.50682,-80.82342,America/New_York
Buffalo,SC,34.72569,-81.68343,America/New_York
Burnettown,SC,33.51541,-81.849,America/New_York
Burton,SC,32.43575,-80.724,America/New_York
Calhoun Falls,SC,34.09234,-82.59569,America/New_York
Camden,SC,34.24654,-80.60702,America/New_York
Cane Savannah,SC,33.90182,-80.45036,America/New_York
Catawba,SC,34.85292,-80.91119,America/New_York
Cayce,SC,33.96571,-81.07398,America/New_York
Centerville,SC,34.53205,-82.70402,America/New_York
Centerville,SC,32.99573,-80.17037,America/New_York
Central,SC,34.72427,-82.78125,America/New_York
Chapin,SC,34.16598,-81.34982,America/New_York
Charleston,SC,32.77632,-79.93275,America/New_York
Cheraw,SC,34.69766,-79.8834,America/New_York
Cherryvale,SC,33.95571,-80.45814,America/New_York
Chester,SC,34.70486,-81.21426,America/New_York
Chesterfield,SC,34.73599,-80.08812,America/New_York
City View,SC,34.86151,-82.43151,America/New_York
Clearwater,SC,33.4968,-81.89206,America/New_York
Clemson,SC,34.68344,-82.83737,America/New_York
Clinton,SC,34.47263,-81.88066,America/New_York
Clover,SC,35.11125,-81.22646,America/New_York
Columbia,SC,34.00071,-81.03481,America/New_York
Conway,SC,33.836,-79.04781,America/New_York
Cowpens,SC,35.01679,-81.80399,America/New_York
Dalzell,SC,34.01682,-80.43008,America/New_York
Darlington,SC,34.29988,-79.87617,America/New_York
Denmark,SC,33.32265,-81.14232,America/New_York
Dentsville,SC,34.06404,-80.95815,America/New_York
Dillon,SC,34.41655,-79.37116,America/New_York
Due West,SC,34.33345,-82.3879,America/New_York
Duncan,SC,34.9379,-82.14511,America/New_York
Dunean,SC,34.82484,-82.41929,America/New_York
Easley,SC,34.82984,-82.60152,America/New_York
East Gaffney,SC,35.08013,-81.63287,America/New_York
East Sumter,SC,33.92544,-80.29619,America/New_York
Edgefield,SC,33.78958,-81.92956,America/New_York
Edisto,SC,33.47654,-80.8987,America/New_York
Elgin,SC,34.17098,-80.79425,America/New_York
Elgin,SC,34.67293,-80.71896,America/New_York
Estill,SC,32.75489,-81.24205,America/New_York
Eureka Mill,SC,34.71764,-81.1937,America/New_York
Fairfax,SC,32.95905,-81.2365,America/New_York
Fairforest,SC,34.95651,-82.01011,America/New_York
Five Forks,SC,34.80484,-82.22956,America/New_York
Florence,SC,34.19543,-79.76256,America/New_York
Folly Beach,SC,32.65518,-79.94037,America/New_York
Forest Acres,SC,34.01932,-80.98981,America/New_York
Forestbrook,SC,33.72239,-78.95809,America/New_York
Fort Mill,SC,35.00737,-80.94508,America/New_York
Fountain Inn,SC,34.68901,-82.19567,America/New_York
Gadsden,SC,33.84571,-80.76592,America/New_York
Gaffney,SC,35.07179,-81.64982,America/New_York
Gantt,SC,34.80012,-82.42429,America/New_York
Garden City,SC,33.59295,-79.00865,America/New_York
Gaston,SC,33.8171,-81.10093,America/New_York
Georgetown,SC,33.37683,-79.2945,America/New_York
Gloverville,SC,33.52597,-81.83011,America/New_York
Golden Grove,SC,34.73401,-82.44374,America/New_York
Goose Creek,SC,32.98101,-80.03259,America/New_York
Graniteville,SC,33.56375,-81.80789,America/New_York
Great Falls,SC,34.57514,-80.90202,America/New_York
Greenville,SC,34.85262,-82.39401,America/New_York
Greenwood,SC,34.1954,-82.16179,America/New_York
Greer,SC,34.93873,-82.22706,America/New_York
Hampton,SC,32.87794,-81.12761,America/New_York
Hanahan,SC,32.91851,-80.02203,America/New_York
Hardeeville,SC,32.28714,-81.08067,America/New_York
Hartsville,SC,34.37404,-80.0734,America/New_York
Hilton Head,SC,32.21632,-80.75261,America/New_York
Hilton Head Island,SC,32.19382,-80.73816,America/New_York
Holly Hill,SC,33.32266,-80.4137,America/New_York
Hollywood,SC,32.73434,-80.24177,America/New_York
Homeland Park,SC,34.47066,-82.67069,America/New_York
Honea Path,SC,34.4465,-82.39151,America/New_York
Hopkins,SC,33.90432,-80.87703,America/New_York
India Hook,SC,35.00737,-81.02174,America/New_York
Inman,SC,35.04706,-82.09011,America/New_York
Inman Mills,SC,35.04151,-82.10428,America/New_York
Irmo,SC,34.08598,-81.18315,America/New_York
Irwin,SC,34.69376,-80.82229,America/New_York
Isle of Palms,SC,32.78684,-79.7948,America/New_York
Iva,SC,34.3065,-82.66374,America/New_York
Jackson,SC,33.32542,-81.78789,America/New_York
James Island,SC,32.72374,-79.96284,America/New_York
Joanna,SC,34.41491,-81.8124,America/New_York
Johnsonville,SC,33.81794,-79.44922,America/New_York
Johnston,SC,33.83208,-81.80094,America/New_York
Judson,SC,34.83317,-82.42762,America/New_York
Kershaw,SC,34.55182,-80.58368,America/New_York
Kiawah Island,SC,32.60824,-80.08482,America/New_York
Kingstree,SC,33.66766,-79.83063,America/New_York
Ladson,SC,32.98573,-80.10981,America/New_York
Lake City,SC,33.871,-79.75535,America/New_York
Lake Murray of Richland,SC,34.12048,-81.2645,America/New_York
Lake Secession,SC,34.28455,-82.59457,America/New_York
Lake Wylie,SC,35.10848,-81.04285,America/New_York
Lakewood,SC,33.84683,-80.35008,America/New_York
Lancaster,SC,34.72043,-80.7709,America/New_York
Lancaster Mill,SC,34.70931,-80.79479,America/New_York
Landrum,SC,35.17511,-82.18928,America/New_York
Langley,SC,33.51791,-81.844,America/New_York
Latta,SC,34.3371,-79.43116,America/New_York
Laurel Bay,SC,32.45019,-80.78483,America/New_York
Laurens,SC,34.49901,-82.01426,America/New_York
Leesville,SC,33.91653,-81.51344,America/New_York
Lesslie,SC,34.8907,-80.95647,America/New_York
Lexington,SC,33.98154,-81.23621,America/New_York
Liberty,SC,34.78789,-82.69236,America/New_York
Lincolnville,SC,33.00684,-80.15537,America/New_York
Little River,SC,33.87323,-78.61418,America/New_York
Loris,SC,34.05628,-78.8903,America/New_York
Lugoff,SC,34.22737,-80.68925,America/New_York
Lyman,SC,34.94817,-82.12733,America/New_York
Manning,SC,33.69516,-80.21091,America/New_York
Marion,SC,34.17822,-79.40061,America/New_York
Mauldin,SC,34.77873,-82.31012,America/New_York
Mayo,SC,35.08401,-81.85983,America/New_York
McColl,SC,34.66877,-79.54533,America/New_York
McCormick,SC,33.91346,-82.29346,America/New_York
Meggett,SC,32.71796,-80.23899,America/New_York
Monarch Mill,SC,34.7161,-81.585,America/New_York
Moncks Corner,SC,33.19632,-80.01429,America/New_York
Mount Pleasant,SC,32.79407,-79.86259,America/New_York
Mullins,SC,34.20572,-79.25449,America/New_York
Murphys Estates,SC,33.60125,-81.94428,America/New_York
Murrells Inlet,SC,33.551,-79.04143,America/New_York
Myrtle Beach,SC,33.68906,-78.88669,America/New_York
New Ellenton,SC,33.42153,-81.68567,America/New_York
Newberry,SC,34.27458,-81.61872,America/New_York
Newport,SC,34.98986,-81.10091,America/New_York
Ninety Six,SC,34.17513,-82.02401,America/New_York
North Augusta,SC,33.5018,-81.96512,America/New_York
North Charleston,SC,32.85462,-79.97481,America/New_York
North Hartsville,SC,34.39377,-80.06951,America/New_York
North Myrtle Beach,SC,33.81601,-78.68002,America/New_York
Northlake,SC,34.56622,-82.68402,America/New_York
Oak Grove,SC,33.77821,-80.96676,America/New_York
Oak Grove,SC,33.9809,-81.14286,America/New_York
Oakland,SC,33.98293,-80.48842,America/New_York
Orangeburg,SC,33.49182,-80.85565,America/New_York
Pacolet,SC,34.89902,-81.76177,America/New_York
Pageland,SC,34.77321,-80.39173,America/New_York
Pamplico,SC,33.996,-79.57006,America/New_York
Parker,SC,34.85067,-82.45346,America/New_York
Pendleton,SC,34.65177,-82.78375,America/New_York
Pickens,SC,34.88345,-82.70736,America/New_York
Piedmont,SC,34.70234,-82.46457,America/New_York
Pineridge,SC,33.91043,-81.10454,America/New_York
Port Royal,SC,32.37896,-80.69265,America/New_York
Powdersville,SC,34.79178,-82.49291,America/New_York
Privateer,SC,33.83321,-80.41425,America/New_York
Prosperity,SC,34.20931,-81.53316,America/New_York
Ravenel,SC,32.76323,-80.2501,America/New_York
Red Bank,SC,33.93209,-81.23843,America/New_York
Red Hill,SC,33.99961,-79.2581,America/New_York
Red Hill,SC,33.82073,-79.01892,America/New_York
Ridgeland,SC,32.48074,-80.98039,America/New_York
Ridgeville,SC,33.09572,-80.31537,America/New_York
Rock Hill,SC,34.92487,-81.02508,America/New_York
Roebuck,SC,34.87957,-81.96621,America/New_York
Saint Andrews,SC,34.043,-81.101,America/New_York
Saint George,SC,33.186,-80.57565,America/New_York
Saint Matthews,SC,33.66488,-80.77787,America/New_York
Saint Stephen,SC,33.40433,-79.92174,America/New_York
Saluda,SC,34.00152,-81.77205,America/New_York
Sangaree,SC,33.03545,-80.12787,America/New_York
Sans Souci,SC,34.8779,-82.42401,America/New_York
Saxon,SC,34.96123,-81.96733,America/New_York
Seabrook Island,SC,32.57713,-80.17065,America/New_York
Seneca,SC,34.68566,-82.9532,America/New_York
Seven Oaks,SC,34.04876,-81.14648,America/New_York
Shell Point,SC,32.38353,-80.73594,America/New_York
Shell Point,SC,32.78907,-80.10676,America/New_York
Simpsonville,SC,34.73706,-82.25428,America/New_York
Slater-Marietta,SC,35.03472,-82.49265,America/New_York
Socastee,SC,33.6835,-78.99837,America/New_York
South Congaree,SC,33.91099,-81.13565,America/New_York
South Sumter,SC,33.881,-80.345,America/New_York
Southern Shops,SC,34.98595,-81.99455,America/New_York
Spartanburg,SC,34.94957,-81.93205,America/New_York
Springdale,SC,34.68931,-80.78618,America/New_York
Springdale,SC,33.95932,-81.10898,America/New_York
Stateburg,SC,33.95765,-80.53481,America/New_York
Sullivans Island,SC,32.76323,-79.83675,America/New_York
Summerville,SC,33.0185,-80.17565,America/New_York
Sumter,SC,33.92044,-80.34147,America/New_York
Surfside Beach,SC,33.606,-78.97309,America/New_York
Taylors,SC,34.92039,-82.29623,America/New_York
Tega Cay,SC,35.02431,-81.02785,America/New_York
Tigerville,SC,35.06845,-82.36845,America/New_York
Timmonsville,SC,34.13488,-79.93979,America/New_York
Travelers Rest,SC,34.96762,-82.44345,America/New_York
Union,SC,34.71541,-81.62371,America/New_York
Utica,SC,34.67816,-82.93154,America/New_York
Valley Falls,SC,35.01595,-81.97483,America/New_York
Varnville,SC,32.85044,-81.07927,America/New_York
Wade Hampton,SC,34.90373,-82.33317,America/New_York
Walhalla,SC,34.76482,-83.06404,America/New_York
Walterboro,SC,32.90517,-80.66677,America/New_York
Ware Shoals,SC,34.39845,-82.24679,America/New_York
Warrenville,SC,33.55097,-81.804,America/New_York
Watts Mills,SC,34.51641,-81.9858,America/New_York
Wedgefield,SC,33.89266,-80.51814,America/New_York
Wedgewood,SC,33.88377,-80.51258,America/New_York
Welcome,SC,34.82651,-82.43901,America/New_York
Wellford,SC,34.95095,-82.10594,America/New_York
West Columbia,SC,33.99349,-81.07398,America/New_York
Westminster,SC,34.66482,-83.09654,America/New_York
Whitmire,SC,34.50291,-81.61149,America/New_York
Wilkinson Heights,SC,33.5021,-80.83315,America/New_York
Williamston,SC,34.61845,-82.47791,America/New_York
Williston,SC,33.40265,-81.42011,America/New_York
Winnsboro,SC,34.3807,-81.08648,America/New_York
Winnsboro Mills,SC,34.36181,-81.08537,America/New_York
Woodfield,SC,34.05932,-80.93092,America/New_York
Woodruff,SC,34.73957,-82.03705,America/New_York
York,SC,34.9943,-81.24202,America/New_York
Aberdeen,SD,45.4647,-98.48648,America/Chicago
Alexandria,SD,43.65359,-97.78285,America/Chicago
Armour,SD,43.3186,-98.34675,America/Chicago
Baltic,SD,43.76136,-96.74033,America/Chicago
Belle Fourche,SD,44.67137,-103.85215,America/Denver
Beresford,SD,43.08054,-96.77366,America/Chicago
Bison,SD,45.52026,-102.46127,America/Denver
Blackhawk,SD,44.1511,-103.30796,America/Denver
Box Elder,SD,44.11249,-103.06823,America/Denver
Brandon,SD,43.5947,-96.57199,America/Chicago
Britton,SD,45.79162,-97.75094,America/Chicago
Brookings,SD,44.31136,-96.79839,America/Chicago
Buffalo,SD,45.58416,-103.54603,America/Denver
Burke,SD,43.1825,-99.29205,America/Chicago
Canton,SD,43.30081,-96.59282,America/Chicago
Chamberlain,SD,43.81083,-99.33066,America/Chicago
Clark,SD,44.87774,-97.73314,America/Chicago
Clear Lake,SD,44.7458,-96.68256,America/Chicago
Colonial Pine Hills,SD,44.00777,-103.31546,America/Denver
Crooks,SD,43.6647,-96.81089,America/Chicago
Custer,SD,43.76665,-103.59881,America/Denver
Dakota Dunes,SD,42.48749,-96.48642,America/Chicago
De Smet,SD,44.38747,-97.55035,America/Chicago
Deadwood,SD,44.37665,-103.72964,America/Denver
Dell Rapids,SD,43.82608,-96.70616,America/Chicago
Dupree,SD,45.04748,-101.60099,America/Denver
Eagle Butte,SD,45.00248,-101.23349,America/Denver
Elk Point,SD,42.68333,-96.68365,America/Chicago
Ellsworth Air Force Base,SD,44.14395,-103.07507,America/Denver
Faulkton,SD,45.03497,-99.124,America/Chicago
Flandreau,SD,44.04942,-96.59532,America/Chicago
Fort Pierre,SD,44.35359,-100.37374,America/Chicago
Fort Thompson,SD,44.0686,-99.43788,America/Chicago
Freeman,SD,43.35249,-97.43729,America/Chicago
Garretson,SD,43.71747,-96.50282,America/Chicago
Gettysburg,SD,45.01165,-99.95567,America/Chicago
Gregory,SD,43.23222,-99.43038,America/Chicago
Groton,SD,45.44746,-98.09871,America/Chicago
Harrisburg,SD,43.43137,-96.69727,America/Chicago
Hartford,SD,43.62303,-96.94255,America/Chicago
Hayti,SD,44.65719,-97.20507,America/Chicago
Highmore,SD,44.52137,-99.4415,America/Chicago
Hot Springs,SD,43.43165,-103.47436,America/Denver
Howard,SD,44.01081,-97.52674,America/Chicago
Huron,SD,44.36332,-98.21426,America/Chicago
Ipswich,SD,45.44442,-99.02928,America/Chicago
Kadoka,SD,43.83388,-101.50987,America/Denver
Kennebec,SD,43.9036,-99.86178,America/Chicago
Lake Andes,SD,43.15638,-98.54147,America/Chicago
Lead,SD,44.35221,-103.7652,America/Denver
Lemmon,SD,45.94083,-102.15932,America/Denver
Lennox,SD,43.35415,-96.892,America/Chicago
Leola,SD,45.72275,-98.94094,America/Chicago
Madison,SD,44.00608,-97.11395,America/Chicago
Martin,SD,43.1725,-101.73265,America/Denver
McIntosh,SD,45.92139,-101.34958,America/Denver
Milbank,SD,45.21913,-96.63562,America/Chicago
Miller,SD,44.51831,-98.98843,America/Chicago
Mission,SD,43.30584,-100.65819,America/Chicago
Mitchell,SD,43.70943,-98.0298,America/Chicago
Mobridge,SD,45.53722,-100.42791,America/Chicago
Mound City,SD,45.72527,-100.06845,America/Chicago
Murdo,SD,43.88832,-100.71291,America/Chicago
North Eagle Butte,SD,45.00415,-101.23376,America/Denver
North Sioux City,SD,42.52722,-96.48309,America/Chicago
North Spearfish,SD,44.50665,-103.89215,America/Denver
Oglala,SD,43.18859,-102.73962,America/Denver
Olivet,SD,43.24082,-97.67534,America/Chicago
Onida,SD,44.70804,-100.05984,America/Chicago
Parker,SD,43.39748,-97.13645,America/Chicago
Parkston,SD,43.39888,-97.98368,America/Chicago
Philip,SD,44.03943,-101.66514,America/Denver
Pierre,SD,44.36832,-100.35097,America/Chicago
Pine Ridge,SD,43.02554,-102.55627,America/Denver
Plankinton,SD,43.71555,-98.48509,America/Chicago
Platte,SD,43.38694,-98.84453,America/Chicago
Porcupine,SD,43.23971,-102.33099,America/Denver
Rapid City,SD,44.08054,-103.23101,America/Denver
Rapid Valley,SD,44.06249,-103.14629,America/Denver
Redfield,SD,44.87581,-98.51871,America/Chicago
Rosebud,SD,43.23278,-100.85348,America/Chicago
Salem,SD,43.72415,-97.38895,America/Chicago
Selby,SD,45.50638,-100.03207,America/Chicago
Sioux Falls,SD,43.54369,-96.72796,America/Chicago
Sisseton,SD,45.66468,-97.0498,America/Chicago
Spearfish,SD,44.49082,-103.85937,America/Denver
Springfield,SD,42.85417,-97.89729,America/Chicago
Sturgis,SD,44.40971,-103.50908,America/Denver
Summerset,SD,44.18998,-103.34384,America/Denver
Tea,SD,43.44637,-96.83588,America/Chicago
Timber Lake,SD,45.42915,-101.07403,America/Denver
Tyndall,SD,42.99333,-97.86285,America/Chicago
Vermillion,SD,42.77944,-96.92921,America/Chicago
Volga,SD,44.32358,-96.92645,America/Chicago
Wagner,SD,43.07972,-98.29313,America/Chicago
Watertown,SD,44.89941,-97.11507,America/Chicago
Webster,SD,45.33218,-97.52009,America/Chicago
Wessington Springs,SD,44.07916,-98.56954,America/Chicago
White River,SD,43.56805,-100.74542,America/Chicago
Winner,SD,43.37667,-99.85901,America/Chicago
Woonsocket,SD,44.0536,-98.27564,America/Chicago
Yankton,SD,42.87111,-97.39728,America/Chicago
Adamsville,TN,35.23591,-88.3906,America/Chicago
Alamo,TN,35.78479,-89.11729,America/Chicago
Alcoa,TN,35.78953,-83.97379,America/New_York
Algood,TN,36.19589,-85.44858,America/Chicago
Altamont,TN,35.42952,-85.72303,America/Chicago
Apison,TN,35.02396,-85.02384,America/New_York
Ardmore,TN,34.99203,-86.84667,America/Chicago
Arlington,TN,35.2962,-89.66147,America/Chicago
Ashland City,TN,36.27422,-87.06417,America/Chicago
Athens,TN,35.44285,-84.59299,America/New_York
Atoka,TN,35.44119,-89.77814,America/Chicago
Banner Hill,TN,36.13066,-82.42458,America/New_York
Bartlett,TN,35.20453,-89.87398,America/Chicago
Baxter,TN,36.15367,-85.64359,America/Chicago
Bean Station,TN,36.3437,-83.28406,America/New_York
Belle Meade,TN,36.09589,-86.85694,America/Chicago
Bells,TN,35.71118,-89.08756,America/Chicago
Benton,TN,35.17424,-84.65355,America/New_York
Blaine,TN,36.15425,-83.70407,America/New_York
Bloomingdale,TN,36.58455,-82.48932,America/New_York
Blountville,TN,36.53316,-82.32681,America/New_York
Bluff City,TN,36.47427,-82.26097,America/New_York
Bolivar,TN,35.25619,-88.98784,America/Chicago
Bon Aqua Junction,TN,35.92784,-87.31084,America/Chicago
Bradford,TN,36.07645,-88.81006,America/Chicago
Brentwood,TN,36.03312,-86.78278,America/Chicago
Brentwood Estates,TN,36.02506,-86.77917,America/Chicago
Brighton,TN,35.08009,-86.43916,America/Chicago
Brighton,TN,35.48397,-89.72508,America/Chicago
Bristol,TN,36.59511,-82.18874,America/New_York
Brownsville,TN,35.59397,-89.26229,America/Chicago
Bruceton,TN,36.03812,-88.24449,America/Chicago
Burns,TN,36.05339,-87.31251,America/Chicago
Byrdstown,TN,36.57451,-85.12884,America/Chicago
Camden,TN,36.05895,-88.09782,America/Chicago
Carthage,TN,36.25228,-85.95165,America/Chicago
Caryville,TN,36.29897,-84.22326,America/New_York
Celina,TN,36.55006,-85.50525,America/Chicago
Centerville,TN,35.77896,-87.46696,America/Chicago
Central,TN,36.32622,-82.28958,America/New_York
Central,TN,35.80369,-89.5373,America/Chicago
Chapel Hill,TN,35.62646,-86.69333,America/Chicago
Charlotte,TN,36.17728,-87.33973,America/Chicago
Chattanooga,TN,35.04563,-85.30968,America/New_York
Christiana,TN,35.71007,-86.39944,America/Chicago
Chuckey,TN,36.21594,-82.68821,America/New_York
Church Hill,TN,36.52232,-82.71349,America/New_York
Clarksville,TN,36.52977,-87.35945,America/Chicago
Cleveland,TN,35.15952,-84.87661,America/New_York
Clifton,TN,35.38702,-87.99531,America/Chicago
Clinton,TN,36.10341,-84.13186,America/New_York
Coalfield,TN,36.02897,-84.42076,America/New_York
Collegedale,TN,35.05313,-85.05023,America/New_York
Collierville,TN,35.04204,-89.66453,America/Chicago
Colonial Heights,TN,36.4851,-82.5032,America/New_York
Columbia,TN,35.61507,-87.03528,America/Chicago
Condon,TN,36.18119,-83.7938,America/New_York
Cookeville,TN,36.16284,-85.50164,America/Chicago
Coopertown,TN,36.43755,-86.96722,America/Chicago
Cordova,TN,35.15565,-89.7762,America/Chicago
Cornersville,TN,35.36146,-86.83972,America/Chicago
Covington,TN,35.56425,-89.64647,America/Chicago
Cowan,TN,35.16453,-86.01054,America/Chicago
Cross Plains,TN,36.54866,-86.69611,America/Chicago
Crossville,TN,35.94896,-85.0269,America/Chicago
Crump,TN,35.22175,-88.31809,America/Chicago
Dandridge,TN,36.01537,-83.41489,America/New_York
Dayton,TN,35.49396,-85.01245,America/New_York
Decatur,TN,35.51479,-84.79022,America/New_York
Decaturville,TN,35.58424,-88.11948,America/Chicago
Decherd,TN,35.2098,-86.07943,America/Chicago
Dickson,TN,36.077,-87.38779,America/Chicago
Dodson Branch,TN,36.31256,-85.5322,America/Chicago
Dover,TN,36.48783,-87.83836,America/Chicago
Dresden,TN,36.29145,-88.70811,America/Chicago
Dunlap,TN,35.37146,-85.39052,America/Chicago
Dyer,TN,36.06673,-88.99395,America/Chicago
Dyersburg,TN,36.03452,-89.38563,America/Chicago
Eagleton Village,TN,35.79508,-83.93185,America/New_York
East Brainerd,TN,34.99591,-85.15023,America/New_York
East Chattanooga,TN,35.06535,-85.24912,America/New_York
East Cleveland,TN,35.16091,-84.85772,America/New_York
East Ridge,TN,35.01424,-85.2519,America/New_York
Elizabethton,TN,36.34872,-82.21069,America/New_York
Ellendale,TN,35.23064,-89.82592,America/Chicago
Englewood,TN,35.42452,-84.48743,America/New_York
Englewood,TN,36.36673,-89.15479,America/Chicago
Erin,TN,36.31839,-87.69474,America/Chicago
Erwin,TN,36.14511,-82.41681,America/New_York
Estill Springs,TN,35.27064,-86.12804,America/Chicago
Etowah,TN,35.32341,-84.52493,America/New_York
Fairfield Glade,TN,36.00035,-84.88634,America/Chicago
Fairmount,TN,35.18146,-85.32357,America/New_York
Fairmount,TN,36.58511,-82.17097,America/New_York
Fairview,TN,35.98201,-87.1214,America/Chicago
Fall Branch,TN,36.41816,-82.62376,America/New_York
Falling Water,TN,35.20312,-85.25357,America/New_York
Farragut,TN,35.88452,-84.15353,America/New_York
Fayetteville,TN,35.15203,-86.57055,America/Chicago
Fincastle,TN,36.4098,-84.0477,America/New_York
Forest Hills,TN,36.06839,-86.84417,America/Chicago
Franklin,TN,35.92506,-86.86889,America/Chicago
Gainesboro,TN,36.35561,-85.65887,America/Chicago
Gallatin,TN,36.38838,-86.44666,America/Chicago
Gatlinburg,TN,35.71453,-83.51189,America/New_York
Germantown,TN,35.08676,-89.81009,America/Chicago
Gleason,TN,36.21367,-88.61255,America/Chicago
Goodlettsville,TN,36.32311,-86.71333,America/Chicago
Gordonsville,TN,36.17256,-85.92971,America/Chicago
Gray,TN,36.41983,-82.47654,America/New_York
Graysville,TN,35.44701,-85.0844,America/New_York
Green Hill,TN,36.22283,-86.54944,America/Chicago
Greenback,TN,35.66119,-84.17214,America/New_York
Greenbrier,TN,36.42755,-86.80472,America/Chicago
Greeneville,TN,36.16316,-82.83099,America/New_York
Greenfield,TN,36.1534,-88.80062,America/Chicago
Grimsley,TN,36.26701,-84.9844,America/Chicago
Gruetli-Laager,TN,35.3723,-85.61803,America/Chicago
Halls,TN,35.87563,-89.39618,America/Chicago
Harriman,TN,35.93396,-84.55244,America/New_York
Harrison,TN,35.11368,-85.13801,America/New_York
Harrogate,TN,36.5823,-83.65686,America/New_York
Hartsville,TN,36.39088,-86.16721,America/Chicago
Henderson,TN,35.43924,-88.64144,America/Chicago
Hendersonville,TN,36.30477,-86.62,America/Chicago
Hermitage,TN,36.19617,-86.6225,America/Chicago
Hickory Withe,TN,35.24398,-89.58869,America/Chicago
Hohenwald,TN,35.54785,-87.55196,America/Chicago
Hopewell,TN,35.23479,-84.888,America/New_York
Humboldt,TN,35.81979,-88.9159,America/Chicago
Hunter,TN,36.3623,-84.14048,America/New_York
Hunter,TN,36.37178,-82.15874,America/New_York
Huntingdon,TN,36.00062,-88.42811,America/Chicago
Huntsville,TN,36.4098,-84.49049,America/New_York
Jacksboro,TN,36.33008,-84.18382,America/New_York
Jackson,TN,35.61452,-88.81395,America/Chicago
Jamestown,TN,36.42757,-84.93189,America/Chicago
Jasper,TN,35.07424,-85.62608,America/Chicago
Jefferson City,TN,36.12231,-83.4924,America/New_York
Jellico,TN,36.58786,-84.12687,America/New_York
Johnson City,TN,36.31344,-82.35347,America/New_York
Johnsonville,TN,36.06006,-87.95281,America/Chicago
Jonesborough,TN,36.29427,-82.47348,America/New_York
Kenton,TN,36.20229,-89.01229,America/Chicago
Kimball,TN,35.04786,-85.67191,America/Chicago
Kingsport,TN,36.54843,-82.56182,America/New_York
Kingston,TN,35.88091,-84.50854,America/New_York
Kingston Springs,TN,36.102,-87.11501,America/Chicago
Knoxville,TN,35.96064,-83.92074,America/New_York
La Vergne,TN,36.01562,-86.58194,America/Chicago
LaFollette,TN,36.38286,-84.11993,America/New_York
Lafayette,TN,36.52116,-86.02637,America/Chicago
Lafayette,TN,36.18589,-85.71609,America/Chicago
Lake Tansi,TN,35.87285,-85.0544,America/Chicago
Lakeland,TN,35.23064,-89.74036,America/Chicago
Lakesite,TN,35.20868,-85.1269,America/New_York
Lakewood,TN,36.24311,-86.63555,America/Chicago
Lawrenceburg,TN,35.2423,-87.33474,America/Chicago
Lebanon,TN,36.20811,-86.2911,America/Chicago
Lenoir City,TN,35.7973,-84.25603,America/New_York
Lewisburg,TN,35.44924,-86.78889,America/Chicago
Lexington,TN,35.6509,-88.39338,America/Chicago
Linden,TN,35.61729,-87.83947,America/Chicago
Livingston,TN,36.3834,-85.32302,America/Chicago
Lone Oak,TN,35.20063,-85.36413,America/Chicago
Lookout Mountain,TN,34.99424,-85.3494,America/New_York
Loretto,TN,35.07786,-87.43974,America/Chicago
Loudon,TN,35.73285,-84.33381,America/New_York
Louisville,TN,35.82175,-84.04796,America/New_York
Luttrell,TN,36.19953,-83.74185,America/New_York
Lynchburg,TN,35.28314,-86.37416,America/Chicago
Madisonville,TN,35.5198,-84.36353,America/New_York
Manchester,TN,35.48174,-86.0886,America/Chicago
Martin,TN,36.3434,-88.85034,America/Chicago
Maryville,TN,35.75647,-83.97046,America/New_York
Mascot,TN,36.0612,-83.74573,America/New_York
Mason,TN,35.41175,-89.53285,America/Chicago
Maynardville,TN,36.25064,-83.79741,America/New_York
McEwen,TN,36.10784,-87.63307,America/Chicago
McKenzie,TN,36.13256,-88.51866,America/Chicago
McMinnville,TN,35.6834,-85.76998,America/Chicago
Medina,TN,35.80285,-88.77478,America/Chicago
Memphis,TN,35.14953,-90.04898,America/Chicago
Middle Valley,TN,35.1959,-85.18468,America/New_York
Midtown,TN,35.87952,-84.5641,America/New_York
Midway,TN,36.30011,-82.42375,America/New_York
Milan,TN,35.91979,-88.75895,America/Chicago
Millersville,TN,36.37116,-86.71,America/Chicago
Millington,TN,35.34147,-89.89731,America/Chicago
Monteagle,TN,35.24008,-85.8397,America/Chicago
Monterey,TN,36.14756,-85.2683,America/Chicago
Morristown,TN,36.21398,-83.29489,America/New_York
Mosheim,TN,36.18954,-82.95849,America/New_York
Mount Carmel,TN,35.49785,-88.00781,America/Chicago
Mount Carmel,TN,36.54538,-82.66099,America/New_York
Mount Juliet,TN,36.20005,-86.51861,America/Chicago
Mount Pleasant,TN,35.53424,-87.20695,America/Chicago
Mountain City,TN,36.47456,-81.80484,America/New_York
Mowbray Mountain,TN,35.27536,-85.22246,America/New_York
Munford,TN,35.44925,-89.81508,America/Chicago
Murfreesboro,TN,35.84562,-86.39027,America/Chicago
Nashville,TN,36.16589,-86.78444,America/Chicago
New Hope,TN,35.00508,-85.6583,America/Chicago
New Johnsonville,TN,36.02117,-87.96698,America/Chicago
New Market,TN,36.10398,-83.55268,America/New_York
New South Memphis,TN,35.08676,-90.05676,America/Chicago
New Tazewell,TN,36.44258,-83.59963,America/New_York
New Union,TN,35.53258,-86.08082,America/Chicago
Newbern,TN,36.11285,-89.26174,America/Chicago
Newport,TN,35.96704,-83.18766,America/New_York
Nolensville,TN,35.95229,-86.66944,America/Chicago
Norris,TN,36.19563,-84.06797,America/New_York
Oak Grove,TN,36.41177,-82.42459,America/New_York
Oak Hill,TN,36.08784,-86.78305,America/Chicago
Oak Ridge,TN,36.01036,-84.26964,America/New_York
Oakland,TN,35.22898,-89.51508,America/Chicago
Obion,TN,36.25896,-89.19174,America/Chicago
Oliver Springs,TN,36.04452,-84.34437,America/New_York
Olivet,TN,35.21425,-88.20031,America/Chicago
Oneida,TN,36.49813,-84.51272,America/New_York
Paris,TN,36.302,-88.32671,America/Chicago
Park City,TN,35.08203,-86.57111,America/Chicago
Parsons,TN,35.64979,-88.1267,America/Chicago
Pegram,TN,36.10061,-87.05112,America/Chicago
Pigeon Forge,TN,35.78842,-83.55433,America/New_York
Pikeville,TN,35.60562,-85.18885,America/Chicago
Pine Crest,TN,36.27619,-84.12881,America/New_York
Pine Crest,TN,36.29927,-82.31792,America/New_York
Piperton,TN,35.04509,-89.62175,America/Chicago
Plainview,TN,36.17731,-83.79534,America/New_York
Pleasant View,TN,36.39422,-87.03667,America/Chicago
Portland,TN,36.58171,-86.51638,America/Chicago
Powells Crossroads,TN,35.18952,-85.4858,America/Chicago
Pulaski,TN,35.1998,-87.03084,America/Chicago
Red Bank,TN,35.11229,-85.29413,America/New_York
Red Boiling Springs,TN,36.53339,-85.84998,America/Chicago
Ridgely,TN,36.2634,-89.48785,America/Chicago
Ridgetop,TN,36.39505,-86.77944,America/Chicago
Ripley,TN,35.74536,-89.5298,America/Chicago
Roan Mountain,TN,36.19623,-82.0704,America/New_York
Rockwood,TN,35.86563,-84.68494,America/Chicago
Rocky Top,TN,36.21786,-84.15465,America/New_York
Rogersville,TN,36.40732,-83.00544,America/New_York
Rural Hill,TN,36.114,-86.52,America/Chicago
Rutherford,TN,36.12757,-88.9859,America/Chicago
Rutledge,TN,36.28092,-83.5149,America/New_York
Sale Creek,TN,35.38229,-85.10884,America/New_York
Savannah,TN,35.2248,-88.2492,America/Chicago
Selmer,TN,35.17008,-88.59227,America/Chicago
Sevierville,TN,35.86815,-83.56184,America/New_York
Sewanee,TN,35.20314,-85.92109,America/Chicago
Seymour,TN,35.89064,-83.72462,America/New_York
Shackle Island,TN,36.3706,-86.61666,America/Chicago
Shelbyville,TN,35.48341,-86.46027,America/Chicago
Signal Mountain,TN,35.12257,-85.34385,America/New_York
Smithville,TN,35.96062,-85.81415,America/Chicago
Smyrna,TN,35.98284,-86.5186,America/Chicago
Sneedville,TN,36.52981,-83.2174,America/New_York
Soddy-Daisy,TN,35.2359,-85.19079,America/New_York
Somerville,TN,35.2437,-89.35007,America/Chicago
South Carthage,TN,36.242,-85.95193,America/Chicago
South Cleveland,TN,35.106,-84.89,America/New_York
South Fulton,TN,36.50089,-88.87534,America/Chicago
South Pittsburg,TN,35.0123,-85.70441,America/Chicago
Sparta,TN,35.9259,-85.46414,America/Chicago
Speedwell,TN,36.45869,-83.87186,America/New_York
Spencer,TN,35.74729,-85.46664,America/Chicago
Spring City,TN,35.69201,-84.86078,America/New_York
Spring Hill,TN,35.75118,-86.93,America/Chicago
Springfield,TN,36.50921,-86.885,America/Chicago
Spurgeon,TN,36.43955,-82.4557,America/New_York
Surgoinsville,TN,36.47093,-82.85183,America/New_York
Sweetwater,TN,35.60146,-84.46104,America/New_York
Tazewell,TN,36.45425,-83.56935,America/New_York
Tellico Village,TN,35.68321,-84.25518,America/New_York
Tennessee Ridge,TN,36.312,-87.77336,America/Chicago
Thompson's Station,TN,35.80201,-86.91139,America/Chicago
Three Way,TN,35.7759,-88.8595,America/Chicago
Tiptonville,TN,36.3784,-89.47202,America/Chicago
Tracy City,TN,35.26036,-85.73608,America/Chicago
Trenton,TN,35.98062,-88.94145,America/Chicago
Troy,TN,36.33868,-89.16396,America/Chicago
Tullahoma,TN,35.36202,-86.20943,America/Chicago
Tusculum,TN,36.1751,-82.75876,America/New_York
Unicoi,TN,36.19539,-82.34958,America/New_York
Union City,TN,36.42423,-89.05701,America/Chicago
Unionville,TN,35.62174,-86.5925,America/Chicago
Vonore,TN,35.59008,-84.24186,America/New_York
Walden,TN,35.16479,-85.30135,America/New_York
Walnut Hill,TN,36.56983,-82.2568,America/New_York
Wartburg,TN,36.1048,-84.59716,America/New_York
Watertown,TN,36.10034,-86.13193,America/Chicago
Waverly,TN,36.08395,-87.79475,America/Chicago
Waynesboro,TN,35.31952,-87.76225,America/Chicago
Westmoreland,TN,36.56199,-86.24804,America/Chicago
White Bluff,TN,36.10756,-87.22084,America/Chicago
White House,TN,36.47032,-86.65138,America/Chicago
White Pine,TN,36.10759,-83.28683,America/New_York
Whiteville,TN,35.32647,-89.14951,America/Chicago
Whitwell,TN,35.20146,-85.51913,America/Chicago
Wildwood,TN,35.8037,-83.87129,America/New_York
Wildwood Lake,TN,35.09202,-84.85439,America/New_York
Winchester,TN,35.18592,-86.11221,America/Chicago
Woodbury,TN,35.82757,-86.07166,America/Chicago
Abernathy,TX,33.8323,-101.84295,America/Chicago
Abilene,TX,32.44874,-99.73314,America/Chicago
Abram,TX,26.1998,-98.41113,America/Chicago
Addison,TX,32.96179,-96.82917,America/Chicago
Agua Dulce,TX,31.65511,-106.13887,America/Denver
Alamo,TX,26.18369,-98.12306,America/Chicago
Alamo Heights,TX,29.48495,-98.46585,America/Chicago
Albany,TX,32.72345,-99.2973,America/Chicago
Aldine,TX,29.93245,-95.38021,America/Chicago
Aledo,TX,32.69596,-97.60225,America/Chicago
Alice,TX,27.75225,-98.06972,America/Chicago
Alief,TX,29.71106,-95.59633,America/Chicago
Allen,TX,33.10317,-96.67055,America/Chicago
Alpine,TX,30.35862,-103.66206,America/Chicago
Alto,TX,31.65045,-95.07272,America/Chicago
Alton,TX,26.28729,-98.31335,America/Chicago
Alton North (historical),TX,26.29535,-98.30446,America/Chicago
Alvarado,TX,32.40653,-97.21168,America/Chicago
Alvin,TX,29.42385,-95.2441,America/Chicago
Alvord,TX,33.35845,-97.69475,America/Chicago
Amarillo,TX,35.222,-101.8313,America/Chicago
Ames,TX,31.52099,-97.77947,America/Chicago
Ames,TX,30.05383,-94.74353,America/Chicago
Anahuac,TX,29.773,-94.6827,America/Chicago
Anderson,TX,30.48715,-95.9869,America/Chicago
Anderson Mill,TX,30.45492,-97.80584,America/Chicago
Andrews,TX,32.31872,-102.54572,America/Chicago
Angleton,TX,29.16941,-95.43188,America/Chicago
Anna,TX,33.349,-96.5486,America/Chicago
Annetta,TX,32.7093,-97.67614,America/Chicago
Anson,TX,32.7565,-99.89621,America/Chicago
Anthony,TX,31.99927,-106.60555,America/Denver
Anton,TX,33.8112,-102.16379,America/Chicago
Aransas Pass,TX,27.90947,-97.14999,America/Chicago
Archer City,TX,33.59566,-98.62561,America/Chicago
Arcola,TX,29.49607,-95.46578,America/Chicago
Argyle,TX,33.12123,-97.18335,America/Chicago
Arlington,TX,32.73569,-97.10807,America/Chicago
Asherton,TX,28.44193,-99.76033,America/Chicago
Aspermont,TX,33.13343,-100.22733,America/Chicago
Atascocita,TX,29.99883,-95.1766,America/Chicago
Athens,TX,32.20487,-95.85552,America/Chicago
Atlanta,TX,33.11374,-94.16435,America/Chicago
Aubrey,TX,33.30428,-96.98612,America/Chicago
Aurora,TX,33.06068,-97.50336,America/Chicago
Austin,TX,30.26715,-97.74306,America/Chicago
Azle,TX,32.89513,-97.54586,America/Chicago
Bacliff,TX,29.5069,-94.99243,America/Chicago
Baird,TX,32.39402,-99.39424,America/Chicago
Balch Springs,TX,32.72874,-96.62277,America/Chicago
Balcones Heights,TX,29.48801,-98.55169,America/Chicago
Ballinger,TX,31.73821,-99.94731,America/Chicago
Bandera,TX,29.72661,-99.07365,America/Chicago
Bangs,TX,31.7171,-99.13255,America/Chicago
Barrett,TX,29.87995,-95.06298,America/Chicago
Bartlett,TX,30.79491,-97.42556,America/Chicago
Barton Creek,TX,30.28521,-97.86917,America/Chicago
Bartonville,TX,33.07318,-97.13168,America/Chicago
Bastrop,TX,30.11049,-97.31527,America/Chicago
Batesville,TX,28.95108,-99.61783,America/Chicago
Bay City,TX,28.98276,-95.9694,America/Chicago
Bayou Vista,TX,29.32635,-94.93853,America/Chicago
Baytown,TX,29.7355,-94.97743,America/Chicago
Beach City,TX,29.66217,-94.88992,America/Chicago
Beaumont,TX,30.08605,-94.10185,America/Chicago
Bedford,TX,32.84402,-97.14307,America/Chicago
Bee Cave,TX,30.30854,-97.94501,America/Chicago
Beeville,TX,28.40095,-97.74974,America/Chicago
Bellaire,TX,29.70579,-95.45883,America/Chicago
Bellmead,TX,31.59405,-97.10889,America/Chicago
Bells,TX,33.61038,-96.41082,America/Chicago
Bellville,TX,29.95023,-96.25719,America/Chicago
Belton,TX,31.05601,-97.46445,America/Chicago
Benavides,TX,27.59892,-98.40807,America/Chicago
Benbrook,TX,32.67319,-97.46058,America/Chicago
Benjamin,TX,33.58398,-99.79231,America/Chicago
Berryville,TX,32.08849,-95.4719,America/Chicago
Bertram,TX,30.7438,-98.05558,America/Chicago
Beverly,TX,31.52517,-97.14195,America/Chicago
Beverly Hills,TX,31.52156,-97.15389,America/Chicago
Bevil Oaks,TX,30.15021,-94.26963,America/Chicago
Big Lake,TX,31.19154,-101.46039,America/Chicago
Big Sandy,TX,32.58375,-95.10883,America/Chicago
Big Spring,TX,32.2504,-101.47874,America/Chicago
Bishop,TX,27.58614,-97.79916,America/Chicago
Blanco,TX,30.09799,-98.42141,America/Chicago
Bloomington,TX,28.64777,-96.89249,America/Chicago
Blossom,TX,33.6615,-95.38579,America/Chicago
Blue Mound,TX,32.85652,-97.33891,America/Chicago
Boerne,TX,29.79466,-98.73197,America/Chicago
Bogata,TX,33.47067,-95.21384,America/Chicago
Boling,TX,29.26441,-95.94384,America/Chicago
Bolivar Peninsula,TX,29.47829,-94.57991,America/Chicago
Bonham,TX,33.57733,-96.17831,America/Chicago
Booker,TX,36.45336,-100.53737,America/Chicago
Borger,TX,35.66782,-101.39739,America/Chicago
Bovina,TX,34.51368,-102.883,America/Chicago
Bowie,TX,33.559,-97.84865,America/Chicago
Boyd,TX,33.07873,-97.5653,America/Chicago
Brackettville,TX,29.31051,-100.41786,America/Chicago
Brady,TX,31.13517,-99.33506,America/Chicago
Brazoria,TX,29.04441,-95.56911,America/Chicago
Breckenridge,TX,32.75568,-98.90229,America/Chicago
Brenham,TX,30.16688,-96.39774,America/Chicago
Briar,TX,32.99512,-97.5428,America/Chicago
Briarcliff,TX,30.40742,-98.04446,America/Chicago
Bridge City,TX,30.02077,-93.84573,America/Chicago
Bridgeport,TX,33.21012,-97.75476,America/Chicago
Brookshire,TX,29.78606,-95.95107,America/Chicago
Brookside Village,TX,29.5869,-95.32522,America/Chicago
Brownfield,TX,33.1812,-102.27435,America/Chicago
Brownsboro,TX,32.30237,-95.61357,America/Chicago
Brownsville,TX,25.90175,-97.49748,America/Chicago
Brownwood,TX,31.70932,-98.99116,America/Chicago
Bruceville-Eddy,TX,31.30517,-97.25167,America/Chicago
Brushy Creek,TX,30.51353,-97.73973,America/Chicago
Bryan,TX,30.67436,-96.36996,America/Chicago
Buchanan Dam,TX,30.7399,-98.43114,America/Chicago
Buda,TX,30.08521,-97.84028,America/Chicago
Buffalo,TX,31.46379,-96.05802,America/Chicago
Bullard,TX,32.13988,-95.32023,America/Chicago
Bulverde,TX,29.74383,-98.45307,America/Chicago
Buna,TX,30.43298,-93.9624,America/Chicago
Bunker Hill Village,TX,29.76745,-95.52994,America/Chicago
Burkburnett,TX,34.09787,-98.57061,America/Chicago
Burleson,TX,32.54208,-97.32085,America/Chicago
Burnet,TX,30.75824,-98.22836,America/Chicago
Bushland,TX,35.192,-102.06464,America/Chicago
Cactus,TX,27.90695,-99.39392,America/Chicago
Cactus,TX,36.05226,-102.0024,America/Chicago
Caddo Mills,TX,33.06567,-96.22776,America/Chicago
Caldwell,TX,30.53132,-96.69303,America/Chicago
Calvert,TX,30.97797,-96.67386,America/Chicago
Cameron,TX,30.85325,-96.97693,America/Chicago
Cameron Park,TX,25.96452,-97.47665,America/Chicago
Cameron Park Colonia,TX,25.97147,-97.47832,America/Chicago
Camp Swift,TX,30.19077,-97.29221,America/Chicago
Canadian,TX,35.91282,-100.38208,America/Chicago
Canton,TX,32.55652,-95.8633,America/Chicago
Canutillo,TX,31.91149,-106.60027,America/Denver
Canyon,TX,34.98033,-101.9188,America/Chicago
Canyon Lake,TX,29.87522,-98.26251,America/Chicago
Carrizo Springs,TX,28.52193,-99.86061,America/Chicago
Carrollton,TX,32.95373,-96.89028,America/Chicago
Carthage,TX,32.15738,-94.33742,America/Chicago
Castle Hills,TX,29.52329,-98.51641,America/Chicago
Castroville,TX,29.35579,-98.87864,America/Chicago
Cedar Hill,TX,32.58847,-96.95612,America/Chicago
Cedar Park,TX,30.5052,-97.82029,America/Chicago
Celina,TX,33.32456,-96.78444,America/Chicago
Center,TX,31.51073,-96.4247,America/Chicago
Center,TX,31.79545,-94.17909,America/Chicago
Centerville,TX,31.25796,-95.97829,America/Chicago
Central Gardens,TX,29.99549,-94.01406,America/Chicago
Chandler,TX,32.30793,-95.47996,America/Chicago
Channelview,TX,29.77606,-95.11465,America/Chicago
Channing,TX,35.68365,-102.3302,America/Chicago
Charlotte,TX,28.86192,-98.70641,America/Chicago
Chico,TX,33.29595,-97.79892,America/Chicago
Childress,TX,34.42645,-100.204,America/Chicago
China,TX,30.04799,-94.33574,America/Chicago
China Grove,TX,29.38885,-98.3489,America/Chicago
Cibolo,TX,29.56162,-98.22696,America/Chicago
Cienegas Terrace,TX,29.36745,-100.94371,America/Chicago
Cinco Ranch,TX,29.73884,-95.758,America/Chicago
Circle D-KC Estates,TX,30.161,-97.23473,America/Chicago
Cisco,TX,32.38819,-98.97923,America/Chicago
Citrus City,TX,26.32646,-98.3853,America/Chicago
Clarendon,TX,34.93783,-100.8882,America/Chicago
Clarksville,TX,33.61066,-95.05272,America/Chicago
Claude,TX,35.11172,-101.36322,America/Chicago
Clear Lake Shores,TX,29.54745,-95.03215,America/Chicago
Cleburne,TX,32.34764,-97.38668,America/Chicago
Cleveland,TX,30.34132,-95.08549,America/Chicago
Clifton,TX,31.78238,-97.57669,America/Chicago
Clint,TX,31.59234,-106.22414,America/Denver
Cloverleaf,TX,29.77828,-95.17188,America/Chicago
Clute,TX,29.02469,-95.39883,America/Chicago
Clyde,TX,32.40596,-99.49369,America/Chicago
Cockrell Hill,TX,32.73624,-96.88695,America/Chicago
Coldspring,TX,30.59242,-95.12938,America/Chicago
Coleman,TX,31.82737,-99.42645,America/Chicago
College Station,TX,30.62798,-96.33441,America/Chicago
Colleyville,TX,32.88096,-97.15501,America/Chicago
Collinsville,TX,33.5615,-96.91111,America/Chicago
Colorado City,TX,32.38817,-100.86456,America/Chicago
Columbus,TX,29.70662,-96.53969,America/Chicago
Comanche,TX,31.89737,-98.60366,America/Chicago
Combes,TX,26.24869,-97.73388,America/Chicago
Combine,TX,32.58847,-96.5086,America/Chicago
Comfort,TX,29.96771,-98.90503,America/Chicago
Commerce,TX,33.24706,-95.89997,America/Chicago
Conroe,TX,30.31188,-95.45605,America/Chicago
Converse,TX,29.51801,-98.31612,America/Chicago
Cooper,TX,33.37344,-95.68829,America/Chicago
Cooper,TX,31.24324,-95.58217,America/Chicago
Coppell,TX,32.95457,-97.01501,America/Chicago
Copper Canyon,TX,33.09595,-97.09668,America/Chicago
Copperas Cove,TX,31.12406,-97.90308,America/Chicago
Corinth,TX,33.15401,-97.06473,America/Chicago
Corpus Christi,TX,27.80058,-97.39638,America/Chicago
Corrigan,TX,30.99686,-94.82715,America/Chicago
Corsicana,TX,32.09543,-96.46887,America/Chicago
Cottonwood Shores,TX,30.55575,-98.32391,America/Chicago
Cotulla,TX,28.43693,-99.23503,America/Chicago
Crandall,TX,32.62791,-96.45582,America/Chicago
Crane,TX,31.39736,-102.35014,America/Chicago
Crockett,TX,31.31824,-95.45661,America/Chicago
Crosby,TX,29.91189,-95.06215,America/Chicago
Crosbyton,TX,33.66008,-101.23793,America/Chicago
Cross Mountain,TX,29.6455,-98.65947,America/Chicago
Crowell,TX,33.98397,-99.72482,America/Chicago
Crowley,TX,32.57903,-97.36252,America/Chicago
Crystal City,TX,28.67748,-99.82811,America/Chicago
Cuero,TX,29.09387,-97.28916,America/Chicago
Cut and Shoot,TX,30.33327,-95.35799,America/Chicago
Cypress,TX,29.96911,-95.69717,America/Chicago
César Chávez,TX,26.3034,-98.11529,America/Chicago
Daingerfield,TX,33.03179,-94.72187,America/Chicago
Dalhart,TX,36.05948,-102.51325,America/Chicago
Dallas,TX,32.78306,-96.80667,America/Chicago
Dalworthington Gardens,TX,32.70291,-97.15529,America/Chicago
Danbury,TX,29.2283,-95.34494,America/Chicago
Dayton,TX,30.04661,-94.8852,America/Chicago
De Kalb,TX,33.50873,-94.61632,America/Chicago
De Leon,TX,32.11097,-98.53588,America/Chicago
DeCordova,TX,32.42986,-97.69503,America/Chicago
DeSoto,TX,32.58986,-96.85695,America/Chicago
Decatur,TX,33.23428,-97.58614,America/Chicago
Deer Park,TX,29.70523,-95.12382,America/Chicago
Del Rio,TX,29.36273,-100.89676,America/Chicago
Denison,TX,33.75566,-96.53666,America/Chicago
Denton,TX,33.21484,-97.13307,America/Chicago
Denver City,TX,32.96455,-102.8291,America/Chicago
Devine,TX,29.13996,-98.90531,America/Chicago
Deweyville,TX,30.29771,-93.7435,America/Chicago
Diboll,TX,31.18713,-94.78104,America/Chicago
Dickens,TX,33.62175,-100.83652,America/Chicago
Dickinson,TX,29.46079,-95.05132,America/Chicago
Dilley,TX,28.66748,-99.17059,America/Chicago
Dimmitt,TX,34.5509,-102.31186,America/Chicago
Doffing,TX,26.27452,-98.38585,America/Chicago
Donna,TX,26.17035,-98.05195,America/Chicago
Doolittle,TX,26.35337,-98.11666,America/Chicago
Double Oak,TX,33.06512,-97.11057,America/Chicago
Dripping Springs,TX,30.19021,-98.08668,America/Chicago
Dublin,TX,32.08514,-98.34199,America/Chicago
Dumas,TX,35.86559,-101.97324,America/Chicago
Duncanville,TX,32.6518,-96.90834,America/Chicago
Eagle Lake,TX,29.58968,-96.33358,America/Chicago
Eagle Mountain,TX,32.89346,-97.44446,America/Chicago
Eagle Pass,TX,28.70914,-100.49952,America/Chicago
Early,TX,31.7421,-98.94561,America/Chicago
Earth,TX,34.23314,-102.41075,America/Chicago
East Bernard,TX,29.53107,-96.07107,America/Chicago
Eastland,TX,32.40152,-98.81756,America/Chicago
Edcouch,TX,26.29396,-97.96056,America/Chicago
Eden,TX,31.21628,-99.84563,America/Chicago
Edgecliff Village,TX,32.65763,-97.34279,America/Chicago
Edgewood,TX,32.69818,-95.88524,America/Chicago
Edinburg,TX,26.30174,-98.16334,America/Chicago
Edna,TX,28.97859,-96.64609,America/Chicago
Eidson Road,TX,28.6772,-100.48702,America/Chicago
El Campo,TX,29.19664,-96.26969,America/Chicago
El Cenizo,TX,27.35224,-99.49254,America/Chicago
El Lago,TX,29.56356,-95.04521,America/Chicago
El Paso,TX,31.75872,-106.48693,America/Denver
Eldorado,TX,30.86017,-100.60093,America/Chicago
Electra,TX,34.02926,-98.91896,America/Chicago
Elgin,TX,30.34965,-97.37027,America/Chicago
Elkhart,TX,31.62517,-95.5794,America/Chicago
Elm Creek,TX,28.77442,-100.49174,America/Chicago
Elmendorf,TX,29.25607,-98.33279,America/Chicago
Elsa,TX,26.2934,-97.99306,America/Chicago
Emory,TX,32.87457,-95.76552,America/Chicago
Encantada-Ranchito-El Calaboz,TX,26.03344,-97.63307,America/Chicago
Ennis,TX,32.32931,-96.62527,America/Chicago
Escobares,TX,26.41062,-98.96253,America/Chicago
Euless,TX,32.83707,-97.08195,America/Chicago
Evadale,TX,30.35493,-94.07268,America/Chicago
Everman,TX,32.63097,-97.28918,America/Chicago
Fabens,TX,31.50234,-106.15859,America/Denver
Fair Oaks Ranch,TX,29.74578,-98.64336,America/Chicago
Fairchilds,TX,29.43135,-95.78023,America/Chicago
Fairfield,TX,31.72461,-96.16525,America/Chicago
Fairview,TX,33.1579,-96.63166,America/Chicago
Fairview,TX,33.01929,-97.54586,America/Chicago
Falcon Lake Estates,TX,26.87282,-99.25531,America/Chicago
Falfurrias,TX,27.22699,-98.14417,America/Chicago
Fannett,TX,29.92605,-94.25074,America/Chicago
Farmers Branch,TX,32.92651,-96.89612,America/Chicago
Farmersville,TX,33.16345,-96.35998,America/Chicago
Farwell,TX,34.38341,-103.038,America/Chicago
Fate,TX,32.94151,-96.38137,America/Chicago
Ferris,TX,32.53403,-96.66555,America/Chicago
Fifth Street,TX,29.59829,-95.55133,America/Chicago
Flatonia,TX,29.68773,-97.1086,America/Chicago
Florence,TX,30.8413,-97.79363,America/Chicago
Floresville,TX,29.13358,-98.15612,America/Chicago
Flower Mound,TX,33.01457,-97.09696,America/Chicago
Floydada,TX,33.98452,-101.33766,America/Chicago
Forest Hill,TX,32.67208,-97.26918,America/Chicago
Forney,TX,32.74818,-96.47193,America/Chicago
Fort Bliss,TX,31.81357,-106.41224,America/Denver
Fort Cavazos,TX,31.13489,-97.77561,America/Chicago
Fort Clark Springs,TX,29.30607,-100.42202,America/Chicago
Fort Davis,TX,30.58821,-103.89463,America/Chicago
Fort Hancock,TX,31.29846,-105.84525,America/Denver
Fort Stockton,TX,30.89404,-102.87932,America/Chicago
Fort Worth,TX,32.72541,-97.32085,America/Chicago
Four Corners,TX,29.66857,-95.65772,America/Chicago
Franklin,TX,31.02602,-96.48524,America/Chicago
Frankston,TX,32.05266,-95.50635,America/Chicago
Fredericksburg,TX,30.2752,-98.87198,America/Chicago
Freeport,TX,28.95414,-95.35966,America/Chicago
Freer,TX,27.8828,-98.61779,America/Chicago
Fresno,TX,29.53885,-95.44744,America/Chicago
Friendswood,TX,29.5294,-95.20104,America/Chicago
Friona,TX,34.64173,-102.7241,America/Chicago
Frisco,TX,33.15067,-96.82361,America/Chicago
Fritch,TX,35.63977,-101.60323,America/Chicago
Fulshear,TX,29.68996,-95.89968,America/Chicago
Fulton,TX,28.0614,-97.0411,America/Chicago
Gail,TX,32.77038,-101.44541,America/Chicago
Gainesville,TX,33.62594,-97.13335,America/Chicago
Galena Park,TX,29.73356,-95.23021,America/Chicago
Galveston,TX,29.30135,-94.7977,America/Chicago
Ganado,TX,29.04054,-96.51358,America/Chicago
Garden City,TX,31.86402,-101.48123,America/Chicago
Garden Ridge,TX,29.63467,-98.30529,America/Chicago
Gardendale,TX,28.51693,-99.21614,America/Chicago
Gardendale,TX,32.0204,-102.38015,America/Chicago
Garfield,TX,30.18744,-97.55778,America/Chicago
Garland,TX,32.91262,-96.63888,America/Chicago
Gatesville,TX,31.43516,-97.74391,America/Chicago
George West,TX,28.3325,-98.11751,America/Chicago
Georgetown,TX,30.63269,-97.67723,America/Chicago
Geronimo,TX,29.663,-97.96695,America/Chicago
Gholson,TX,31.701,-97.2164,America/Chicago
Giddings,TX,30.18272,-96.93637,America/Chicago
Gilmer,TX,32.72875,-94.94244,America/Chicago
Gladewater,TX,32.53653,-94.94272,America/Chicago
Glen Rose,TX,32.23459,-97.75531,America/Chicago
Glenn Heights,TX,32.54875,-96.85667,America/Chicago
Godley,TX,32.44903,-97.52669,America/Chicago
Goldthwaite,TX,31.44989,-98.57088,America/Chicago
Goliad,TX,28.66833,-97.38833,America/Chicago
Gonzales,TX,29.50163,-97.45249,America/Chicago
Gorman,TX,32.21375,-98.67061,America/Chicago
Graham,TX,33.10706,-98.5895,America/Chicago
Granbury,TX,32.44208,-97.7942,America/Chicago
Grand Prairie,TX,32.74596,-96.99778,America/Chicago
Grand Saline,TX,32.67346,-95.70941,America/Chicago
Grandview,TX,32.27042,-97.17918,America/Chicago
Granger,TX,30.71769,-97.44278,America/Chicago
Granite Shoals,TX,30.58908,-98.38392,America/Chicago
Grape Creek,TX,31.57932,-100.5476,America/Chicago
Grapeland,TX,31.49185,-95.47856,America/Chicago
Grapevine,TX,32.93429,-97.07807,America/Chicago
Greatwood,TX,29.55413,-95.67578,America/Chicago
Green Valley Farms,TX,26.12202,-97.56054,America/Chicago
Greenville,TX,33.13845,-96.11081,America/Chicago
Gregory,TX,27.92224,-97.28999,America/Chicago
Groesbeck,TX,31.52434,-96.53387,America/Chicago
Groves,TX,29.94827,-93.91712,America/Chicago
Groveton,TX,31.05491,-95.12577,America/Chicago
Gruver,TX,36.26503,-101.40627,America/Chicago
Gun Barrel City,TX,32.33459,-96.15136,America/Chicago
Gunter,TX,33.44789,-96.74749,America/Chicago
Gunter,TX,32.86873,-95.62968,America/Chicago
Guthrie,TX,33.62064,-100.32289,America/Chicago
Hackberry,TX,33.15234,-96.91778,America/Chicago
Hale Center,TX,34.06424,-101.84379,America/Chicago
Hallettsville,TX,29.44385,-96.94109,America/Chicago
Hallsville,TX,32.50432,-94.57409,America/Chicago
Haltom City,TX,32.79957,-97.26918,America/Chicago
Hamilton,TX,31.70377,-98.12392,America/Chicago
Hamlin,TX,32.88483,-100.12649,America/Chicago
Harker Heights,TX,31.08351,-97.65974,America/Chicago
Harlingen,TX,26.19063,-97.6961,America/Chicago
Harper,TX,30.29992,-99.24421,America/Chicago
Hart,TX,34.38507,-102.11574,America/Chicago
Haskell,TX,33.1576,-99.7337,America/Chicago
Haslet,TX,32.97485,-97.3478,America/Chicago
Hawkins,TX,32.58847,-95.20411,America/Chicago
Hearne,TX,30.87852,-96.59303,America/Chicago
Heath,TX,32.83651,-96.47499,America/Chicago
Hebbronville,TX,27.30688,-98.68032,America/Chicago
Hedwig Village,TX,29.77745,-95.51716,America/Chicago
Heidelberg,TX,26.19702,-97.88028,America/Chicago
Helotes,TX,29.57801,-98.68975,America/Chicago
Hemphill,TX,31.34074,-93.84685,America/Chicago
Hempstead,TX,30.09744,-96.07829,America/Chicago
Henderson,TX,32.15322,-94.79938,America/Chicago
Henrietta,TX,33.81732,-98.19532,America/Chicago
Hereford,TX,34.81521,-102.39932,America/Chicago
Hewitt,TX,31.46239,-97.19584,America/Chicago
Hickory Creek,TX,31.37879,-95.32133,America/Chicago
Hickory Creek,TX,33.12234,-97.04306,America/Chicago
Hico,TX,31.98293,-98.03365,America/Chicago
Hidalgo,TX,26.10035,-98.26307,America/Chicago
Hideaway,TX,32.49042,-95.45746,America/Chicago
Highland Park,TX,32.83346,-96.79195,America/Chicago
Highland Village,TX,33.09179,-97.04668,America/Chicago
Highlands,TX,29.81884,-95.05604,America/Chicago
Hill Country Village,TX,29.58245,-98.49085,America/Chicago
Hillsboro,TX,32.01099,-97.13001,America/Chicago
Hilltop Lakes,TX,31.07935,-96.20385,America/Chicago
Hitchcock,TX,29.34829,-95.01604,America/Chicago
Holiday Lakes,TX,29.20969,-95.51689,America/Chicago
Holland,TX,30.87824,-97.40167,America/Chicago
Holliday,TX,33.81621,-98.69506,America/Chicago
Holly Lake Ranch,TX,32.71336,-95.19756,America/Chicago
Hollywood Park,TX,29.6005,-98.48724,America/Chicago
Homestead Meadows North,TX,31.84963,-106.17285,America/Denver
Homestead Meadows South,TX,31.81097,-106.16427,America/Denver
Hondo,TX,29.34746,-99.14142,America/Chicago
Honey Grove,TX,33.58344,-95.90997,America/Chicago
Hooks,TX,33.46623,-94.28853,America/Chicago
Horizon City,TX,31.69261,-106.20748,America/Denver
Hornsby Bend,TX,30.24743,-97.58333,America/Chicago
Horseshoe Bay,TX,30.54429,-98.37394,America/Chicago
Houston,TX,29.76328,-95.36327,America/Chicago
Howe,TX,33.50872,-96.61221,America/Chicago
Hubbard,TX,31.84849,-96.79721,America/Chicago
Hudson,TX,31.32268,-94.77826,America/Chicago
Hudson,TX,29.90245,-95.50244,America/Chicago
Hudson Bend,TX,30.41714,-97.92918,America/Chicago
Hudson Oaks,TX,32.75707,-97.7067,America/Chicago
Hughes Springs,TX,32.99846,-94.63076,America/Chicago
Humble,TX,29.99883,-95.26216,America/Chicago
Hunters Creek Village,TX,29.77051,-95.4955,America/Chicago
Huntington,TX,31.27769,-94.57659,America/Chicago
Huntsville,TX,30.72353,-95.55078,America/Chicago
Hurst,TX,32.82346,-97.17057,America/Chicago
Hutchins,TX,32.6493,-96.71305,America/Chicago
Hutto,TX,30.5427,-97.54667,America/Chicago
Idalou,TX,33.66647,-101.68294,America/Chicago
Indian Hills,TX,26.21285,-97.91639,America/Chicago
Inez,TX,28.90388,-96.78804,America/Chicago
Ingleside,TX,27.8778,-97.21166,America/Chicago
Ingram,TX,30.07743,-99.24032,America/Chicago
Iowa Colony,TX,29.48246,-95.4155,America/Chicago
Iowa Park,TX,33.95148,-98.66867,America/Chicago
Iraan,TX,30.91405,-101.89791,America/Chicago
Irving,TX,32.81402,-96.94889,America/Chicago
Italy,TX,32.18404,-96.88472,America/Chicago
Itasca,TX,32.15959,-97.15001,America/Chicago
Jacinto City,TX,29.76745,-95.23382,America/Chicago
Jacksboro,TX,33.21845,-98.15866,America/Chicago
Jacksonville,TX,31.96378,-95.2705,America/Chicago
Jamaica Beach,TX,29.18968,-94.97965,America/Chicago
Jarrell,TX,30.82491,-97.60445,America/Chicago
Jasper,TX,30.9202,-93.99658,America/Chicago
Jayton,TX,33.24815,-100.57373,America/Chicago
Jefferson,TX,32.75736,-94.34519,America/Chicago
Jersey Village,TX,29.88772,-95.563,America/Chicago
Jewett,TX,31.36157,-96.14413,America/Chicago
Johnson City,TX,30.27687,-98.41197,America/Chicago
Jollyville,TX,30.4427,-97.77501,America/Chicago
Jones Creek,TX,28.96858,-95.45522,America/Chicago
Jonestown,TX,30.49547,-97.92335,America/Chicago
Josephine,TX,33.06123,-96.3072,America/Chicago
Joshua,TX,32.46153,-97.38807,America/Chicago
Jourdanton,TX,28.91803,-98.54641,America/Chicago
Junction,TX,30.48936,-99.77201,America/Chicago
Justin,TX,33.08484,-97.29613,America/Chicago
Karnes City,TX,28.88498,-97.90084,America/Chicago
Katy,TX,29.78579,-95.8244,America/Chicago
Kaufman,TX,32.58902,-96.30887,America/Chicago
Keene,TX,32.39681,-97.3239,America/Chicago
Keller,TX,32.93457,-97.25168,America/Chicago
Kemah,TX,29.54273,-95.02048,America/Chicago
Kemp,TX,32.44264,-96.22998,America/Chicago
Kempner,TX,31.08101,-98.00252,America/Chicago
Kenedy,TX,28.81915,-97.84861,America/Chicago
Kennedale,TX,32.6468,-97.22585,America/Chicago
Kerens,TX,32.13321,-96.22775,America/Chicago
Kermit,TX,31.85763,-103.09267,America/Chicago
Kerrville,TX,30.04743,-99.14032,America/Chicago
Kilgore,TX,32.38626,-94.87577,America/Chicago
Killeen,TX,31.11712,-97.7278,America/Chicago
Kingsland,TX,30.65824,-98.44058,America/Chicago
Kingsville,TX,27.51587,-97.85611,America/Chicago
Kirby,TX,29.46329,-98.38557,America/Chicago
Kirbyville,TX,30.66048,-93.89268,America/Chicago
Knox City,TX,33.41815,-99.81898,America/Chicago
Kountze,TX,30.3716,-94.31241,America/Chicago
Krugerville,TX,33.28151,-96.99056,America/Chicago
Krum,TX,33.26151,-97.23807,America/Chicago
Kyle,TX,29.98911,-97.87723,America/Chicago
La Blanca,TX,26.29285,-98.03778,America/Chicago
La Coste,TX,29.31079,-98.81003,America/Chicago
La Feria,TX,26.15896,-97.82389,America/Chicago
La Grange,TX,29.9055,-96.87665,America/Chicago
La Grulla,TX,26.26951,-98.64725,America/Chicago
La Homa,TX,26.25007,-98.36363,America/Chicago
La Joya,TX,26.24702,-98.48141,America/Chicago
La Marque,TX,29.36857,-94.97131,America/Chicago
La Paloma,TX,26.04591,-97.66749,America/Chicago
La Porte,TX,29.66578,-95.01937,America/Chicago
La Pryor,TX,28.94108,-99.84978,America/Chicago
La Vernia,TX,29.35635,-98.11556,America/Chicago
La Villa,TX,26.29868,-97.92861,America/Chicago
Lackland Air Force Base,TX,29.38663,-98.61797,America/Chicago
Lacy-Lakeview,TX,31.62933,-97.10278,America/Chicago
Lago Vista,TX,30.4602,-97.98835,America/Chicago
Laguna Heights,TX,26.08008,-97.25386,America/Chicago
Laguna Park,TX,31.85932,-97.37974,America/Chicago
Laguna Vista,TX,26.10091,-97.29025,America/Chicago
Lake Brownwood,TX,31.824,-99.099,America/Chicago
Lake Dallas,TX,33.11929,-97.02556,America/Chicago
Lake Dunlap,TX,29.67578,-98.07223,America/Chicago
Lake Jackson,TX,29.03386,-95.43439,America/Chicago
Lake Kiowa,TX,33.57705,-97.01306,America/Chicago
Lake Worth,TX,32.80485,-97.44502,America/Chicago
Lakehills,TX,29.60467,-98.94309,America/Chicago
Lakeside,TX,32.82235,-97.49335,America/Chicago
Lakeway,TX,30.36377,-97.97959,America/Chicago
Lamesa,TX,32.7376,-101.95099,America/Chicago
Lampasas,TX,31.06378,-98.1817,America/Chicago
Lancaster,TX,32.59208,-96.75611,America/Chicago
Lantana,TX,33.09073,-97.12416,America/Chicago
Laredo,TX,27.50641,-99.50754,America/Chicago
Las Lomas,TX,26.36479,-98.7753,America/Chicago
Las Palmas II,TX,26.20171,-97.7376,America/Chicago
Las Quintas Fronterizas,TX,28.69053,-100.46869,America/Chicago
Las Quintas Fronterizas Colonia,TX,28.69137,-100.46924,America/Chicago
Lasara,TX,26.46479,-97.91111,America/Chicago
Laughlin Air Force Base,TX,29.35663,-100.78353,America/Chicago
Laureles,TX,26.10924,-97.49415,America/Chicago
Lavon,TX,33.02762,-96.43415,America/Chicago
League City,TX,29.50745,-95.09493,America/Chicago
Leakey,TX,29.72884,-99.76145,America/Chicago
Leander,TX,30.57881,-97.85307,America/Chicago
Leon Valley,TX,29.49523,-98.61863,America/Chicago
Leonard,TX,33.37955,-96.24748,America/Chicago
Levelland,TX,33.58732,-102.37796,America/Chicago
Lewisville,TX,33.04623,-96.99417,America/Chicago
Lexington,TX,30.4191,-97.01165,America/Chicago
Liberty,TX,30.05799,-94.79548,America/Chicago
Liberty City,TX,32.44543,-94.94855,America/Chicago
Liberty Hill,TX,30.66491,-97.92252,America/Chicago
Lindale,TX,32.5157,-95.4094,America/Chicago
Linden,TX,33.01235,-94.36547,America/Chicago
Lindsay,TX,33.63594,-97.22279,America/Chicago
Little Elm,TX,33.16262,-96.93751,America/Chicago
Little River-Academy,TX,30.98629,-97.35861,America/Chicago
Littlefield,TX,33.91731,-102.3249,America/Chicago
Live Oak,TX,29.56523,-98.3364,America/Chicago
Livingston,TX,30.71103,-94.93299,America/Chicago
Llano,TX,30.75935,-98.67504,America/Chicago
Llano Grande,TX,26.1298,-97.96806,America/Chicago
Lockhart,TX,29.88494,-97.67,America/Chicago
Lockney,TX,34.12452,-101.44155,America/Chicago
Lone Star,TX,33.78566,-95.38773,America/Chicago
Lone Star,TX,32.94402,-94.70715,America/Chicago
Longview,TX,32.5007,-94.74049,America/Chicago
Lopezville,TX,26.23813,-98.15973,America/Chicago
Lorena,TX,31.38656,-97.21556,America/Chicago
Lorenzo,TX,33.67064,-101.53516,America/Chicago
Los Fresnos,TX,26.07174,-97.47637,America/Chicago
Los Indios,TX,26.04924,-97.74499,America/Chicago
Lost Creek,TX,30.29548,-97.84445,America/Chicago
Lowry Crossing,TX,33.15484,-96.54721,America/Chicago
Lubbock,TX,33.57786,-101.85517,America/Chicago
Lucas,TX,33.08429,-96.57666,America/Chicago
Lufkin,TX,31.33824,-94.7291,America/Chicago
Luling,TX,29.68051,-97.6475,America/Chicago
Lumberton,TX,30.26577,-94.19963,America/Chicago
Lyford,TX,26.41229,-97.78972,America/Chicago
Lytle,TX,29.23329,-98.79641,America/Chicago
Mabank,TX,32.36653,-96.10081,America/Chicago
Madisonville,TX,30.94991,-95.91162,America/Chicago
Magnolia,TX,30.20938,-95.75078,America/Chicago
Malakoff,TX,32.1696,-96.01247,America/Chicago
Manchaca,TX,30.14077,-97.83306,America/Chicago
Manor,TX,30.34076,-97.55695,America/Chicago
Mansfield,TX,32.56319,-97.14168,America/Chicago
Manvel,TX,29.46274,-95.35799,America/Chicago
Marble Falls,TX,30.57841,-98.27507,America/Chicago
Marfa,TX,30.30973,-104.02134,America/Chicago
Marion,TX,29.57134,-98.14029,America/Chicago
Markham,TX,28.96026,-96.06524,America/Chicago
Marlin,TX,31.30629,-96.89804,America/Chicago
Marshall,TX,32.54487,-94.36742,America/Chicago
Mart,TX,31.54239,-96.8336,America/Chicago
Martindale,TX,29.8455,-97.84084,America/Chicago
Mason,TX,30.74879,-99.23061,America/Chicago
Matador,TX,34.01202,-100.82208,America/Chicago
Mathis,TX,28.09446,-97.82805,America/Chicago
Maud,TX,33.3329,-94.3427,America/Chicago
Mauriceville,TX,30.20354,-93.86628,America/Chicago
McAllen,TX,26.20341,-98.23001,America/Chicago
McCamey,TX,31.13598,-102.2243,America/Chicago
McGregor,TX,31.44406,-97.40918,America/Chicago
McKinney,TX,33.19762,-96.61527,America/Chicago
McLendon-Chisholm,TX,32.84235,-96.38054,America/Chicago
McQueeney,TX,29.59217,-98.03334,America/Chicago
Meadowlakes,TX,30.56245,-98.29867,America/Chicago
Meadows Place,TX,29.65134,-95.588,America/Chicago
Medina,TX,29.79661,-99.24643,America/Chicago
Medina,TX,26.92115,-99.25948,America/Chicago
Melissa,TX,33.28595,-96.57277,America/Chicago
Memphis,TX,34.72478,-100.53401,America/Chicago
Menard,TX,30.91767,-99.78646,America/Chicago
Mentone,TX,31.70513,-103.59935,America/Chicago
Mercedes,TX,26.1498,-97.91361,America/Chicago
Meridian,TX,31.92321,-97.65669,America/Chicago
Merkel,TX,32.47068,-100.01287,America/Chicago
Mertzon,TX,31.26183,-100.81733,America/Chicago
Mesquite,TX,32.7668,-96.59916,America/Chicago
Mexia,TX,31.67989,-96.4822,America/Chicago
Miami,TX,35.69143,-100.63819,America/Chicago
Midland,TX,31.99735,-102.07791,America/Chicago
Midlothian,TX,32.48236,-96.99445,America/Chicago
Midway North,TX,26.18776,-98.01708,America/Chicago
Midway South,TX,26.15694,-98.02011,America/Chicago
Mila Doce,TX,26.22618,-97.95889,America/Chicago
Milam,TX,31.4324,-93.84574,America/Chicago
Mineola,TX,32.66319,-95.48829,America/Chicago
Mineral Wells,TX,32.80846,-98.11282,America/Chicago
Mission,TX,26.21591,-98.32529,America/Chicago
Mission Bend,TX,29.69384,-95.66495,America/Chicago
Missouri City,TX,29.61857,-95.53772,America/Chicago
Monahans,TX,31.5943,-102.89265,America/Chicago
Mont Belvieu,TX,29.84772,-94.89076,America/Chicago
Montague,TX,33.66483,-97.72059,America/Chicago
Monte Alto,TX,26.37312,-97.97167,America/Chicago
Moody,TX,31.30823,-97.3614,America/Chicago
Morgans Point Resort,TX,31.14823,-97.46334,America/Chicago
Morton,TX,33.7251,-102.75938,America/Chicago
Mount Pleasant,TX,33.15679,-94.96827,America/Chicago
Mount Vernon,TX,33.18873,-95.22133,America/Chicago
Muenster,TX,33.65177,-97.37641,America/Chicago
Muleshoe,TX,34.22647,-102.72383,America/Chicago
Munday,TX,33.44926,-99.62286,America/Chicago
Muniz,TX,26.25646,-98.08945,America/Chicago
Murillo Colonia,TX,26.25646,-98.11334,America/Chicago
Murphy,TX,33.01512,-96.61305,America/Chicago
Nacogdoches,TX,31.60351,-94.65549,America/Chicago
Naples,TX,33.20318,-94.68021,America/Chicago
Nash,TX,33.44235,-94.13075,America/Chicago
Nash,TX,32.2657,-96.81277,America/Chicago
Nassau Bay,TX,29.54468,-95.09104,America/Chicago
Natalia,TX,29.18968,-98.86253,America/Chicago
Navasota,TX,30.38798,-96.08773,America/Chicago
Nederland,TX,29.97438,-93.9924,America/Chicago
Needville,TX,29.39941,-95.83773,America/Chicago
Nevada,TX,33.04234,-96.37387,America/Chicago
New Boston,TX,33.45984,-94.41548,America/Chicago
New Braunfels,TX,29.703,-98.12445,America/Chicago
New Caney,TX,30.15522,-95.21132,America/Chicago
New Fairview,TX,33.09917,-97.44639,America/Chicago
New Summerfield,TX,31.98072,-95.09383,America/Chicago
New Territory,TX,29.59412,-95.68078,America/Chicago
New Waverly,TX,30.5377,-95.48328,America/Chicago
Newark,TX,33.00124,-97.48447,America/Chicago
Newton,TX,30.84853,-93.7574,America/Chicago
Nixon,TX,29.26746,-97.76444,America/Chicago
Nocona,TX,33.78677,-97.72586,America/Chicago
Nolanville,TX,31.07879,-97.60557,America/Chicago
North Alamo,TX,26.2173,-98.1289,America/Chicago
North Richland Hills,TX,32.8343,-97.2289,America/Chicago
Northcrest,TX,31.63655,-97.09972,America/Chicago
Northlake,TX,33.12734,-97.26557,America/Chicago
Nurillo,TX,26.26702,-98.1214,America/Chicago
Oak Cliff Place,TX,29.92712,-95.62672,America/Chicago
Oak Leaf,TX,32.52042,-96.85472,America/Chicago
Oak Point,TX,33.19012,-96.99167,America/Chicago
Oak Ridge North,TX,30.16022,-95.44438,America/Chicago
Oak Trail Shores,TX,32.48875,-97.8342,America/Chicago
Odem,TX,27.95057,-97.58222,America/Chicago
Odessa,TX,31.84568,-102.36764,America/Chicago
Old River-Winfree,TX,29.86828,-94.8327,America/Chicago
Olivarez,TX,26.22841,-97.99223,America/Chicago
Olmito,TX,26.02174,-97.53415,America/Chicago
Olmos Park,TX,29.47884,-98.48752,America/Chicago
Olney,TX,33.37066,-98.75284,America/Chicago
Olton,TX,34.18341,-102.13463,America/Chicago
Onalaska,TX,30.80575,-95.11633,America/Chicago
Onion Creek,TX,30.1366,-97.78417,America/Chicago
Orange,TX,30.09299,-93.73655,America/Chicago
Orange Grove,TX,27.95668,-97.93694,America/Chicago
Ore City,TX,32.80014,-94.72076,America/Chicago
Overton,TX,32.2746,-94.97855,America/Chicago
Ovilla,TX,32.52653,-96.88639,America/Chicago
Oyster Creek,TX,29.00302,-95.33188,America/Chicago
Ozona,TX,30.71017,-101.20067,America/Chicago
Paducah,TX,34.0123,-100.30206,America/Chicago
Paint Rock,TX,31.50849,-99.92008,America/Chicago
Palacios,TX,28.70805,-96.21747,America/Chicago
Palestine,TX,31.76212,-95.63079,America/Chicago
Palm Valley,TX,26.20174,-97.75416,America/Chicago
Palmer,TX,32.43125,-96.66777,America/Chicago
Palmhurst,TX,26.25841,-98.31807,America/Chicago
Palmview,TX,26.23341,-98.37085,America/Chicago
Palmview South,TX,26.21563,-98.37863,America/Chicago
Palo Pinto,TX,32.76735,-98.29866,America/Chicago
Paloma Creek,TX,33.2253,-96.93742,America/Chicago
Paloma Creek South,TX,33.21136,-96.93554,America/Chicago
Pampa,TX,35.53616,-100.95987,America/Chicago
Panhandle,TX,35.3456,-101.38044,America/Chicago
Panorama Village,TX,30.38104,-95.49355,America/Chicago
Pantego,TX,32.7143,-97.1564,America/Chicago
Paris,TX,33.66094,-95.55551,America/Chicago
Parker,TX,33.0554,-96.62194,America/Chicago
Pasadena,TX,29.69106,-95.2091,America/Chicago
Patton Village,TX,30.19299,-95.16882,America/Chicago
Pearland,TX,29.56357,-95.28605,America/Chicago
Pearsall,TX,28.89219,-99.09503,America/Chicago
Pecan Acres,TX,32.97013,-97.47474,America/Chicago
Pecan Grove,TX,29.62607,-95.73162,America/Chicago
Pecan Plantation,TX,32.36042,-97.67558,America/Chicago
Pecos,TX,31.42291,-103.49323,America/Chicago
Pelican Bay,TX,32.92096,-97.51836,America/Chicago
Penitas,TX,26.23063,-98.44474,America/Chicago
Perezville,TX,26.22452,-98.40057,America/Chicago
Perryton,TX,36.40003,-100.80265,America/Chicago
Petersburg,TX,33.86952,-101.59739,America/Chicago
Pflugerville,TX,30.43937,-97.62,America/Chicago
Pharr,TX,26.1948,-98.18362,America/Chicago
Pilot Point,TX,33.3965,-96.96056,America/Chicago
Pine Island,TX,30.058,-96.03746,America/Chicago
Pinehurst,TX,30.17105,-95.68245,America/Chicago
Pinehurst,TX,30.10715,-93.77461,America/Chicago
Pinewood Estates,TX,30.16438,-94.32158,America/Chicago
Piney Point Village,TX,29.75995,-95.51716,America/Chicago
Pittsburg,TX,32.9954,-94.96577,America/Chicago
Plains,TX,33.18871,-102.82799,America/Chicago
Plainview,TX,34.18479,-101.70684,America/Chicago
Plano,TX,33.01984,-96.69889,America/Chicago
Pleak,TX,29.48913,-95.80773,America/Chicago
Pleasanton,TX,28.96719,-98.47863,America/Chicago
Plum Grove,TX,32.1957,-96.98945,America/Chicago
Ponder,TX,33.1829,-97.28724,America/Chicago
Port Aransas,TX,27.83392,-97.0611,America/Chicago
Port Arthur,TX,29.88519,-93.94233,America/Chicago
Port Isabel,TX,26.07341,-97.20858,America/Chicago
Port Lavaca,TX,28.615,-96.62609,America/Chicago
Port Neches,TX,29.99132,-93.95851,America/Chicago
Port O'Connor,TX,28.44834,-96.40581,America/Chicago
Porter Heights,TX,30.15188,-95.32188,America/Chicago
Portland,TX,27.87725,-97.32388,America/Chicago
Post,TX,33.19122,-101.379,America/Chicago
Poteet,TX,29.04052,-98.56807,America/Chicago
Poth,TX,29.06969,-98.08195,America/Chicago
Potosi,TX,32.3293,-99.65647,America/Chicago
Pottsboro,TX,33.75927,-96.66944,America/Chicago
Powderly,TX,33.81122,-95.5244,America/Chicago
Prairie View,TX,30.09327,-95.98773,America/Chicago
Premont,TX,27.36059,-98.12362,America/Chicago
Presidio,TX,29.56074,-104.37215,America/Chicago
Preston,TX,33.88232,-96.63305,America/Chicago
Primera,TX,26.22591,-97.75805,America/Chicago
Princeton,TX,33.18012,-96.49804,America/Chicago
Progreso,TX,26.0923,-97.95722,America/Chicago
Prosper,TX,33.23623,-96.80111,America/Chicago
Providence Village,TX,33.2334,-96.96158,America/Chicago
Quail Creek,TX,28.7764,-97.08232,America/Chicago
Quanah,TX,34.29785,-99.74037,America/Chicago
Queen City,TX,33.14874,-94.15019,America/Chicago
Quinlan,TX,32.9104,-96.13553,America/Chicago
Quitman,TX,32.79596,-95.45106,America/Chicago
Ralls,TX,33.67425,-101.38766,America/Chicago
Rancho Alegre,TX,27.74169,-98.09473,America/Chicago
Rancho Viejo,TX,26.03952,-97.55638,America/Chicago
Ranger,TX,32.46985,-98.67895,America/Chicago
Rankin,TX,31.22265,-101.93791,America/Chicago
Ransom Canyon,TX,33.53342,-101.67961,America/Chicago
Raymondville,TX,26.48146,-97.78305,America/Chicago
Red Lick,TX,33.46485,-94.17103,America/Chicago
Red Oak,TX,32.51764,-96.80444,America/Chicago
Redland,TX,31.40435,-94.72132,America/Chicago
Redwater,TX,33.35818,-94.25436,America/Chicago
Redwood,TX,29.81022,-97.91139,America/Chicago
Refugio,TX,28.30528,-97.27527,America/Chicago
Rendon,TX,32.57625,-97.2414,America/Chicago
Reno,TX,33.66316,-95.46245,America/Chicago
Reno,TX,32.94429,-97.57725,America/Chicago
Rhome,TX,33.05346,-97.47197,America/Chicago
Ricardo,TX,27.42143,-97.85111,America/Chicago
Richardson,TX,32.94818,-96.72972,America/Chicago
Richland Hills,TX,32.81596,-97.22807,America/Chicago
Richmond,TX,29.58218,-95.76078,America/Chicago
Richwood,TX,29.05608,-95.40994,America/Chicago
Riesel,TX,31.47489,-96.92333,America/Chicago
Rio Bravo,TX,27.36419,-99.48004,America/Chicago
Rio Grande City,TX,26.37979,-98.8203,America/Chicago
Rio Hondo,TX,26.23535,-97.58193,America/Chicago
River Oaks,TX,32.77707,-97.39446,America/Chicago
Roanoke,TX,33.00401,-97.22585,America/Chicago
Robert Lee,TX,31.89237,-100.48482,America/Chicago
Robinson,TX,31.46767,-97.11472,America/Chicago
Robstown,TX,27.7903,-97.66888,America/Chicago
Roby,TX,32.74483,-100.37761,America/Chicago
Rockdale,TX,30.65548,-97.00137,America/Chicago
Rockport,TX,28.02077,-97.05601,America/Chicago
Rocksprings,TX,30.01576,-100.20536,America/Chicago
Rockwall,TX,32.93123,-96.45971,America/Chicago
Rogers,TX,30.93157,-97.22666,America/Chicago
Rollingwood,TX,30.27687,-97.79112,America/Chicago
Roma,TX,26.40526,-99.01581,America/Chicago
Roma-Los Saenz,TX,26.40506,-99.01586,America/Chicago
Roman Forest,TX,30.1791,-95.16243,America/Chicago
Roscoe,TX,32.44595,-100.53872,America/Chicago
Rosebud,TX,31.07296,-96.9786,America/Chicago
Rosenberg,TX,29.55718,-95.80856,America/Chicago
Rosharon,TX,29.35218,-95.46022,America/Chicago
Rosita North,TX,28.65644,-100.42218,America/Chicago
Rosita South,TX,28.62375,-100.42837,America/Chicago
Rotan,TX,32.85205,-100.46566,America/Chicago
Round Rock,TX,30.50826,-97.6789,America/Chicago
Rowlett,TX,32.9029,-96.56388,America/Chicago
Royse City,TX,32.97512,-96.33248,America/Chicago
Runaway Bay,TX,33.16789,-97.87837,America/Chicago
Runge,TX,28.88331,-97.71305,America/Chicago
Rusk,TX,31.79601,-95.15022,America/Chicago
Sabinal,TX,29.31746,-99.46644,America/Chicago
Sachse,TX,32.97623,-96.59527,America/Chicago
Saginaw,TX,32.86013,-97.36391,America/Chicago
Saint Hedwig,TX,29.4144,-98.20001,America/Chicago
Saint Jo,TX,33.69483,-97.52252,America/Chicago
Saint Paul,TX,33.04123,-96.55027,America/Chicago
Salado,TX,30.94713,-97.53862,America/Chicago
Sam Rayburn,TX,31.06408,-94.03575,America/Chicago
San Angelo,TX,31.46377,-100.43704,America/Chicago
San Antonio,TX,29.42412,-98.49363,America/Chicago
San Augustine,TX,31.5299,-94.10603,America/Chicago
San Benito,TX,26.13258,-97.6311,America/Chicago
San Carlos,TX,26.29563,-98.07195,America/Chicago
San Diego,TX,27.76391,-98.2389,America/Chicago
San Elizario,TX,31.58511,-106.27276,America/Denver
San Juan,TX,26.18924,-98.15529,America/Chicago
San Leon,TX,29.48329,-94.92215,America/Chicago
San Marcos,TX,29.88327,-97.94139,America/Chicago
San Saba,TX,31.19572,-98.7181,America/Chicago
Sanderson,TX,30.14241,-102.39403,America/Chicago
Sanger,TX,33.36317,-97.1739,America/Chicago
Sansom Park,TX,32.80596,-97.40307,America/Chicago
Santa Anna,TX,31.74209,-99.32173,America/Chicago
Santa Fe,TX,29.37801,-95.10576,America/Chicago
Santa Rosa,TX,26.25674,-97.825,America/Chicago
Sarita,TX,27.22171,-97.78916,America/Chicago
Savannah,TX,33.22603,-96.90786,America/Chicago
Scenic Oaks,TX,29.71078,-98.67586,America/Chicago
Schertz,TX,29.55217,-98.26973,America/Chicago
Schulenburg,TX,29.6819,-96.90304,America/Chicago
Scissors,TX,26.1398,-98.05389,America/Chicago
Seabrook,TX,29.56412,-95.02548,America/Chicago
Seadrift,TX,28.41528,-96.71359,America/Chicago
Seagoville,TX,32.63958,-96.53832,America/Chicago
Seagraves,TX,32.94427,-102.56491,America/Chicago
Sealy,TX,29.78079,-96.15718,America/Chicago
Sebastian,TX,26.34285,-97.79027,America/Chicago
Seguin,TX,29.56884,-97.96473,America/Chicago
Selma,TX,29.58439,-98.30585,America/Chicago
Seminole,TX,32.71899,-102.64491,America/Chicago
Serenada,TX,30.69936,-97.69195,America/Chicago
Seth Ward,TX,34.21174,-101.69017,America/Chicago
Seven Points,TX,32.32042,-96.21303,America/Chicago
Seymour,TX,33.59426,-99.26035,America/Chicago
Shady Hollow,TX,30.16493,-97.86223,America/Chicago
Shady Shores,TX,33.16512,-97.02945,America/Chicago
Shallowater,TX,33.68897,-101.99823,America/Chicago
Shamrock,TX,32.5993,-96.8875,America/Chicago
Shamrock,TX,35.21422,-100.24901,America/Chicago
Shavano Park,TX,29.58495,-98.55252,America/Chicago
Sheldon,TX,29.868,-95.12826,America/Chicago
Shenandoah,TX,30.18022,-95.45577,America/Chicago
Shepherd,TX,30.49798,-94.9966,America/Chicago
Sherman,TX,33.63566,-96.60888,America/Chicago
Sherwood Shores,TX,33.85232,-96.81778,America/Chicago
Shiner,TX,29.42913,-97.17054,America/Chicago
Shoreacres,TX,29.62023,-95.00993,America/Chicago
Sienna Plantation,TX,29.48607,-95.508,America/Chicago
Sierra Blanca,TX,31.17457,-105.35718,America/Denver
Siesta Acres,TX,28.75799,-100.49019,America/Chicago
Siesta Shores,TX,26.8581,-99.25365,America/Chicago
Silsbee,TX,30.3491,-94.17796,America/Chicago
Silverton,TX,34.47423,-101.30461,America/Chicago
Sinton,TX,28.03668,-97.50916,America/Chicago
Slaton,TX,33.43731,-101.64349,America/Chicago
Smithville,TX,30.00855,-97.15943,America/Chicago
Snyder,TX,32.71789,-100.91762,America/Chicago
Socorro,TX,31.65456,-106.30331,America/Denver
Socorro Mission Number 1 Colonia,TX,31.63622,-106.29054,America/Denver
Somerset,TX,29.22635,-98.6578,America/Chicago
Somerville,TX,30.34604,-96.5283,America/Chicago
Sonora,TX,30.56685,-100.64343,America/Chicago
Sour Lake,TX,30.14021,-94.41102,America/Chicago
South Alamo,TX,26.15702,-98.10862,America/Chicago
South Houston,TX,29.66301,-95.23549,America/Chicago
South Padre Island,TX,26.10369,-97.16469,America/Chicago
South Point,TX,25.86869,-97.38359,America/Chicago
Southlake,TX,32.94124,-97.13418,America/Chicago
Southmayd,TX,33.63038,-96.76916,America/Chicago
Southside Place,TX,29.70606,-95.43688,America/Chicago
Sparks,TX,30.92852,-97.35972,America/Chicago
Sparks,TX,31.67261,-106.2397,America/Denver
Spearman,TX,36.19837,-101.19238,America/Chicago
Splendora,TX,30.23299,-95.16104,America/Chicago
Spring,TX,30.07994,-95.41716,America/Chicago
Spring Valley,TX,29.78967,-95.50355,America/Chicago
Springtown,TX,32.96596,-97.68364,America/Chicago
Spur,TX,33.47648,-100.85569,America/Chicago
Stafford,TX,29.61607,-95.55772,America/Chicago
Stamford,TX,32.94539,-99.80287,America/Chicago
Stanton,TX,32.12929,-101.78846,America/Chicago
Stephenville,TX,32.2207,-98.20226,America/Chicago
Sterling City,TX,31.83625,-100.98483,America/Chicago
Stinnett,TX,35.82698,-101.44294,America/Chicago
Stockdale,TX,29.23691,-97.96,America/Chicago
Stowell,TX,29.78994,-94.38324,America/Chicago
Stratford,TX,36.33614,-102.07212,America/Chicago
Sugar Land,TX,29.61968,-95.63495,America/Chicago
Sullivan City,TX,26.27757,-98.56363,America/Chicago
Sulphur Springs,TX,33.13845,-95.60107,America/Chicago
Sundown,TX,33.45621,-102.48936,America/Chicago
Sunnyvale,TX,32.79652,-96.56082,America/Chicago
Sunray,TX,36.0167,-101.82462,America/Chicago
Sweeny,TX,29.03886,-95.69856,America/Chicago
Sweetwater,TX,32.47095,-100.40594,America/Chicago
Taft,TX,27.97891,-97.3986,America/Chicago
Taft Southwest (historical),TX,27.97391,-97.40305,America/Chicago
Tahoka,TX,33.16676,-101.79377,America/Chicago
Talty,TX,32.68319,-96.38554,America/Chicago
Tatum,TX,32.31599,-94.51659,America/Chicago
Taylor,TX,30.57076,-97.40944,America/Chicago
Taylor Lake Village,TX,29.57523,-95.05021,America/Chicago
Teague,TX,31.62711,-96.28386,America/Chicago
Temple,TX,31.09823,-97.34278,America/Chicago
Tenaha,TX,31.94378,-94.24409,America/Chicago
Terrell,TX,32.73596,-96.27526,America/Chicago
Terrell Hills,TX,29.47495,-98.45085,America/Chicago
Texarkana,TX,33.42513,-94.04769,America/Chicago
Texas City,TX,29.38385,-94.9027,America/Chicago
The Colony,TX,33.08901,-96.88639,America/Chicago
The Hills,TX,30.34798,-97.98501,America/Chicago
The Trails of Frisco,TX,33.16087,-96.87182,America/Chicago
The Woodlands,TX,30.15799,-95.48938,America/Chicago
Thorndale,TX,30.61381,-97.20555,America/Chicago
Three Rivers,TX,28.46027,-98.18251,America/Chicago
Throckmorton,TX,33.17872,-99.17758,America/Chicago
Tiki Island,TX,29.29709,-94.91709,America/Chicago
Tilden,TX,28.46194,-98.54918,America/Chicago
Timberwood Park,TX,29.69438,-98.49741,America/Chicago
Timpson,TX,31.90378,-94.3952,America/Chicago
Tom Bean,TX,33.52011,-96.48387,America/Chicago
Tomball,TX,30.09716,-95.61605,America/Chicago
Tool,TX,32.26792,-96.17025,America/Chicago
Tornillo,TX,31.4454,-106.08831,America/Denver
Travis Ranch,TX,32.80356,-96.47347,America/Chicago
Trinity,TX,30.94519,-95.3755,America/Chicago
Trophy Club,TX,32.9979,-97.18362,America/Chicago
Troup,TX,32.1446,-95.1205,America/Chicago
Troy,TX,31.20684,-97.30278,America/Chicago
Tulia,TX,34.53589,-101.75852,America/Chicago
Tye,TX,32.45762,-99.87148,America/Chicago
Tyler,TX,32.35126,-95.30106,America/Chicago
Uhland,TX,29.95772,-97.78611,America/Chicago
Universal City,TX,29.54801,-98.29112,America/Chicago
University Park,TX,32.85013,-96.80028,America/Chicago
University of Texas,TX,30.28604,-97.73889,America/Chicago
Uvalde,TX,29.20968,-99.78617,America/Chicago
Uvalde Estates,TX,29.16524,-99.83228,America/Chicago
Val Verde Park,TX,29.37495,-100.83176,America/Chicago
Valley Mills,TX,31.65933,-97.47224,America/Chicago
Van,TX,32.52486,-95.63718,America/Chicago
Van Alstyne,TX,33.4215,-96.57721,America/Chicago
Van Horn,TX,31.04029,-104.83073,America/Chicago
Van Vleck,TX,29.01775,-95.8894,America/Chicago
Vega,TX,35.24283,-102.42826,America/Chicago
Venus,TX,32.43347,-97.10251,America/Chicago
Vernon,TX,34.15536,-99.26628,America/Chicago
Victoria,TX,28.80527,-97.0036,America/Chicago
Vidor,TX,30.1316,-94.01545,America/Chicago
Vinton,TX,31.95121,-106.60249,America/Denver
Von Ormy,TX,29.28913,-98.64446,America/Chicago
Waco,TX,31.54933,-97.14667,America/Chicago
Wake Village,TX,33.42679,-94.1063,America/Chicago
Waller,TX,30.05661,-95.9269,America/Chicago
Wallis,TX,29.63135,-96.06524,America/Chicago
Waskom,TX,32.47876,-94.05963,America/Chicago
Watauga,TX,32.85791,-97.25474,America/Chicago
Waxahachie,TX,32.38653,-96.84833,America/Chicago
Weatherford,TX,32.7593,-97.79725,America/Chicago
Webster,TX,29.53773,-95.11826,America/Chicago
Weimar,TX,29.70301,-96.78053,America/Chicago
Wellington,TX,34.85617,-100.21373,America/Chicago
Wells Branch,TX,30.44604,-97.67945,America/Chicago
Weslaco,TX,26.15952,-97.99084,America/Chicago
West,TX,31.80238,-97.09167,America/Chicago
West Columbia,TX,29.14386,-95.64522,America/Chicago
West Lake Hills,TX,30.29798,-97.80195,America/Chicago
West Livingston,TX,30.69825,-95.00188,America/Chicago
West Odessa,TX,31.84235,-102.49876,America/Chicago
West Orange,TX,30.08215,-93.75822,America/Chicago
West Sharyland,TX,26.27257,-98.32863,America/Chicago
West Tawakoni,TX,32.89373,-96.02941,America/Chicago
West University Place,TX,29.71801,-95.43383,America/Chicago
Western Lake,TX,32.62338,-97.81155,America/Chicago
Westlake,TX,32.99124,-97.19501,America/Chicago
Weston Lakes,TX,29.68324,-95.93571,America/Chicago
Westway,TX,31.95871,-106.57805,America/Denver
Westworth,TX,32.75735,-97.41085,America/Chicago
Wharton,TX,29.31164,-96.10274,America/Chicago
Wheeler,TX,35.44533,-100.27096,America/Chicago
White Oak,TX,32.52792,-94.86133,America/Chicago
White Settlement,TX,32.75957,-97.45835,America/Chicago
Whitehouse,TX,32.22682,-95.2255,America/Chicago
Whitesboro,TX,33.65622,-96.90695,America/Chicago
Whitewright,TX,33.51289,-96.39248,America/Chicago
Whitney,TX,31.95182,-97.3214,America/Chicago
Wichita Falls,TX,33.91371,-98.49339,America/Chicago
Wild Peach Village,TX,29.08358,-95.63384,America/Chicago
Wildwood,TX,30.52409,-94.44158,America/Chicago
Willis,TX,30.42493,-95.47994,America/Chicago
Willow Park,TX,32.76263,-97.65058,America/Chicago
Wills Point,TX,32.7093,-96.0083,America/Chicago
Wilmer,TX,32.58902,-96.68527,America/Chicago
Wimberley,TX,29.99744,-98.09862,America/Chicago
Windcrest,TX,29.51551,-98.38029,America/Chicago
Windemere,TX,30.45886,-97.66066,America/Chicago
Wink,TX,31.75124,-103.15989,America/Chicago
Winnie,TX,29.82022,-94.38408,America/Chicago
Winnsboro,TX,32.95734,-95.29022,America/Chicago
Winters,TX,31.95653,-99.96231,America/Chicago
Wolfe City,TX,33.37067,-96.06886,America/Chicago
Wolfforth,TX,33.50592,-102.00906,America/Chicago
Woodbranch,TX,30.18105,-95.18882,America/Chicago
Woodcreek,TX,30.02827,-98.11112,America/Chicago
Woodsboro,TX,28.23834,-97.31999,America/Chicago
Woodville,TX,30.7752,-94.41548,America/Chicago
Woodway,TX,31.506,-97.20501,America/Chicago
Wortham,TX,31.78794,-96.46248,America/Chicago
Wyldwood,TX,30.12938,-97.47277,America/Chicago
Wylie,TX,33.01512,-96.53888,America/Chicago
Yoakum,TX,29.28775,-97.15193,America/Chicago
Yorktown,TX,28.98109,-97.50277,America/Chicago
Zapata,TX,26.90726,-99.27143,America/Chicago
Alpine,UT,40.45328,-111.77799,America/Denver
American Fork,UT,40.3769,-111.79576,America/Denver
Aurora,UT,38.92219,-111.93409,America/Denver
Ballard,UT,40.2894,-109.9432,America/Denver
Beaver,UT,38.27691,-112.64105,America/Denver
Benjamin,UT,40.09829,-111.73132,America/Denver
Benson,UT,41.78743,-111.93022,America/Denver
Blanding,UT,37.62433,-109.47966,America/Denver
Bluffdale,UT,40.48967,-111.93882,America/Denver
Bountiful,UT,40.88939,-111.88077,America/Denver
Brigham City,UT,41.51021,-112.0155,America/Denver
Canyon Rim,UT,40.70661,-111.82188,America/Denver
Carbonville,UT,39.61996,-110.83433,America/Denver
Castle Dale,UT,39.21219,-111.01961,America/Denver
Cedar City,UT,37.67748,-113.06189,America/Denver
Cedar Hills,UT,40.41412,-111.75854,America/Denver
Centerfield,UT,39.12524,-111.81909,America/Denver
Centerfield,UT,40.69134,-111.89799,America/Denver
Centerville,UT,40.918,-111.87216,America/Denver
Clearfield,UT,41.11078,-112.02605,America/Denver
Clinton,UT,41.13967,-112.0505,America/Denver
Coalville,UT,40.91773,-111.39936,America/Denver
Cottonwood Heights,UT,40.61967,-111.81021,America/Denver
Daniel,UT,40.47079,-111.41463,America/Denver
Delta,UT,39.35218,-112.57717,America/Denver
Draper,UT,40.52467,-111.86382,America/Denver
Duchesne,UT,40.16329,-110.40293,America/Denver
Eagle Mountain,UT,40.31412,-112.00688,America/Denver
East Carbon City,UT,39.54774,-110.41488,America/Denver
East Millcreek,UT,40.69995,-111.81049,America/Denver
Elk Ridge,UT,40.01134,-111.67687,America/Denver
Elwood,UT,41.69048,-112.14106,America/Denver
Enoch,UT,37.77331,-113.02439,America/Denver
Enterprise,UT,37.57359,-113.71913,America/Denver
Ephraim,UT,39.35968,-111.58631,America/Denver
Erda,UT,40.61272,-112.30439,America/Denver
Fairview,UT,39.62635,-111.43963,America/Denver
Farmington,UT,40.9805,-111.88744,America/Denver
Farr West,UT,41.29717,-112.02772,America/Denver
Ferron,UT,39.09358,-111.13322,America/Denver
Fillmore,UT,38.96885,-112.32355,America/Denver
Fountain Green,UT,39.62996,-111.6352,America/Denver
Francis,UT,40.61051,-111.28074,America/Denver
Fruit Heights,UT,41.03217,-111.90216,America/Denver
Garland,UT,41.74104,-112.16162,America/Denver
Genola,UT,39.99634,-111.84327,America/Denver
Granite,UT,40.573,-111.80604,America/Denver
Grantsville,UT,40.59994,-112.4644,America/Denver
Gunnison,UT,39.15524,-111.81826,America/Denver
Harrisville,UT,41.28133,-111.98828,America/Denver
Heber City,UT,40.5069,-111.41324,America/Denver
Helper,UT,39.68413,-110.85461,America/Denver
Herriman,UT,40.51411,-112.03299,America/Denver
Highland,UT,40.42548,-111.79447,America/Denver
Hildale,UT,37.0036,-112.96688,America/Denver
Hill Air Force Base,UT,41.11118,-111.97712,America/Denver
Holladay,UT,40.66884,-111.82466,America/Denver
Honeyville,UT,41.63854,-112.07939,America/Denver
Hooper,UT,41.16383,-112.12244,America/Denver
Huntington,UT,39.32664,-110.96461,America/Denver
Hurricane,UT,37.17526,-113.28995,America/Denver
Hyde Park,UT,41.79882,-111.81911,America/Denver
Hyrum,UT,41.6341,-111.85217,America/Denver
Ivins,UT,37.16859,-113.67941,America/Denver
Junction,UT,38.23748,-112.21993,America/Denver
Kamas,UT,40.64301,-111.28074,America/Denver
Kanab,UT,37.04749,-112.52631,America/Denver
Kaysville,UT,41.03522,-111.93855,America/Denver
Kearns,UT,40.65995,-111.99633,America/Denver
LaVerkin,UT,37.20109,-113.26967,America/Denver
Layton,UT,41.06022,-111.97105,America/Denver
Lehi,UT,40.39162,-111.85077,America/Denver
Lewiston,UT,41.97576,-111.85634,America/Denver
Liberty,UT,41.33355,-111.86355,America/Denver
Lindon,UT,40.34329,-111.72076,America/Denver
Little Cottonwood Creek Valley,UT,40.60439,-111.82938,America/Denver
Loa,UT,38.40276,-111.64296,America/Denver
Logan,UT,41.73549,-111.83439,America/Denver
Maeser,UT,40.47718,-109.58681,America/Denver
Magna,UT,40.70911,-112.10161,America/Denver
Manila,UT,40.98801,-109.72265,America/Denver
Manti,UT,39.2683,-111.63686,America/Denver
Mapleton,UT,40.13023,-111.57853,America/Denver
Marriott-Slaterville,UT,41.25161,-112.0255,America/Denver
Mendon,UT,41.70993,-111.97773,America/Denver
Midvale,UT,40.61106,-111.89994,America/Denver
Midway,UT,40.51218,-111.47435,America/Denver
Milford,UT,38.39691,-113.01079,America/Denver
Millcreek,UT,40.68689,-111.87549,America/Denver
Millville,UT,41.6816,-111.823,America/Denver
Moab,UT,38.57332,-109.54984,America/Denver
Mona,UT,39.81607,-111.85549,America/Denver
Monroe,UT,38.62997,-112.12076,America/Denver
Monticello,UT,37.87138,-109.34289,America/Denver
Morgan,UT,41.03606,-111.67688,America/Denver
Moroni,UT,39.52496,-111.59047,America/Denver
Mount Olympus,UT,40.6855,-111.78854,America/Denver
Mount Pleasant,UT,39.54691,-111.45547,America/Denver
Mountain Green,UT,41.143,-111.7916,America/Denver
Murray,UT,40.66689,-111.88799,America/Denver
Naples,UT,40.42691,-109.4993,America/Denver
Nephi,UT,39.71023,-111.83632,America/Denver
Nibley,UT,41.67438,-111.833,America/Denver
North Logan,UT,41.76937,-111.80467,America/Denver
North Ogden,UT,41.30716,-111.96022,America/Denver
North Salt Lake,UT,40.84856,-111.90688,America/Denver
Oakley,UT,40.71467,-111.30074,America/Denver
Ogden,UT,41.223,-111.97383,America/Denver
Oquirrh,UT,40.6305,-112.03383,America/Denver
Orangeville,UT,39.22719,-111.0535,America/Denver
Orem,UT,40.2969,-111.69465,America/Denver
Panguitch,UT,37.82276,-112.43576,America/Denver
Park City,UT,40.64606,-111.49797,America/Denver
Parowan,UT,37.8422,-112.828,America/Denver
Payson,UT,40.0444,-111.73215,America/Denver
Perry,UT,41.46494,-112.03245,America/Denver
Plain City,UT,41.298,-112.08605,America/Denver
Pleasant Grove,UT,40.36412,-111.73854,America/Denver
Pleasant View,UT,41.31828,-111.99216,America/Denver
Price,UT,39.59941,-110.81071,America/Denver
Providence,UT,41.70632,-111.81717,America/Denver
Provo,UT,40.23384,-111.65853,America/Denver
Randolph,UT,41.66578,-111.18214,America/Denver
Richfield,UT,38.77247,-112.08409,America/Denver
Richmond,UT,41.92271,-111.81356,America/Denver
River Heights,UT,41.7216,-111.82133,America/Denver
Riverdale,UT,41.17689,-112.00383,America/Denver
Riverton,UT,40.52189,-111.9391,America/Denver
Roosevelt,UT,40.2994,-109.98876,America/Denver
Roy,UT,41.16161,-112.02633,America/Denver
Saint George,UT,37.10415,-113.58412,America/Denver
Salem,UT,40.05301,-111.67354,America/Denver
Salina,UT,38.95774,-111.85993,America/Denver
Salt Lake City,UT,40.76078,-111.89105,America/Denver
Sandy,UT,40.59161,-111.8841,America/Denver
Sandy Hills,UT,40.58106,-111.85077,America/Denver
Santa Clara,UT,37.13304,-113.65413,America/Denver
Santaquin,UT,39.97551,-111.78521,America/Denver
Saratoga Springs,UT,40.34912,-111.90466,America/Denver
Silver Summit,UT,40.74144,-111.48775,America/Denver
Smithfield,UT,41.83826,-111.83272,America/Denver
Snyderville,UT,40.69439,-111.54381,America/Denver
South Jordan,UT,40.56217,-111.92966,America/Denver
South Jordan Heights,UT,40.56384,-111.94938,America/Denver
South Ogden,UT,41.19189,-111.97133,America/Denver
South Salt Lake,UT,40.71884,-111.88827,America/Denver
South Weber,UT,41.13244,-111.93022,America/Denver
South Willard,UT,41.36327,-112.03578,America/Denver
Spanish Fork,UT,40.11496,-111.65492,America/Denver
Spring City,UT,39.48246,-111.49602,America/Denver
Spring Glen,UT,39.65941,-110.85349,America/Denver
Springville,UT,40.16523,-111.61075,America/Denver
Stansbury park,UT,40.63772,-112.29606,America/Denver
Summit Park,UT,40.74578,-111.61159,America/Denver
Sunset,UT,41.13633,-112.03105,America/Denver
Syracuse,UT,41.08939,-112.06467,America/Denver
Taylorsville,UT,40.66772,-111.93883,America/Denver
Tooele,UT,40.53078,-112.29828,America/Denver
Toquerville,UT,37.25332,-113.28467,America/Denver
Tremonton,UT,41.71187,-112.16551,America/Denver
Uintah,UT,41.14411,-111.92327,America/Denver
Vernal,UT,40.45552,-109.52875,America/Denver
Vineyard,UT,40.29704,-111.7467,America/Denver
Washington,UT,37.13054,-113.50829,America/Denver
Washington Terrace,UT,41.17272,-111.97661,America/Denver
Wellington,UT,39.54247,-110.73543,America/Denver
Wellsville,UT,41.63854,-111.93383,America/Denver
Wendover,UT,40.73715,-114.03751,America/Denver
West Bountiful,UT,40.89383,-111.90188,America/Denver
West Haven,UT,41.203,-112.05105,America/Denver
West Jordan,UT,40.60967,-111.9391,America/Denver
West Mountain,UT,40.06079,-111.78827,America/Denver
West Point,UT,41.11828,-112.08411,America/Denver
West Valley City,UT,40.69161,-112.00105,America/Denver
White City,UT,40.56578,-111.86438,America/Denver
Willard,UT,41.40911,-112.03606,America/Denver
Wolf Creek,UT,41.33327,-111.82716,America/Denver
Woodland Hills,UT,40.01532,-111.64868,America/Denver
Woods Cross,UT,40.87161,-111.89216,America/Denver
Abingdon,VA,36.70983,-81.97735,America/New_York
Accomac,VA,37.71957,-75.66548,America/New_York
Adwolf,VA,36.78928,-81.58206,America/New_York
Alexandria,VA,38.80484,-77.04692,America/New_York
Altavista,VA,37.11181,-79.28558,America/New_York
Amelia Court House,VA,37.34293,-77.98056,America/New_York
Amherst,VA,37.58514,-79.05141,America/New_York
Annandale,VA,38.83039,-77.19637,America/New_York
Appalachia,VA,36.90676,-82.78183,America/New_York
Apple Mountain Lake,VA,38.92428,-78.10139,America/New_York
Appomattox,VA,37.35709,-78.82529,America/New_York
Aquia Harbour,VA,38.46262,-77.38887,America/New_York
Arlington,VA,38.88101,-77.10428,America/New_York
Ashburn,VA,39.04372,-77.48749,America/New_York
Ashland,VA,37.75903,-77.47998,America/New_York
Atkins,VA,36.86734,-81.42344,America/New_York
Baileys Crossroads,VA,38.85039,-77.1297,America/New_York
Bassett,VA,36.7593,-79.99032,America/New_York
Basye,VA,38.80706,-78.79224,America/New_York
Bealeton,VA,38.57179,-77.76388,America/New_York
Bedford,VA,37.33431,-79.52309,America/New_York
Belle Haven,VA,38.78539,-77.06303,America/New_York
Bellwood,VA,37.42181,-77.43748,America/New_York
Belmont,VA,39.06483,-77.50999,America/New_York
Belmont Estates,VA,38.45271,-78.91979,America/New_York
Bensley,VA,37.44681,-77.44332,America/New_York
Berryville,VA,39.15177,-77.98222,America/New_York
Big Stone Gap,VA,36.88176,-82.7471,America/New_York
Blacksburg,VA,37.22957,-80.41394,America/New_York
Blackstone,VA,37.08043,-77.99723,America/New_York
Bland,VA,37.10206,-81.1162,America/New_York
Blue Ridge,VA,37.37847,-79.80698,America/New_York
Bluefield,VA,37.25262,-81.27121,America/New_York
Bon Air,VA,37.52487,-77.55777,America/New_York
Boswell's Corner,VA,38.50541,-77.37263,America/New_York
Bowling Green,VA,38.04958,-77.34665,America/New_York
Boydton,VA,36.66764,-78.3875,America/New_York
Bracey,VA,36.59959,-78.14305,America/New_York
Brambleton,VA,38.98205,-77.5386,America/New_York
Brandermill,VA,37.43209,-77.64971,America/New_York
Bridgewater,VA,38.38207,-78.9767,America/New_York
Brightwood,VA,38.42152,-78.19361,America/New_York
Bristol,VA,36.59649,-82.18847,America/New_York
Bristow,VA,38.72289,-77.5361,America/New_York
Broadlands,VA,39.01816,-77.52027,America/New_York
Broadway,VA,38.61317,-78.79891,America/New_York
Brookneal,VA,37.05014,-78.94418,America/New_York
Buchanan,VA,37.52736,-79.67976,America/New_York
Buckhall,VA,38.73178,-77.4311,America/New_York
Buckingham,VA,37.55015,-78.55556,America/New_York
Buena Vista,VA,37.7343,-79.35392,America/New_York
Bull Run,VA,38.78373,-77.52055,America/New_York
Bull Run Mountain Estates,VA,38.90372,-77.66166,America/New_York
Burke,VA,38.79345,-77.27165,America/New_York
Cana,VA,36.58958,-80.67173,America/New_York
Cape Charles,VA,37.27008,-76.01649,America/New_York
Captains Cove,VA,37.98996,-75.42272,America/New_York
Carrollton,VA,36.94682,-76.56051,America/New_York
Castlewood,VA,36.8901,-82.27959,America/New_York
Cave Spring,VA,37.22764,-80.01282,America/New_York
Cedar Bluff,VA,37.26403,-79.93532,America/New_York
Cedar Bluff,VA,37.08761,-81.759,America/New_York
Central Garage,VA,37.74403,-77.13164,America/New_York
Centreville,VA,38.84039,-77.42888,America/New_York
Chamberlayne,VA,37.62653,-77.42859,America/New_York
Chantilly,VA,38.89428,-77.4311,America/New_York
Charles City,VA,37.34348,-77.07303,America/New_York
Charlotte Court House,VA,37.05654,-78.63833,America/New_York
Charlottesville,VA,38.02931,-78.47668,America/New_York
Chase City,VA,36.79931,-78.45833,America/New_York
Chatham,VA,36.82569,-79.39808,America/New_York
Chatmoss,VA,36.6568,-79.81226,America/New_York
Cherry Hill,VA,38.56984,-77.26693,America/New_York
Chesapeake,VA,36.81904,-76.27494,America/New_York
Chester,VA,37.35682,-77.44165,America/New_York
Chesterfield,VA,37.37709,-77.50582,America/New_York
Chesterfield Court House,VA,37.37709,-77.50499,America/New_York
Chilhowie,VA,36.79845,-81.68234,America/New_York
Chincoteague,VA,37.93318,-75.37881,America/New_York
Christiansburg,VA,37.12985,-80.40894,America/New_York
Clarksville,VA,36.62403,-78.55694,America/New_York
Claypool Hill,VA,37.06261,-81.75178,America/New_York
Clifton Forge,VA,37.81624,-79.82449,America/New_York
Clintwood,VA,37.15011,-82.45598,America/New_York
Cloverdale,VA,37.36514,-79.9056,America/New_York
Coeburn,VA,36.94399,-82.46404,America/New_York
Collinsville,VA,36.71514,-79.91532,America/New_York
Colonial Beach,VA,38.25457,-76.96358,America/New_York
Colonial Heights,VA,37.26804,-77.40726,America/New_York
Concord,VA,37.34264,-78.97502,America/New_York
Countryside,VA,39.04094,-77.4136,America/New_York
Courtland,VA,36.71626,-77.06802,America/New_York
Covington,VA,37.79346,-79.99395,America/New_York
Crewe,VA,37.17321,-78.12333,America/New_York
Crimora,VA,38.15402,-78.8503,America/New_York
Crozet,VA,38.06958,-78.70058,America/New_York
Culpeper,VA,38.47318,-77.99666,America/New_York
Cumberland,VA,37.49598,-78.24527,America/New_York
Dahlgren,VA,38.33124,-77.05109,America/New_York
Dale City,VA,38.63706,-77.31109,America/New_York
Daleville,VA,37.40986,-79.91254,America/New_York
Danville,VA,36.58597,-79.39502,America/New_York
Dayton,VA,38.41485,-78.93864,America/New_York
Deltaville,VA,37.55486,-76.33689,America/New_York
Dinwiddie,VA,37.07793,-77.58665,America/New_York
Dooms,VA,38.10902,-78.85752,America/New_York
Dranesville,VA,39.00067,-77.34582,America/New_York
Dryden,VA,36.77759,-82.94155,America/New_York
Dublin,VA,37.10568,-80.68534,America/New_York
Dulles Town Center,VA,39.03761,-77.41582,America/New_York
Dumbarton,VA,37.60376,-77.49137,America/New_York
Dumfries,VA,38.56762,-77.32804,America/New_York
Dunn Loring,VA,38.89344,-77.22165,America/New_York
East Hampton,VA,37.03737,-76.33161,America/New_York
East Highland Park,VA,37.58098,-77.40693,America/New_York
East Lexington,VA,37.79291,-79.42532,America/New_York
Eastville,VA,37.35264,-75.94576,America/New_York
Edinburg,VA,38.82095,-78.56585,America/New_York
Elkton,VA,38.4079,-78.62363,America/New_York
Emory,VA,36.77289,-81.83623,America/New_York
Emporia,VA,36.68598,-77.54248,America/New_York
Enon,VA,37.3307,-77.32276,America/New_York
Ettrick,VA,37.24015,-77.42998,America/New_York
Exmore,VA,37.5318,-75.82299,America/New_York
Fairfax,VA,38.84622,-77.30637,America/New_York
Fairfax Station,VA,38.80095,-77.32554,America/New_York
Fairlawn,VA,37.77624,-79.982,America/New_York
Fairlawn,VA,37.14846,-80.57839,America/New_York
Falls Church,VA,38.88233,-77.17109,America/New_York
Falmouth,VA,38.32402,-77.46832,America/New_York
Farmville,VA,37.3021,-78.39194,America/New_York
Ferrum,VA,36.92292,-80.01337,America/New_York
Fincastle,VA,37.4993,-79.87726,America/New_York
Fishersville,VA,38.09902,-78.96919,America/New_York
Floris,VA,38.93706,-77.41277,America/New_York
Floyd,VA,36.91124,-80.32005,America/New_York
Forest,VA,37.36375,-79.28975,America/New_York
Fort Belvoir,VA,38.7119,-77.14589,America/New_York
Fort Hunt,VA,38.73289,-77.05803,America/New_York
Fort Lee,VA,37.4957,-77.33526,America/New_York
Fort Lee,VA,37.24694,-77.33442,America/New_York
Franconia,VA,38.78206,-77.14637,America/New_York
Franklin,VA,36.67765,-76.92246,America/New_York
Fredericksburg,VA,38.30318,-77.46054,America/New_York
Front Royal,VA,38.91817,-78.19444,America/New_York
Gainesville,VA,38.79567,-77.61388,America/New_York
Galax,VA,36.66124,-80.92397,America/New_York
Gate City,VA,36.63788,-82.58099,America/New_York
Glade Spring,VA,36.79122,-81.77123,America/New_York
Glasgow,VA,37.63402,-79.45031,America/New_York
Glen Allen,VA,37.66598,-77.50637,America/New_York
Gloucester Courthouse,VA,37.40986,-76.52662,America/New_York
Gloucester Point,VA,37.25403,-76.49689,America/New_York
Goochland,VA,37.68431,-77.88527,America/New_York
Gordonsville,VA,38.13736,-78.18778,America/New_York
Great Falls,VA,38.99817,-77.28832,America/New_York
Greenbriar,VA,38.87345,-77.40082,America/New_York
Gretna,VA,36.95375,-79.35891,America/New_York
Grottoes,VA,38.26735,-78.82586,America/New_York
Groveton,VA,38.76734,-77.0847,America/New_York
Grundy,VA,37.27789,-82.09902,America/New_York
Halifax,VA,36.76597,-78.92834,America/New_York
Hampden Sydney,VA,37.24237,-78.45972,America/New_York
Hampton,VA,37.02987,-76.34522,America/New_York
Hanover,VA,37.76653,-77.37026,America/New_York
Harrisonburg,VA,38.44957,-78.86892,America/New_York
Hayfield,VA,38.75178,-77.13581,America/New_York
Haymarket,VA,38.81206,-77.63638,America/New_York
Heathsville,VA,37.91763,-76.47217,America/New_York
Henry Fork,VA,36.96625,-79.87031,America/New_York
Herndon,VA,38.96955,-77.3861,America/New_York
Highland Springs,VA,37.54598,-77.32776,America/New_York
Hillsville,VA,36.76263,-80.73479,America/New_York
Hollins,VA,37.34125,-79.9431,America/New_York
Hollymead,VA,38.11708,-78.44168,America/New_York
Honaker,VA,37.01622,-81.97429,America/New_York
Hopewell,VA,37.30432,-77.2872,America/New_York
Horse Pasture,VA,36.62847,-79.95087,America/New_York
Huntington,VA,38.79234,-77.07081,America/New_York
Hurt,VA,37.09264,-79.29641,America/New_York
Hybla Valley,VA,38.74761,-77.08303,America/New_York
Idylwood,VA,38.89511,-77.21165,America/New_York
Independence,VA,36.62245,-81.15309,America/New_York
Independent Hill,VA,38.63595,-77.43776,America/New_York
Isle of Wight,VA,36.90765,-76.70773,America/New_York
Jolivue,VA,38.10985,-79.07308,America/New_York
Jonesville,VA,36.68898,-83.111,America/New_York
Kenbridge,VA,36.96209,-78.125,America/New_York
Kilmarnock,VA,37.71041,-76.37967,America/New_York
King George,VA,38.26818,-77.18442,America/New_York
King William,VA,37.68736,-77.01358,America/New_York
King and Queen Court House,VA,37.66986,-76.87746,America/New_York
Kings Park,VA,38.80622,-77.24332,America/New_York
Kings Park West,VA,38.81443,-77.29582,America/New_York
Lake Barcroft,VA,38.84789,-77.15581,America/New_York
Lake Monticello,VA,37.9232,-78.33473,America/New_York
Lake Ridge,VA,38.68789,-77.29776,America/New_York
Lake of the Woods,VA,38.33422,-77.75969,America/New_York
Lakeside,VA,37.60765,-77.47693,America/New_York
Lancaster,VA,37.76986,-76.46634,America/New_York
Laurel,VA,37.64292,-77.50887,America/New_York
Laurel Hill,VA,38.71663,-77.23686,America/New_York
Lawrenceville,VA,36.75765,-77.84694,America/New_York
Laymantown,VA,37.36569,-79.85754,America/New_York
Lebanon,VA,36.90094,-82.08013,America/New_York
Leesburg,VA,39.11566,-77.5636,America/New_York
Lexington,VA,37.78402,-79.44282,America/New_York
Lincolnia,VA,38.81845,-77.14331,America/New_York
Linton Hall,VA,38.75984,-77.57499,America/New_York
Loch Lomond,VA,38.78623,-77.47804,America/New_York
Lorton,VA,38.70428,-77.22776,America/New_York
Loudoun Valley Estates,VA,38.98081,-77.5079,America/New_York
Louisa,VA,38.02514,-78.00416,America/New_York
Lovettsville,VA,39.2726,-77.63666,America/New_York
Lovingston,VA,37.75986,-78.87086,America/New_York
Lowes Island,VA,39.05983,-77.35221,America/New_York
Lunenburg,VA,36.96098,-78.26555,America/New_York
Luray,VA,38.6654,-78.45945,America/New_York
Lynchburg,VA,37.41375,-79.14225,America/New_York
Lyndhurst,VA,38.0293,-78.94502,America/New_York
Madison,VA,38.38041,-78.2575,America/New_York
Madison Heights,VA,37.43098,-79.12308,America/New_York
Manassas,VA,38.75095,-77.47527,America/New_York
Manassas Park,VA,38.784,-77.46971,America/New_York
Mantua,VA,38.85372,-77.25943,America/New_York
Marion,VA,36.83484,-81.51484,America/New_York
Marshall,VA,38.86484,-77.85777,America/New_York
Martinsville,VA,36.69153,-79.87254,America/New_York
Massanetta Springs,VA,38.4004,-78.83419,America/New_York
Massanutten,VA,38.40957,-78.7378,America/New_York
Mathews,VA,37.43708,-76.31994,America/New_York
Matoaca,VA,37.23043,-77.47749,America/New_York
McLean,VA,38.93428,-77.17748,America/New_York
Meadowbrook,VA,37.44882,-77.47353,America/New_York
Mechanicsville,VA,37.60876,-77.37331,America/New_York
Merrifield,VA,38.87428,-77.22693,America/New_York
Merrimac,VA,38.45263,-78.07861,America/New_York
Merrimac,VA,37.18957,-80.42561,America/New_York
Middletown,VA,39.02761,-78.28056,America/New_York
Midlothian,VA,37.50598,-77.64916,America/New_York
Montclair,VA,38.61095,-77.33971,America/New_York
Monterey,VA,38.41234,-79.5806,America/New_York
Montrose,VA,37.5207,-77.37831,America/New_York
Montross,VA,38.09513,-76.82746,America/New_York
Motley,VA,37.06959,-79.34114,America/New_York
Mount Hermon,VA,36.67847,-79.42225,America/New_York
Mount Jackson,VA,38.74595,-78.64224,America/New_York
Mount Vernon,VA,38.71412,-77.10082,America/New_York
Mountain Road,VA,36.75958,-78.98696,America/New_York
Narrows,VA,37.33151,-80.81119,America/New_York
Narrows,VA,37.20542,-79.95893,America/New_York
Nellysford,VA,37.89042,-78.87224,America/New_York
New Baltimore,VA,38.76734,-77.72833,America/New_York
New Castle,VA,37.50013,-80.11088,America/New_York
New Kent,VA,37.51765,-76.97886,America/New_York
New Market,VA,38.6479,-78.67141,America/New_York
Newington,VA,38.73845,-77.18498,America/New_York
Newport News,VA,36.98038,-76.42975,America/New_York
Nokesville,VA,38.69873,-77.57971,America/New_York
Norfolk,VA,36.84681,-76.28522,America/New_York
North Shore,VA,37.08209,-79.65836,America/New_York
North Springfield,VA,38.80428,-77.2047,America/New_York
Norton,VA,36.93343,-82.62905,America/New_York
Oak Grove,VA,38.984,-77.40388,America/New_York
Oak Hill,VA,38.9258,-77.40156,America/New_York
Oakton,VA,38.88095,-77.30082,America/New_York
Occoquan,VA,38.68373,-77.26026,America/New_York
Onancock,VA,37.7118,-75.7491,America/New_York
Orange,VA,38.24541,-78.11083,America/New_York
Palmyra,VA,37.86097,-78.26334,America/New_York
Pannill Fork,VA,36.70903,-80.0131,America/New_York
Pantops,VA,38.03379,-78.45507,America/New_York
Passapatanzy,VA,38.29735,-77.31415,America/New_York
Patrick Springs,VA,36.6418,-80.19505,America/New_York
Pearisburg,VA,37.32673,-80.73702,America/New_York
Pembroke,VA,37.31957,-80.63895,America/New_York
Pennington Gap,VA,36.75842,-83.02711,America/New_York
Petersburg,VA,37.22793,-77.40193,America/New_York
Pimmit Hills,VA,38.91289,-77.20081,America/New_York
Plum Creek,VA,37.12984,-80.5006,America/New_York
Poquoson,VA,37.12237,-76.34578,America/New_York
Portsmouth,VA,36.83543,-76.29827,America/New_York
Portsmouth Heights,VA,36.82098,-76.36883,America/New_York
Potomac Mills,VA,38.64595,-77.29415,America/New_York
Powhatan,VA,37.54209,-77.91889,America/New_York
Prices Fork,VA,37.20985,-80.49005,America/New_York
Prince George,VA,37.22043,-77.28803,America/New_York
Pulaski,VA,37.0479,-80.77979,America/New_York
Purcellville,VA,39.13677,-77.71472,America/New_York
Radford,VA,37.13179,-80.57645,America/New_York
Raven,VA,37.08706,-81.85512,America/New_York
Ravensworth,VA,38.804,-77.22054,America/New_York
Reston,VA,38.96872,-77.3411,America/New_York
Richlands,VA,37.09317,-81.79373,America/New_York
Richmond,VA,37.55376,-77.46026,America/New_York
Roanoke,VA,37.27097,-79.94143,America/New_York
Rocky Mount,VA,36.99764,-79.89198,America/New_York
Rose Hill,VA,38.78872,-77.11276,America/New_York
Rosslyn,VA,38.89678,-77.07248,America/New_York
Ruckersville,VA,38.23319,-78.36917,America/New_York
Rural Retreat,VA,36.89373,-81.27593,America/New_York
Rushmere,VA,37.06681,-76.67635,America/New_York
Rustburg,VA,37.27681,-79.10085,America/New_York
Salem,VA,37.29347,-80.05476,America/New_York
Saltville,VA,36.8815,-81.76206,America/New_York
Saluda,VA,37.60597,-76.59495,America/New_York
Sandston,VA,37.52348,-77.31581,America/New_York
Seven Corners,VA,38.87206,-77.15526,America/New_York
Shawnee Land,VA,39.19149,-78.34556,America/New_York
Shawsville,VA,37.16847,-80.25532,America/New_York
Shenandoah,VA,38.48512,-78.62502,America/New_York
Shenandoah Farms,VA,38.98178,-78.07555,America/New_York
Short Pump,VA,37.65042,-77.61249,America/New_York
Smithfield,VA,36.98237,-76.63107,America/New_York
South Boston,VA,36.69875,-78.9014,America/New_York
South Hill,VA,36.72653,-78.12889,America/New_York
South Riding,VA,38.92094,-77.50388,America/New_York
South Suffolk,VA,36.71709,-76.59023,America/New_York
Southern Gateway,VA,38.34507,-77.50352,America/New_York
Spotsylvania,VA,38.20096,-77.58915,America/New_York
Spotsylvania Courthouse,VA,38.19791,-77.58777,America/New_York
Springfield,VA,38.78928,-77.1872,America/New_York
Springville,VA,37.19651,-81.40288,America/New_York
Stafford,VA,38.42207,-77.40832,America/New_York
Stanardsville,VA,38.29735,-78.44001,America/New_York
Stanley,VA,38.5754,-78.50251,America/New_York
Stanleytown,VA,36.7443,-79.96282,America/New_York
Staunton,VA,38.14991,-79.0732,America/New_York
Stephens City,VA,39.08344,-78.21806,America/New_York
Sterling,VA,39.00622,-77.4286,America/New_York
Strasburg,VA,38.98872,-78.35862,America/New_York
Stuart,VA,36.64097,-80.26561,America/New_York
Stuarts Draft,VA,38.03014,-79.03364,America/New_York
Sudley,VA,38.79289,-77.49749,America/New_York
Suffolk,VA,36.72836,-76.58496,America/New_York
Sugarland Run,VA,39.03761,-77.37526,America/New_York
Surry,VA,37.13793,-76.83524,America/New_York
Sussex,VA,36.91515,-77.27914,America/New_York
Tappahannock,VA,37.92541,-76.85913,America/New_York
Tazewell,VA,37.11484,-81.51955,America/New_York
Timberlake,VA,37.3207,-79.25753,America/New_York
Timberville,VA,38.63901,-78.77391,America/New_York
Triangle,VA,38.54679,-77.33665,America/New_York
Tuckahoe,VA,37.59015,-77.55638,America/New_York
Twin Lakes,VA,38.24927,-78.44378,America/New_York
Tysons,VA,38.91872,-77.23109,America/New_York
Union Hall,VA,37.01875,-79.68642,America/New_York
University Center,VA,39.05705,-77.44415,America/New_York
Verona,VA,38.20208,-79.00836,America/New_York
Victoria,VA,36.99487,-78.22722,America/New_York
Vienna,VA,38.90122,-77.26526,America/New_York
Vinton,VA,37.28097,-79.89698,America/New_York
Virginia Beach,VA,36.85293,-75.97799,America/New_York
Warm Springs,VA,38.04624,-79.79061,America/New_York
Warrenton,VA,38.71345,-77.79527,America/New_York
Warsaw,VA,37.95874,-76.75801,America/New_York
Washington,VA,38.71345,-78.15944,America/New_York
Wattsville,VA,37.93401,-75.49965,America/New_York
Waverly,VA,37.03598,-77.09524,America/New_York
Waynesboro,VA,38.06847,-78.88947,America/New_York
Weber City,VA,37.75514,-78.28389,America/New_York
Weber City,VA,36.62288,-82.5621,America/New_York
West Falls Church,VA,38.86484,-77.18787,America/New_York
West Gate,VA,38.78289,-77.49749,America/New_York
West Lynchburg,VA,37.4032,-79.17808,America/New_York
West Point,VA,37.53153,-76.79635,America/New_York
West Springfield,VA,38.77261,-77.22109,America/New_York
Weyers Cave,VA,38.28846,-78.91308,America/New_York
Williamsburg,VA,37.2707,-76.70746,America/New_York
Winchester,VA,39.18566,-78.16333,America/New_York
Windsor,VA,36.80848,-76.74412,America/New_York
Wise,VA,36.97593,-82.57571,America/New_York
Wolf Trap,VA,38.93983,-77.28609,America/New_York
Woodbridge,VA,38.65817,-77.2497,America/New_York
Woodburn,VA,38.84745,-77.23605,America/New_York
Woodlake,VA,37.42106,-77.67931,America/New_York
Woodlawn,VA,36.72235,-80.82285,America/New_York
Woodlawn,VA,38.71678,-77.13276,America/New_York
Woodstock,VA,38.88178,-78.50584,America/New_York
Wyndham,VA,37.69848,-77.61249,America/New_York
Wytheville,VA,36.94845,-81.08481,America/New_York
Yorkshire,VA,38.79317,-77.44777,America/New_York
Yorktown,VA,37.23858,-76.50894,America/New_York
Addison,VT,44.08867,-73.30262,America/New_York
Arlington,VT,43.0748,-73.154,America/New_York
Barre,VT,44.19701,-72.50205,America/New_York
Bellows Falls,VT,43.13341,-72.44398,America/New_York
Bennington,VT,42.87813,-73.19677,America/New_York
Brandon,VT,43.79812,-73.08761,America/New_York
Brattleboro,VT,42.85092,-72.55787,America/New_York
Bridport,VT,43.98506,-73.31262,America/New_York
Bristol,VT,44.13339,-73.07901,America/New_York
Burlington,VT,44.47588,-73.21207,America/New_York
Castleton,VT,43.61062,-73.17983,America/New_York
Charlotte,VT,44.30977,-73.26096,America/New_York
Chelsea,VT,43.98979,-72.4476,America/New_York
Chester,VT,43.26285,-72.59509,America/New_York
Chittenden,VT,43.70784,-72.94816,America/New_York
Clarendon,VT,43.51618,-72.96983,America/New_York
Colchester,VT,44.54394,-73.14791,America/New_York
Danby,VT,43.34618,-72.99538,America/New_York
Dover,VT,42.94369,-72.80399,America/New_York
Enosburg Falls,VT,44.90699,-72.80652,America/New_York
Essex Junction,VT,44.49061,-73.11096,America/New_York
Fair Haven,VT,43.59479,-73.26567,America/New_York
Ferrisburgh,VT,44.20561,-73.24623,America/New_York
Guildhall,VT,44.56506,-71.55981,America/New_York
Hardwick,VT,44.50478,-72.36816,America/New_York
Hartford,VT,43.66063,-72.33842,America/New_York
Hinesburg,VT,44.32922,-73.11068,America/New_York
Hyde Park,VT,44.59394,-72.61651,America/New_York
Jamaica,VT,43.10036,-72.77843,America/New_York
Jericho,VT,44.50394,-72.99763,America/New_York
Johnson,VT,44.63561,-72.6804,America/New_York
Leicester,VT,43.86673,-73.10789,America/New_York
Lincoln,VT,44.10589,-72.99706,America/New_York
Londonderry,VT,43.22646,-72.80649,America/New_York
Lunenburg,VT,44.46311,-71.68203,America/New_York
Lyndon,VT,44.51422,-72.01093,America/New_York
Lyndonville,VT,44.53367,-72.00315,America/New_York
Manchester Center,VT,43.17702,-73.05705,America/New_York
Mendon,VT,43.65198,-72.9278,America/New_York
Middlebury (village),VT,44.01553,-73.16937,America/New_York
Middlesex,VT,44.29284,-72.67928,America/New_York
Milton,VT,44.63977,-73.11041,America/New_York
Montgomery,VT,44.90255,-72.63818,America/New_York
Montpelier,VT,44.26006,-72.57539,America/New_York
Moretown,VT,44.25089,-72.76095,America/New_York
Morristown,VT,44.55727,-72.62373,America/New_York
Morrisville,VT,44.56172,-72.59845,America/New_York
Mount Holly,VT,43.45229,-72.82482,America/New_York
Newfane,VT,42.98564,-72.65593,America/New_York
Newport,VT,44.93644,-72.2051,America/New_York
North Bennington,VT,42.93036,-73.24261,America/New_York
North Hero,VT,44.83125,-73.27323,America/New_York
Northfield,VT,44.15117,-72.6565,America/New_York
Pawlet,VT,43.34674,-73.17622,America/New_York
Poultney,VT,43.51701,-73.23622,America/New_York
Pownal,VT,42.76564,-73.23594,America/New_York
Randolph,VT,43.92507,-72.66594,America/New_York
Richford,VT,44.99699,-72.67124,America/New_York
Rockingham,VT,43.18758,-72.48898,America/New_York
Rutland,VT,43.61062,-72.97261,America/New_York
Saint Albans,VT,44.81088,-73.08319,America/New_York
Saint Johnsbury,VT,44.41922,-72.01509,America/New_York
Salisbury,VT,43.89645,-73.09984,America/New_York
South Barre,VT,44.17701,-72.50566,America/New_York
South Burlington,VT,44.46699,-73.17096,America/New_York
Springfield,VT,43.29841,-72.48231,America/New_York
St Johnsbury,VT,44.42526,-72.01512,America/New_York
Starksboro,VT,44.22728,-73.05734,America/New_York
Stowe,VT,44.46533,-72.68456,America/New_York
Swanton,VT,44.9181,-73.1243,America/New_York
Townshend,VT,43.0473,-72.66759,America/New_York
Vergennes,VT,44.16728,-73.25401,America/New_York
Washington,VT,44.10562,-72.4326,America/New_York
Waterbury,VT,44.33783,-72.75623,America/New_York
West Brattleboro,VT,42.85592,-72.60315,America/New_York
West Rutland,VT,43.59312,-73.04511,America/New_York
White River Junction,VT,43.64896,-72.31926,America/New_York
White River Junction VA Medical Center,VT,42.83049,-72.56786,America/New_York
Wilder,VT,43.67285,-72.3087,America/New_York
Williamstown,VT,44.12173,-72.54149,America/New_York
Williston,VT,44.43755,-73.06818,America/New_York
Windsor,VT,43.48035,-72.38481,America/New_York
Winooski,VT,44.49144,-73.18568,America/New_York
Woodstock,VT,43.62424,-72.51843,America/New_York
Aberdeen,WA,46.97537,-123.81572,America/Los_Angeles
Ahtanum,WA,46.55957,-120.62201,America/Los_Angeles
Airway Heights,WA,47.64461,-117.59327,America/Los_Angeles
Alderton,WA,47.16955,-122.22928,America/Los_Angeles
Alderwood Manor,WA,47.808,-122.261,America/Los_Angeles
Algona,WA,47.27899,-122.25206,America/Los_Angeles
Allyn,WA,47.38565,-122.82764,America/Los_Angeles
Amboy,WA,45.91011,-122.44649,America/Los_Angeles
Ames Lake,WA,47.63288,-121.96623,America/Los_Angeles
Anacortes,WA,48.5126,-122.61267,America/Los_Angeles
Arlington,WA,48.19871,-122.12514,America/Los_Angeles
Arlington Heights,WA,48.20205,-122.06208,America/Los_Angeles
Artondale,WA,47.29954,-122.62069,America/Los_Angeles
Asotin,WA,46.33933,-117.04821,America/Los_Angeles
Auburn,WA,47.30732,-122.22845,America/Los_Angeles
Ault Field,WA,48.33812,-122.67441,America/Los_Angeles
Bainbridge Island,WA,47.62621,-122.52124,America/Los_Angeles
Bangor Trident Base,WA,47.72274,-122.71446,America/Los_Angeles
Barberton,WA,45.69317,-122.59899,America/Los_Angeles
Basin City,WA,46.59403,-119.15223,America/Los_Angeles
Battle Ground,WA,45.78095,-122.53343,America/Los_Angeles
Belfair,WA,47.45065,-122.82737,America/Los_Angeles
Bellevue,WA,47.61038,-122.20068,America/Los_Angeles
Bellingham,WA,48.75955,-122.48822,America/Los_Angeles
Benton City,WA,46.26319,-119.4878,America/Los_Angeles
Bethel,WA,47.49398,-122.63125,America/Los_Angeles
Big Lake,WA,48.40288,-122.24127,America/Los_Angeles
Birch Bay,WA,48.91789,-122.74462,America/Los_Angeles
Black Diamond,WA,47.30871,-122.00317,America/Los_Angeles
Blaine,WA,48.99372,-122.74712,America/Los_Angeles
Bonney Lake,WA,47.17705,-122.18651,America/Los_Angeles
Bothell,WA,47.76232,-122.2054,America/Los_Angeles
Bothell East,WA,47.80631,-122.18427,America/Los_Angeles
Bothell West,WA,47.80527,-122.24064,America/Los_Angeles
Boulevard Park,WA,47.513,-122.317,America/Los_Angeles
Bremerton,WA,47.56732,-122.63264,America/Los_Angeles
Brewster,WA,48.09598,-119.78062,America/Los_Angeles
Bridgeport,WA,48.0082,-119.67116,America/Los_Angeles
Brier,WA,47.78454,-122.27429,America/Los_Angeles
Browns Point,WA,47.30038,-122.44124,America/Los_Angeles
Brush Prairie,WA,45.73289,-122.54649,America/Los_Angeles
Bryant,WA,48.23899,-122.15792,America/Los_Angeles
Bryn Mawr-Skyway,WA,47.4943,-122.24092,America/Los_Angeles
Buckley,WA,47.16316,-122.02678,America/Los_Angeles
Bunk Foss,WA,47.96171,-122.09441,America/Los_Angeles
Burbank,WA,46.19986,-119.01306,America/Los_Angeles
Burien,WA,47.47038,-122.34679,America/Los_Angeles
Burley,WA,47.41787,-122.63097,America/Los_Angeles
Burlington,WA,48.47566,-122.32544,America/Los_Angeles
Camano,WA,48.17399,-122.52821,America/Los_Angeles
Camas,WA,45.58706,-122.39954,America/Los_Angeles
Canterwood,WA,47.3751,-122.5893,America/Los_Angeles
Carnation,WA,47.64788,-121.91401,America/Los_Angeles
Carson,WA,45.72539,-121.81924,America/Los_Angeles
Cascade Valley,WA,47.13459,-119.32808,America/Los_Angeles
Cashmere,WA,47.52235,-120.4698,America/Los_Angeles
Castle Rock,WA,46.27511,-122.90761,America/Los_Angeles
Cathcart,WA,47.84788,-122.09929,America/Los_Angeles
Cathlamet,WA,46.20317,-123.38318,America/Los_Angeles
Central Park,WA,46.97343,-123.69239,America/Los_Angeles
Centralia,WA,46.71621,-122.9543,America/Los_Angeles
Chehalis,WA,46.66205,-122.96402,America/Los_Angeles
Chelan,WA,47.84097,-120.01646,America/Los_Angeles
Cheney,WA,47.48739,-117.57576,America/Los_Angeles
Chewelah,WA,48.27629,-117.71552,America/Los_Angeles
Chico,WA,47.61148,-122.71042,America/Los_Angeles
City of Sammamish,WA,47.60444,-122.03768,America/Los_Angeles
Clarkston,WA,46.41629,-117.04557,America/Los_Angeles
Clarkston Heights-Vineland,WA,46.38742,-117.083,America/Los_Angeles
Cle Elum,WA,47.1954,-120.93925,America/Los_Angeles
Clear Lake,WA,48.46427,-122.23404,America/Los_Angeles
Clearview,WA,47.83371,-122.12596,America/Los_Angeles
Clyde Hill,WA,47.63177,-122.2179,America/Los_Angeles
Colfax,WA,46.88017,-117.36435,America/Los_Angeles
College Place,WA,46.0493,-118.3883,America/Los_Angeles
Columbia City,WA,47.56399,-122.2754,America/Los_Angeles
Colville,WA,48.54657,-117.90554,America/Los_Angeles
Connell,WA,46.66347,-118.86111,America/Los_Angeles
Cosmopolis,WA,46.95537,-123.77378,America/Los_Angeles
Cottage Lake,WA,47.74427,-122.07735,America/Los_Angeles
Coulee Dam,WA,47.96543,-118.97613,America/Los_Angeles
Country Homes,WA,47.7485,-117.40439,America/Los_Angeles
Coupeville,WA,48.21982,-122.68628,America/Los_Angeles
Covington,WA,47.35818,-122.12216,America/Los_Angeles
Crocker,WA,47.08091,-122.10383,America/Los_Angeles
Dallesport,WA,45.61734,-121.17952,America/Los_Angeles
Darrington,WA,48.25539,-121.60151,America/Los_Angeles
Davenport,WA,47.65405,-118.14997,America/Los_Angeles
Dayton,WA,46.32375,-117.97244,America/Los_Angeles
Deer Park,WA,47.95434,-117.47689,America/Los_Angeles
Des Moines,WA,47.40177,-122.32429,America/Los_Angeles
Desert Aire,WA,46.6793,-119.91727,America/Los_Angeles
Dishman,WA,47.66007,-117.27596,America/Los_Angeles
Dollar Corner,WA,45.7803,-122.59994,America/Los_Angeles
DuPont,WA,47.09676,-122.63124,America/Los_Angeles
Duvall,WA,47.74232,-121.98568,America/Los_Angeles
East Hill-Meridian,WA,47.41052,-122.17369,America/Los_Angeles
East Port Orchard,WA,47.52343,-122.6243,America/Los_Angeles
East Renton Highlands,WA,47.48482,-122.11234,America/Los_Angeles
East Wenatchee,WA,47.41568,-120.29313,America/Los_Angeles
East Wenatchee Bench,WA,47.42568,-120.28118,America/Los_Angeles
Eastgate,WA,47.57266,-122.14578,America/Los_Angeles
Eastmont,WA,47.8974,-122.18154,America/Los_Angeles
Eatonville,WA,46.86733,-122.2665,America/Los_Angeles
Edgewood,WA,47.2501,-122.29373,America/Los_Angeles
Edmonds,WA,47.81065,-122.37736,America/Los_Angeles
Electric City,WA,47.93237,-119.03808,America/Los_Angeles
Elk Plain,WA,47.05316,-122.39762,America/Los_Angeles
Ellensburg,WA,46.99651,-120.54785,America/Los_Angeles
Elma,WA,47.00343,-123.40877,America/Los_Angeles
Enetai,WA,47.58482,-122.59875,America/Los_Angeles
Entiat,WA,47.67596,-120.20841,America/Los_Angeles
Enumclaw,WA,47.20427,-121.9915,America/Los_Angeles
Ephrata,WA,47.31764,-119.55365,America/Los_Angeles
Erlands Point-Kitsap Lake,WA,47.59719,-122.70225,America/Los_Angeles
Esperance,WA,47.78899,-122.35541,America/Los_Angeles
Everett,WA,47.97898,-122.20208,America/Los_Angeles
Everson,WA,48.92012,-122.34266,America/Los_Angeles
Fairchild Air Force Base,WA,47.61879,-117.64826,America/Los_Angeles
Fairwood,WA,47.44843,-122.15734,America/Los_Angeles
Fairwood,WA,47.76684,-117.41744,America/Los_Angeles
Fall City,WA,47.56732,-121.88873,America/Los_Angeles
Federal Way,WA,47.32232,-122.31262,America/Los_Angeles
Felida,WA,45.70956,-122.70732,America/Los_Angeles
Fern Prairie,WA,45.63651,-122.3987,America/Los_Angeles
Ferndale,WA,48.8465,-122.59101,America/Los_Angeles
Fife,WA,47.23927,-122.35707,America/Los_Angeles
Fife Heights,WA,47.25899,-122.34568,America/Los_Angeles
Finley,WA,46.15402,-119.0339,America/Los_Angeles
Fircrest,WA,47.23954,-122.51596,America/Los_Angeles
Five Corners,WA,45.68456,-122.5751,America/Los_Angeles
Fobes Hill,WA,47.94899,-122.11985,America/Los_Angeles
Fords Prairie,WA,46.7351,-122.98902,America/Los_Angeles
Forks,WA,47.95036,-124.38549,America/Los_Angeles
Fox Island,WA,47.25149,-122.62902,America/Los_Angeles
Frederickson,WA,47.09621,-122.35873,America/Los_Angeles
Freeland,WA,48.00954,-122.52598,America/Los_Angeles
Friday Harbor,WA,48.53427,-123.01712,America/Los_Angeles
Garrett,WA,46.05208,-118.40275,America/Los_Angeles
Geneva,WA,48.74567,-122.40183,America/Los_Angeles
Gig Harbor,WA,47.32926,-122.58013,America/Los_Angeles
Gleed,WA,46.65818,-120.6134,America/Los_Angeles
Gold Bar,WA,47.85677,-121.69706,America/Los_Angeles
Goldendale,WA,45.82068,-120.82173,America/Los_Angeles
Graham,WA,47.05288,-122.29428,America/Los_Angeles
Grand Coulee,WA,47.94154,-119.00335,America/Los_Angeles
Grand Mound,WA,46.78788,-123.01125,America/Los_Angeles
Grandview,WA,46.25097,-119.9017,America/Los_Angeles
Granger,WA,46.34207,-120.18727,America/Los_Angeles
Granite Falls,WA,47.89013,-120.21369,America/Los_Angeles
Granite Falls,WA,48.08399,-121.96874,America/Los_Angeles
Greenwood,WA,47.69428,-122.35491,America/Los_Angeles
Hansville,WA,47.9187,-122.55431,America/Los_Angeles
Hazel Dell,WA,45.67151,-122.66288,America/Los_Angeles
Highland,WA,46.13152,-119.11418,America/Los_Angeles
Hobart,WA,47.42177,-121.97289,America/Los_Angeles
Hockinson,WA,45.73789,-122.48704,America/Los_Angeles
Home,WA,47.27482,-122.76375,America/Los_Angeles
Hoquiam,WA,46.98092,-123.88933,America/Los_Angeles
Indianola,WA,47.74704,-122.52569,America/Los_Angeles
Inglewood-Finn Hill,WA,47.72049,-122.23167,America/Los_Angeles
Issaquah,WA,47.5301,-122.03262,America/Los_Angeles
Joint Base Lewis McChord,WA,47.10787,-122.57694,America/Los_Angeles
Kalama,WA,46.00767,-122.84436,America/Los_Angeles
Kelso,WA,46.14678,-122.90844,America/Los_Angeles
Kenmore,WA,47.75732,-122.24401,America/Los_Angeles
Kennewick,WA,46.21125,-119.13723,America/Los_Angeles
Kent,WA,47.38093,-122.23484,America/Los_Angeles
Kettle Falls,WA,48.61074,-118.05582,America/Los_Angeles
Key Center,WA,47.34065,-122.74541,America/Los_Angeles
Kingsgate,WA,47.72704,-122.17957,America/Los_Angeles
Kingston,WA,47.7985,-122.49806,America/Los_Angeles
Kirkland,WA,47.68149,-122.20874,America/Los_Angeles
Kittitas,WA,46.98318,-120.41701,America/Los_Angeles
Klahanie,WA,47.57097,-122.00839,America/Los_Angeles
La Center,WA,45.86234,-122.67038,America/Los_Angeles
Lacey,WA,47.03426,-122.82319,America/Los_Angeles
Lake Forest Park,WA,47.75676,-122.28096,America/Los_Angeles
Lake Marcel-Stillwater,WA,47.69263,-121.91513,America/Los_Angeles
Lake Morton-Berrydale,WA,47.33251,-122.10286,America/Los_Angeles
Lake Shore,WA,45.69067,-122.69093,America/Los_Angeles
Lake Stevens,WA,48.0151,-122.06374,America/Los_Angeles
Lake Stickney,WA,47.87655,-122.26214,America/Los_Angeles
Lakeland North,WA,47.33343,-122.27695,America/Los_Angeles
Lakeland South,WA,47.27843,-122.28326,America/Los_Angeles
Lakewood,WA,47.17176,-122.51846,America/Los_Angeles
Langley,WA,48.04009,-122.40626,America/Los_Angeles
Larch Way,WA,47.8429,-122.25275,America/Los_Angeles
Lea Hill,WA,47.32621,-122.18151,America/Los_Angeles
Leavenworth,WA,47.59623,-120.66148,America/Los_Angeles
Lewisville,WA,45.80984,-122.52315,America/Los_Angeles
Liberty Lake,WA,47.67591,-117.11821,America/Los_Angeles
Lochsloy,WA,48.05149,-122.03208,America/Los_Angeles
Lofall,WA,47.81192,-122.65841,America/Los_Angeles
Long Beach,WA,46.35232,-124.05432,America/Los_Angeles
Longbranch,WA,47.20898,-122.7568,America/Los_Angeles
Longview,WA,46.13817,-122.93817,America/Los_Angeles
Longview Heights,WA,46.18039,-122.95706,America/Los_Angeles
Lynden,WA,48.9465,-122.45211,America/Los_Angeles
Lynnwood,WA,47.82093,-122.31513,America/Los_Angeles
Mabton,WA,46.21485,-119.99671,America/Los_Angeles
Machias,WA,47.98149,-122.04596,America/Los_Angeles
Maltby,WA,47.8051,-122.11318,America/Los_Angeles
Manchester,WA,47.55566,-122.54507,America/Los_Angeles
Manson,WA,47.88486,-120.15841,America/Los_Angeles
Maple Heights-Lake Desire,WA,47.44413,-122.09736,America/Los_Angeles
Maple Valley,WA,47.39272,-122.04641,America/Los_Angeles
Maplewood,WA,47.40176,-122.55707,America/Los_Angeles
Marietta,WA,48.78705,-122.58045,America/Los_Angeles
Marietta-Alderwood,WA,48.78965,-122.55369,America/Los_Angeles
Martha Lake,WA,47.85093,-122.2393,America/Los_Angeles
Marysville,WA,48.05176,-122.17708,America/Los_Angeles
Mattawa,WA,46.73791,-119.90282,America/Los_Angeles
McChord Air Force Base,WA,47.13397,-122.49157,America/Los_Angeles
McCleary,WA,47.05315,-123.26543,America/Los_Angeles
McMillin,WA,47.13982,-122.23651,America/Los_Angeles
Mead,WA,47.76739,-117.35494,America/Los_Angeles
Meadow Glade,WA,45.75845,-122.56038,America/Los_Angeles
Meadowdale,WA,47.858,-122.313,America/Los_Angeles
Medical Lake,WA,47.57294,-117.68216,America/Los_Angeles
Medina,WA,47.62093,-122.22762,America/Los_Angeles
Mercer Island,WA,47.57065,-122.22207,America/Los_Angeles
Midland,WA,47.16704,-122.40484,America/Los_Angeles
Mill Creek,WA,47.8601,-122.2043,America/Los_Angeles
Mill Creek East,WA,47.83602,-122.18766,America/Los_Angeles
Mill Plain,WA,45.6429,-122.49398,America/Los_Angeles
Millwood,WA,47.68128,-117.28271,America/Los_Angeles
Milton,WA,47.24816,-122.3129,America/Los_Angeles
Minnehaha,WA,45.65901,-122.6271,America/Los_Angeles
Mirrormont,WA,47.46232,-121.99567,America/Los_Angeles
Monroe,WA,47.85538,-121.97096,America/Los_Angeles
Monroe North,WA,47.88225,-121.98729,America/Los_Angeles
Montesano,WA,46.98121,-123.60266,America/Los_Angeles
Morton,WA,46.55844,-122.2751,America/Los_Angeles
Moses Lake,WA,47.13014,-119.27808,America/Los_Angeles
Moses Lake North,WA,47.19433,-119.31719,America/Los_Angeles
Mount Vernon,WA,48.42122,-122.33405,America/Los_Angeles
Mount Vista,WA,45.73428,-122.63288,America/Los_Angeles
Mountlake Terrace,WA,47.78815,-122.30874,America/Los_Angeles
Mukilteo,WA,47.94454,-122.30458,America/Los_Angeles
Napavine,WA,46.57455,-122.90818,America/Los_Angeles
Navy Yard City,WA,47.55343,-122.66458,America/Los_Angeles
Newcastle,WA,47.53899,-122.15568,America/Los_Angeles
Newport,WA,47.57121,-122.18068,America/Los_Angeles
Newport,WA,48.17963,-117.04326,America/Los_Angeles
Nooksack,WA,48.92762,-122.32155,America/Los_Angeles
Normandy Park,WA,47.43621,-122.34068,America/Los_Angeles
North Bend,WA,47.49566,-121.78678,America/Los_Angeles
North Creek,WA,47.81954,-122.17624,America/Los_Angeles
North Fort Lewis,WA,47.12131,-122.59452,America/Los_Angeles
North Puyallup,WA,47.20677,-122.28234,America/Los_Angeles
North Yelm,WA,46.96315,-122.6029,America/Los_Angeles
Oak Harbor,WA,48.29316,-122.64322,America/Los_Angeles
Ocean Park,WA,46.49177,-124.05208,America/Los_Angeles
Ocean Shores,WA,46.9737,-124.15629,America/Los_Angeles
Okanogan,WA,48.36126,-119.58339,America/Los_Angeles
Olympia,WA,47.04491,-122.90169,America/Los_Angeles
Omak,WA,48.41099,-119.52755,America/Los_Angeles
Opportunity,WA,47.64995,-117.23991,America/Los_Angeles
Orchards,WA,45.66651,-122.56093,America/Los_Angeles
Oroville,WA,48.93905,-119.43562,America/Los_Angeles
Orting,WA,47.09788,-122.20428,America/Los_Angeles
Othello,WA,46.82597,-119.17529,America/Los_Angeles
Otis Orchards-East Farms,WA,47.70988,-117.07975,America/Los_Angeles
Pacific,WA,47.26455,-122.25012,America/Los_Angeles
Palouse,WA,46.91017,-117.07573,America/Los_Angeles
Parkland,WA,47.15538,-122.43401,America/Los_Angeles
Parkwood,WA,47.53315,-122.61014,America/Los_Angeles
Pasco,WA,46.23958,-119.10057,America/Los_Angeles
Peaceful Valley,WA,48.93815,-122.14733,America/Los_Angeles
Picnic Point,WA,47.88111,-122.3284,America/Los_Angeles
Picnic Point-North Lynnwood,WA,47.86278,-122.29497,America/Los_Angeles
Point Roberts,WA,48.98538,-123.07797,America/Los_Angeles
Pomeroy,WA,46.47487,-117.60269,America/Los_Angeles
Port Angeles,WA,48.11815,-123.43074,America/Los_Angeles
Port Angeles East,WA,48.10667,-123.37172,America/Los_Angeles
Port Hadlock-Irondale,WA,48.03273,-122.78529,America/Los_Angeles
Port Ludlow,WA,47.92537,-122.68349,America/Los_Angeles
Port Orchard,WA,47.54037,-122.63625,America/Los_Angeles
Port Townsend,WA,48.11742,-122.76071,America/Los_Angeles
Poulsbo,WA,47.73593,-122.64654,America/Los_Angeles
Prairie Heights,WA,47.14933,-122.1053,America/Los_Angeles
Prairie Ridge,WA,47.1376,-122.14873,America/Los_Angeles
Prosser,WA,46.2068,-119.76892,America/Los_Angeles
Pullman,WA,46.73127,-117.17962,America/Los_Angeles
Purdy,WA,47.38899,-122.62541,America/Los_Angeles
Puyallup,WA,47.18538,-122.2929,America/Los_Angeles
Quincy,WA,47.2343,-119.85255,America/Los_Angeles
Rainier,WA,46.88815,-122.68846,America/Los_Angeles
Ravensdale,WA,47.35232,-121.98373,America/Los_Angeles
Raymond,WA,46.68649,-123.73294,America/Los_Angeles
Redmond,WA,47.67399,-122.12151,America/Los_Angeles
Renton,WA,47.48288,-122.21707,America/Los_Angeles
Republic,WA,48.64822,-118.73781,America/Los_Angeles
Richland,WA,46.28569,-119.28446,America/Los_Angeles
Ridgefield,WA,45.81511,-122.7426,America/Los_Angeles
Ritzville,WA,47.12755,-118.37999,America/Los_Angeles
Riverbend,WA,47.46649,-121.75039,America/Los_Angeles
Riverton,WA,47.48427,-122.29457,America/Los_Angeles
Rochester,WA,46.82177,-123.09625,America/Los_Angeles
Rocky Point,WA,47.59287,-122.66848,America/Los_Angeles
Rosedale,WA,47.33149,-122.65235,America/Los_Angeles
Royal City,WA,46.90097,-119.63059,America/Los_Angeles
Salmon Creek,WA,45.71067,-122.64899,America/Los_Angeles
Sammamish,WA,47.64177,-122.0804,America/Los_Angeles
SeaTac,WA,47.44846,-122.29217,America/Los_Angeles
Seabeck,WA,47.63954,-122.82849,America/Los_Angeles
Seattle,WA,47.60621,-122.33207,America/Los_Angeles
Sedro-Woolley,WA,48.50389,-122.23611,America/Los_Angeles
Selah,WA,46.65402,-120.53007,America/Los_Angeles
Sequim,WA,48.07963,-123.10234,America/Los_Angeles
Shelton,WA,47.21509,-123.10071,America/Los_Angeles
Shoreline,WA,47.75565,-122.34152,America/Los_Angeles
Silver Firs,WA,47.86602,-122.1551,America/Los_Angeles
Silverdale,WA,47.64454,-122.69487,America/Los_Angeles
Sisco Heights,WA,48.11538,-122.09708,America/Los_Angeles
Smokey Point,WA,48.15232,-122.18264,America/Los_Angeles
Snohomish,WA,47.91288,-122.09818,America/Los_Angeles
Snoqualmie,WA,47.52871,-121.82539,America/Los_Angeles
Soap Lake,WA,47.38931,-119.49059,America/Los_Angeles
South Bend,WA,46.66315,-123.80461,America/Los_Angeles
South Hill,WA,47.14121,-122.27012,America/Los_Angeles
South Wenatchee,WA,47.39012,-120.28958,America/Los_Angeles
Southworth,WA,47.51204,-122.5018,America/Los_Angeles
Spanaway,WA,47.10399,-122.43457,America/Los_Angeles
Spokane,WA,47.65966,-117.42908,America/Los_Angeles
Spokane Valley,WA,47.67323,-117.23937,America/Los_Angeles
Stanwood,WA,48.24121,-122.37071,America/Los_Angeles
Steilacoom,WA,47.16982,-122.60263,America/Los_Angeles
Stevenson,WA,45.69567,-121.88452,America/Los_Angeles
Sudden Valley,WA,48.72289,-122.34655,America/Los_Angeles
Sultan,WA,47.8626,-121.81651,America/Los_Angeles
Sumas,WA,49.00012,-122.26488,America/Los_Angeles
Summit,WA,47.16177,-122.35707,America/Los_Angeles
Summit View,WA,47.13632,-122.35202,America/Los_Angeles
Sumner,WA,47.20316,-122.2404,America/Los_Angeles
Sunnyside,WA,46.32374,-120.00865,America/Los_Angeles
Sunnyslope,WA,47.4729,-120.33674,America/Los_Angeles
Suquamish,WA,47.73121,-122.55236,America/Los_Angeles
Tacoma,WA,47.25288,-122.44429,America/Los_Angeles
Tanglewilde,WA,47.0515,-122.78241,America/Los_Angeles
Tanglewilde-Thompson Place,WA,47.05116,-122.78081,America/Los_Angeles
Tanner,WA,47.47538,-121.74622,America/Los_Angeles
Tenino,WA,46.85677,-122.85291,America/Los_Angeles
Terrace Heights,WA,46.60624,-120.43979,America/Los_Angeles
Three Lakes,WA,47.94482,-122.01152,America/Los_Angeles
Tieton,WA,46.70207,-120.75535,America/Los_Angeles
Tonasket,WA,48.70515,-119.4395,America/Los_Angeles
Toppenish,WA,46.37735,-120.30867,America/Los_Angeles
Town and Country,WA,47.72739,-117.42161,America/Los_Angeles
Tracyton,WA,47.60898,-122.65514,America/Los_Angeles
Trentwood,WA,47.69656,-117.21076,America/Los_Angeles
Tri-Cities,WA,46.2454,-119.19617,America/Los_Angeles
Tukwila,WA,47.47399,-122.26096,America/Los_Angeles
Tulalip,WA,48.06843,-122.29181,America/Los_Angeles
Tulalip Bay,WA,48.03732,-122.31014,America/Los_Angeles
Tumwater,WA,47.00732,-122.90931,America/Los_Angeles
Union Gap,WA,46.55735,-120.47506,America/Los_Angeles
Union Hill-Novelty Hill,WA,47.67887,-122.02833,America/Los_Angeles
University Place,WA,47.23565,-122.5504,America/Los_Angeles
Vancouver,WA,45.63873,-122.66149,America/Los_Angeles
Vashon,WA,47.44732,-122.45985,America/Los_Angeles
Venersborg,WA,45.77373,-122.42454,America/Los_Angeles
Veradale,WA,47.64995,-117.20738,America/Los_Angeles
Waitsburg,WA,46.27042,-118.15329,America/Los_Angeles
Walla Walla,WA,46.06458,-118.34302,America/Los_Angeles
Walla Walla East,WA,46.05184,-118.30403,America/Los_Angeles
Waller,WA,47.20066,-122.36929,America/Los_Angeles
Walnut Grove,WA,45.66789,-122.59899,America/Los_Angeles
Wapato,WA,46.44763,-120.42034,America/Los_Angeles
Warden,WA,46.96764,-119.03973,America/Los_Angeles
Warm Beach,WA,48.17065,-122.3646,America/Los_Angeles
Washougal,WA,45.58262,-122.35342,America/Los_Angeles
Waterville,WA,47.64708,-120.07118,America/Los_Angeles
Wauna,WA,47.37899,-122.64263,America/Los_Angeles
Wenatchee,WA,47.42346,-120.31035,America/Los_Angeles
West Clarkston-Highland,WA,46.40287,-117.06395,America/Los_Angeles
West Lake Sammamish,WA,47.5776,-122.10123,America/Los_Angeles
West Lake Stevens,WA,47.99343,-122.1018,America/Los_Angeles
West Longview,WA,46.16789,-122.999,America/Los_Angeles
West Pasco,WA,46.24541,-119.18279,America/Los_Angeles
West Richland,WA,46.3043,-119.36141,America/Los_Angeles
West Side Highway,WA,46.18399,-122.91715,America/Los_Angeles
West Valley,WA,46.59207,-120.60507,America/Los_Angeles
West Wenatchee,WA,47.44374,-120.35341,America/Los_Angeles
Westport,WA,46.89009,-124.10406,America/Los_Angeles
White Center,WA,47.51732,-122.35485,America/Los_Angeles
White Salmon,WA,45.72762,-121.48646,America/Los_Angeles
Wilburton,WA,47.60315,-122.18096,America/Los_Angeles
Wilderness Rim,WA,47.44697,-121.76857,America/Los_Angeles
Winlock,WA,46.49122,-122.9379,America/Los_Angeles
Wollochet,WA,47.26871,-122.58402,America/Los_Angeles
Woodinville,WA,47.75427,-122.16346,America/Los_Angeles
Woodland,WA,45.90456,-122.74399,America/Los_Angeles
Woods Creek,WA,47.87871,-121.89846,America/Los_Angeles
Woodway,WA,47.79621,-122.38291,America/Los_Angeles
Yacolt,WA,45.86595,-122.40621,America/Los_Angeles
Yakima,WA,46.60207,-120.5059,America/Los_Angeles
Yarrow Point,WA,47.64621,-122.21735,America/Los_Angeles
Yelm,WA,46.94204,-122.60596,America/Los_Angeles
Zillah,WA,46.40207,-120.262,America/Los_Angeles
Abbotsford,WI,44.94636,-90.31597,America/Chicago
Adams,WI,43.95608,-89.81818,America/Chicago
Addison,WI,43.42278,-88.37454,America/Chicago
Albany,WI,42.70778,-89.43706,America/Chicago
Algoma,WI,44.60889,-87.43259,America/Chicago
Allouez,WI,44.47749,-88.01621,America/Chicago
Alma,WI,44.31997,-91.91488,America/Chicago
Alto,WI,43.67665,-88.79511,America/Chicago
Altoona,WI,44.80468,-91.44321,America/Chicago
Amery,WI,45.30691,-92.36214,America/Chicago
Amherst,WI,44.45081,-89.28484,America/Chicago
Antigo,WI,45.14025,-89.15234,America/Chicago
Appleton,WI,44.26193,-88.41538,America/Chicago
Arcadia,WI,44.25274,-91.50154,America/Chicago
Ashford,WI,43.58694,-88.37066,America/Chicago
Ashland,WI,46.59244,-90.8838,America/Chicago
Ashwaubenon,WI,44.48221,-88.0701,America/Chicago
Athens,WI,45.03302,-90.07402,America/Chicago
Augusta,WI,44.68024,-91.11988,America/Chicago
Aztalan,WI,43.07278,-88.86233,America/Chicago
Baldwin,WI,44.96663,-92.37436,America/Chicago
Balsam Lake,WI,45.45218,-92.45464,America/Chicago
Bangor,WI,43.89302,-90.99041,America/Chicago
Baraboo,WI,43.47109,-89.74429,America/Chicago
Barneveld,WI,43.01555,-89.8954,America/Chicago
Barron,WI,45.40135,-91.84906,America/Chicago
Barton,WI,43.44361,-88.18065,America/Chicago
Bayside,WI,43.18056,-87.90064,America/Chicago
Beaver Dam,WI,43.45777,-88.83733,America/Chicago
Belgium,WI,43.49972,-87.85037,America/Chicago
Belle Plaine,WI,44.71526,-88.66621,America/Chicago
Belleville,WI,42.85972,-89.53818,America/Chicago
Bellevue,WI,44.44416,-87.9201,America/Chicago
Beloit,WI,42.50835,-89.03178,America/Chicago
Berlin,WI,43.96804,-88.94345,America/Chicago
Bevent,WI,44.77053,-89.38956,America/Chicago
Big Bend,WI,42.8814,-88.20676,America/Chicago
Black Creek,WI,44.47749,-88.45066,America/Chicago
Black Earth,WI,43.13722,-89.74679,America/Chicago
Black River Falls,WI,44.29468,-90.85153,America/Chicago
Blair,WI,44.2944,-91.23516,America/Chicago
Bloomer,WI,45.10024,-91.48877,America/Chicago
Bohners Lake,WI,42.62307,-88.28037,America/Chicago
Bonduel,WI,44.74027,-88.44482,America/Chicago
Boscobel,WI,43.13443,-90.7054,America/Chicago
Boyceville,WI,45.04357,-92.04101,America/Chicago
Brice Prairie,WI,43.93857,-91.29986,America/Chicago
Brillion,WI,44.17721,-88.06427,America/Chicago
Bristol,WI,42.55891,-88.04925,America/Chicago
Brodhead,WI,42.61834,-89.37623,America/Chicago
Brookfield,WI,43.06057,-88.10648,America/Chicago
Brooklyn,WI,42.85361,-89.3704,America/Chicago
Brothertown,WI,43.96805,-88.30899,America/Chicago
Brown Deer,WI,43.16334,-87.96453,America/Chicago
Browns Lake,WI,42.69252,-88.2312,America/Chicago
Brussels,WI,44.73611,-87.62093,America/Chicago
Burlington,WI,42.67807,-88.2762,America/Chicago
Butler,WI,43.10584,-88.06953,America/Chicago
Cadott,WI,44.94802,-91.1507,America/Chicago
Caledonia,WI,42.8078,-87.92425,America/Chicago
Cambridge,WI,43.00361,-89.0165,America/Chicago
Cameron,WI,45.40857,-91.74406,America/Chicago
Camp Lake,WI,42.53474,-88.1437,America/Chicago
Campbellsport,WI,43.59777,-88.27899,America/Chicago
Cashton,WI,43.74191,-90.7793,America/Chicago
Cato,WI,44.14277,-87.8612,America/Chicago
Cedar Grove,WI,43.56972,-87.82342,America/Chicago
Cedarburg,WI,43.29667,-87.98759,America/Chicago
Chetek,WI,45.31413,-91.651,America/Chicago
Chilton,WI,44.02888,-88.16288,America/Chicago
Chippewa Falls,WI,44.93691,-91.39293,America/Chicago
Clear Lake,WI,45.25191,-92.2713,America/Chicago
Cleveland,WI,43.91499,-87.74731,America/Chicago
Clinton,WI,42.55779,-88.86511,America/Chicago
Clintonville,WI,44.62053,-88.76232,America/Chicago
Colby,WI,44.90997,-90.31569,America/Chicago
Colfax,WI,44.99746,-91.72712,America/Chicago
Columbus,WI,43.33805,-89.01539,America/Chicago
Combined Locks,WI,44.26582,-88.31427,America/Chicago
Como,WI,42.61224,-88.48232,America/Chicago
Concord,WI,43.06945,-88.59871,America/Chicago
Cooperstown,WI,44.31277,-87.77453,America/Chicago
Cornell,WI,45.16719,-91.14931,America/Chicago
Cottage Grove,WI,43.07611,-89.19956,America/Chicago
Crandon,WI,45.57191,-88.90289,America/Chicago
Cross Plains,WI,43.11444,-89.65568,America/Chicago
Cuba City,WI,42.60555,-90.42985,America/Chicago
Cudahy,WI,42.95974,-87.86147,America/Chicago
Cumberland,WI,45.53218,-92.01935,America/Chicago
Dakota,WI,43.99025,-89.35651,America/Chicago
Dane,WI,43.25055,-89.50151,America/Chicago
Darien,WI,42.60168,-88.7076,America/Chicago
Darlington,WI,42.68306,-90.11763,America/Chicago
De Pere,WI,44.44888,-88.06038,America/Chicago
DeForest,WI,43.24777,-89.34373,America/Chicago
Decatur,WI,42.63433,-89.41155,America/Chicago
Deerfield,WI,43.05194,-89.07567,America/Chicago
Delafield,WI,43.06084,-88.40371,America/Chicago
Delavan,WI,42.63307,-88.64371,America/Chicago
Delavan Lake,WI,42.58418,-88.6326,America/Chicago
Denmark,WI,44.34777,-87.82732,America/Chicago
Dickeyville,WI,42.62722,-90.59207,America/Chicago
Dodgeville,WI,42.96027,-90.13012,America/Chicago
Dousman,WI,43.01418,-88.4726,America/Chicago
Durand,WI,44.62635,-91.96573,America/Chicago
Eagle,WI,42.87946,-88.47427,America/Chicago
Eagle Lake,WI,42.70696,-88.12814,America/Chicago
Eagle River,WI,45.91718,-89.2443,America/Chicago
East Troy,WI,42.78529,-88.4051,America/Chicago
Easton,WI,43.83803,-89.80679,America/Chicago
Eau Claire,WI,44.81135,-91.49849,America/Chicago
Edgar,WI,44.92719,-89.96346,America/Chicago
Edgerton,WI,42.83528,-89.06761,America/Chicago
Eldorado,WI,43.82471,-88.62178,America/Chicago
Elkhorn,WI,42.67279,-88.54454,America/Chicago
Ellsworth,WI,44.73219,-92.48741,America/Chicago
Elm Grove,WI,43.04307,-88.07898,America/Chicago
Elroy,WI,43.7408,-90.27235,America/Chicago
Evansville,WI,42.78028,-89.29928,America/Chicago
Evergreen,WI,44.84247,-89.63762,America/Chicago
Fall Creek,WI,44.76357,-91.2771,America/Chicago
Fall River,WI,43.38443,-89.04511,America/Chicago
Fennimore,WI,42.9836,-90.6554,America/Chicago
Fitchburg,WI,42.96083,-89.46984,America/Chicago
Florence,WI,45.92218,-88.2518,America/Chicago
Fond du Lac,WI,43.775,-88.43883,America/Chicago
Fontana,WI,42.55141,-88.5751,America/Chicago
Fort Atkinson,WI,42.92889,-88.83705,America/Chicago
Fox Lake,WI,43.56554,-88.9065,America/Chicago
Fox Point,WI,43.15751,-87.90175,America/Chicago
Franklin,WI,42.88863,-88.03842,America/Chicago
Franksville,WI,42.76002,-87.91341,America/Chicago
Frederic,WI,45.65912,-92.46714,America/Chicago
Fredonia,WI,43.47056,-87.95065,America/Chicago
French Island,WI,43.8583,-91.26042,America/Chicago
Friendship,WI,43.97053,-89.81679,America/Chicago
Galesville,WI,44.08163,-91.34904,America/Chicago
Genoa City,WI,42.49835,-88.32815,America/Chicago
Germantown,WI,43.22862,-88.11037,America/Chicago
Gillett,WI,44.88999,-88.30732,America/Chicago
Glendale,WI,43.13529,-87.93564,America/Chicago
Glenmore,WI,44.38583,-87.92732,America/Chicago
Glenwood City,WI,45.05857,-92.17241,America/Chicago
Grafton,WI,43.31973,-87.95342,America/Chicago
Grantsburg,WI,45.77634,-92.6827,America/Chicago
Green Bay,WI,44.51916,-88.01983,America/Chicago
Green Lake,WI,43.84415,-88.96011,America/Chicago
Greendale,WI,42.94057,-87.99592,America/Chicago
Greenfield,WI,42.9614,-88.01259,America/Chicago
Greenwood,WI,44.77024,-90.59931,America/Chicago
Hales Corners,WI,42.93751,-88.0487,America/Chicago
Hammond,WI,44.97886,-92.43575,America/Chicago
Harrison,WI,44.22776,-88.33591,America/Chicago
Hartford,WI,43.31778,-88.37899,America/Chicago
Hartland,WI,43.10501,-88.34204,America/Chicago
Hayward,WI,46.01301,-91.48462,America/Chicago
Hazel Green,WI,42.53278,-90.43457,America/Chicago
Hilbert,WI,44.14027,-88.16399,America/Chicago
Hillsboro,WI,43.6522,-90.34402,America/Chicago
Hobart,WI,44.49925,-88.14986,America/Chicago
Holmen,WI,43.9633,-91.25625,America/Chicago
Horicon,WI,43.45138,-88.63121,America/Chicago
Hortonville,WI,44.3347,-88.63816,America/Chicago
Howard,WI,44.5436,-88.08816,America/Chicago
Howards Grove,WI,43.83388,-87.82009,America/Chicago
Hudson,WI,44.97469,-92.75687,America/Chicago
Hurley,WI,46.44967,-90.18656,America/Chicago
Hustisford,WI,43.34611,-88.60066,America/Chicago
Independence,WI,44.35691,-91.42043,America/Chicago
Iola,WI,44.50803,-89.13067,America/Chicago
Ixonia,WI,43.14389,-88.59732,America/Chicago
Jackson,WI,43.32389,-88.16676,America/Chicago
Janesville,WI,42.68279,-89.01872,America/Chicago
Jefferson,WI,43.00556,-88.80733,America/Chicago
Johnson Creek,WI,43.07611,-88.77427,America/Chicago
Juneau,WI,43.40555,-88.7051,America/Chicago
Kaukauna,WI,44.27804,-88.27205,America/Chicago
Kenosha,WI,42.58474,-87.82119,America/Chicago
Kenosha Streetcar,WI,42.5869,-87.81021,America/Chicago
Keshena,WI,44.88387,-88.63372,America/Chicago
Kewaskum,WI,43.52083,-88.22899,America/Chicago
Kewaunee,WI,44.45833,-87.50314,America/Chicago
Kiel,WI,43.91249,-88.03565,America/Chicago
Kimberly,WI,44.27221,-88.339,America/Chicago
King,WI,44.33748,-89.14178,America/Chicago
Kohler,WI,43.49639,-88.02343,America/Chicago
Kohler,WI,43.73916,-87.78175,America/Chicago
Kronenwetter,WI,44.82219,-89.5904,America/Chicago
La Crosse,WI,43.80136,-91.23958,America/Chicago
Lac du Flambeau,WI,45.96967,-89.8921,America/Chicago
Ladysmith,WI,45.46302,-91.10404,America/Chicago
Lake Delton,WI,43.60109,-89.79374,America/Chicago
Lake Geneva,WI,42.59168,-88.43343,America/Chicago
Lake Hallie,WI,44.87579,-91.44071,America/Chicago
Lake Koshkonong,WI,42.90973,-88.91955,America/Chicago
Lake Mills,WI,43.08139,-88.91177,America/Chicago
Lake Nebagamon,WI,46.51494,-91.69991,America/Chicago
Lake Ripley,WI,43.00583,-88.98622,America/Chicago
Lake Wazeecha,WI,44.37108,-89.75651,America/Chicago
Lake Wisconsin,WI,43.3736,-89.57568,America/Chicago
Lake Wissota,WI,44.92635,-91.30099,America/Chicago
Lamartine,WI,43.73332,-88.56872,America/Chicago
Lancaster,WI,42.84749,-90.71068,America/Chicago
Lannon,WI,43.14612,-88.1662,America/Chicago
Legend Lake,WI,44.89095,-88.54406,America/Chicago
Little Chute,WI,44.27999,-88.31844,America/Chicago
Little Round Lake,WI,45.96495,-91.36795,America/Chicago
Lodi,WI,43.31388,-89.52651,America/Chicago
Lomira,WI,43.59138,-88.44371,America/Chicago
Loyal,WI,44.73691,-90.49597,America/Chicago
Luck,WI,45.57607,-92.4827,America/Chicago
Luxemburg,WI,44.53861,-87.70398,America/Chicago
Madison,WI,43.07305,-89.40123,America/Chicago
Maine,WI,45.02716,-89.69039,America/Chicago
Manawa,WI,44.46443,-88.91983,America/Chicago
Manchester,WI,43.69054,-89.04845,America/Chicago
Manitowoc,WI,44.08861,-87.65758,America/Chicago
Maple Bluff,WI,43.11833,-89.37956,America/Chicago
Marathon,WI,44.92913,-89.8404,America/Chicago
Marinette,WI,45.09998,-87.63066,America/Chicago
Marion,WI,44.67081,-88.88927,America/Chicago
Markesan,WI,43.7072,-88.99011,America/Chicago
Marshall,WI,43.16833,-89.06678,America/Chicago
Marshfield,WI,44.66885,-90.1718,America/Chicago
Mauston,WI,43.79719,-90.07735,America/Chicago
Mayville,WI,43.49416,-88.54482,America/Chicago
Mazomanie,WI,43.17666,-89.79485,America/Chicago
McFarland,WI,43.0125,-89.28984,America/Chicago
Medford,WI,45.13858,-90.34014,America/Chicago
Meeme,WI,43.92055,-87.83148,America/Chicago
Menasha,WI,44.20221,-88.4465,America/Chicago
Menomonee Falls,WI,43.1789,-88.11731,America/Chicago
Menomonie,WI,44.87552,-91.91934,America/Chicago
Mequon,WI,43.21555,-88.03001,America/Chicago
Merrill,WI,45.18052,-89.68346,America/Chicago
Merton,WI,43.14667,-88.30676,America/Chicago
Middleton,WI,43.09722,-89.50429,America/Chicago
Milford,WI,43.10083,-88.84677,America/Chicago
Milton,WI,42.77556,-88.944,America/Chicago
Milwaukee,WI,43.0389,-87.90647,America/Chicago
Mineral Point,WI,42.86,-90.17985,America/Chicago
Mishicot,WI,44.23916,-87.64119,America/Chicago
Mondovi,WI,44.56774,-91.67099,America/Chicago
Monona,WI,43.06222,-89.33401,America/Chicago
Monroe,WI,42.60112,-89.63845,America/Chicago
Montello,WI,43.79137,-89.31984,America/Chicago
Monticello,WI,42.74556,-89.59484,America/Chicago
Mosinee,WI,44.79302,-89.70318,America/Chicago
Mount Horeb,WI,43.00861,-89.73846,America/Chicago
Mount Morris,WI,44.11442,-89.19067,America/Chicago
Mount Pleasant,WI,42.69743,-87.85577,America/Chicago
Mukwonago,WI,42.86668,-88.33343,America/Chicago
Muscoda,WI,43.18499,-90.44318,America/Chicago
Muskego,WI,42.90585,-88.13898,America/Chicago
Nashotah,WI,43.09779,-88.40232,America/Chicago
Nashville,WI,45.52274,-89.02484,America/Chicago
Neenah,WI,44.18582,-88.46261,America/Chicago
Neillsville,WI,44.55996,-90.59625,America/Chicago
Nekoosa,WI,44.31246,-89.90429,America/Chicago
New Berlin,WI,42.9764,-88.10842,America/Chicago
New Glarus,WI,42.81445,-89.63512,America/Chicago
New Holstein,WI,43.94999,-88.08426,America/Chicago
New Lisbon,WI,43.87914,-90.16541,America/Chicago
New London,WI,44.39276,-88.73983,America/Chicago
New Richmond,WI,45.12302,-92.53659,America/Chicago
Newburg,WI,43.43167,-88.04648,America/Chicago
Niagara,WI,45.77135,-87.99485,America/Chicago
North Fond du Lac,WI,43.81138,-88.48344,America/Chicago
North Hudson,WI,44.99302,-92.75687,America/Chicago
North La Crosse,WI,43.84635,-91.24819,America/Chicago
North Prairie,WI,42.93446,-88.40537,America/Chicago
Oak Creek,WI,42.88585,-87.86314,America/Chicago
Oakfield,WI,43.6861,-88.5465,America/Chicago
Oconomowoc,WI,43.11167,-88.49927,America/Chicago
Oconto,WI,44.88721,-87.86455,America/Chicago
Oconto Falls,WI,44.87388,-88.14288,America/Chicago
Okauchee Lake,WI,43.12334,-88.44065,America/Chicago
Omro,WI,44.03943,-88.74428,America/Chicago
Onalaska,WI,43.88441,-91.23514,America/Chicago
Oneida,WI,44.4986,-88.18288,America/Chicago
Oostburg,WI,43.62277,-87.79453,America/Chicago
Oregon,WI,42.92611,-89.38456,America/Chicago
Orfordville,WI,42.62751,-89.25317,America/Chicago
Osceola,WI,45.32052,-92.70493,America/Chicago
Oshkosh,WI,44.02471,-88.54261,America/Chicago
Osseo,WI,44.57218,-91.22738,America/Chicago
Paddock Lake,WI,42.57752,-88.10509,America/Chicago
Palmyra,WI,42.87779,-88.58621,America/Chicago
Pardeeville,WI,43.53776,-89.30012,America/Chicago
Park Falls,WI,45.9344,-90.44155,America/Chicago
Pell Lake,WI,42.53807,-88.35093,America/Chicago
Peshtigo,WI,45.05443,-87.74927,America/Chicago
Pewaukee,WI,43.08057,-88.2612,America/Chicago
Phillips,WI,45.69663,-90.40043,America/Chicago
Pittsfield,WI,44.59944,-88.2451,America/Chicago
Platteville,WI,42.73416,-90.47846,America/Chicago
Pleasant Prairie,WI,42.55308,-87.93341,America/Chicago
Plover,WI,44.45636,-89.54401,America/Chicago
Plymouth,WI,43.74861,-87.97704,America/Chicago
Port Edwards,WI,44.3508,-89.8654,America/Chicago
Port Washington,WI,43.38722,-87.87564,America/Chicago
Portage,WI,43.53915,-89.46262,America/Chicago
Portland,WI,43.76886,-90.85819,America/Chicago
Potter Lake,WI,42.82168,-88.34898,America/Chicago
Powers Lake,WI,42.55363,-88.29454,America/Chicago
Poynette,WI,43.39026,-89.4029,America/Chicago
Prairie du Chien,WI,43.05165,-91.14124,America/Chicago
Prairie du Sac,WI,43.28693,-89.72401,America/Chicago
Prescott,WI,44.74886,-92.80215,America/Chicago
Princeton,WI,43.85081,-89.12178,America/Chicago
Pulaski,WI,44.67222,-88.2426,America/Chicago
Racine,WI,42.72613,-87.78285,America/Chicago
Randolph,WI,43.53915,-89.00678,America/Chicago
Random Lake,WI,43.55222,-87.96176,America/Chicago
Redgranite,WI,44.04192,-89.09845,America/Chicago
Reedsburg,WI,43.53248,-90.00263,America/Chicago
Reedsville,WI,44.1536,-87.95676,America/Chicago
Rhinelander,WI,45.63662,-89.41208,America/Chicago
Rib Mountain,WI,44.91275,-89.6754,America/Chicago
Rice Lake,WI,45.50607,-91.73823,America/Chicago
Richfield,WI,43.25612,-88.19398,America/Chicago
Richland Center,WI,43.33471,-90.38679,America/Chicago
Richmond,WI,42.71473,-88.74927,America/Chicago
Rio,WI,43.44776,-89.23984,America/Chicago
Ripon,WI,43.8422,-88.83594,America/Chicago
River Falls,WI,44.86136,-92.62381,America/Chicago
River Hills,WI,43.17418,-87.92425,America/Chicago
Roberts,WI,44.98386,-92.55603,America/Chicago
Rochester,WI,42.74141,-88.22426,America/Chicago
Rome,WI,44.2206,-89.80843,America/Chicago
Rosendale,WI,43.80776,-88.67483,America/Chicago
Rothschild,WI,44.88719,-89.62012,America/Chicago
Roxbury,WI,43.24943,-89.6754,America/Chicago
Rutland,WI,42.87889,-89.35012,America/Chicago
Saint Croix Falls,WI,45.40996,-92.63965,America/Chicago
Saint Francis,WI,42.96752,-87.87758,America/Chicago
Saint Peter,WI,43.83638,-88.34149,America/Chicago
Salem,WI,42.55474,-88.11092,America/Chicago
Sauk City,WI,43.27082,-89.72207,America/Chicago
Saukville,WI,43.38167,-87.94065,America/Chicago
Schofield,WI,44.90969,-89.60457,America/Chicago
Seymour,WI,44.82663,-91.43127,America/Chicago
Seymour,WI,44.51499,-88.33038,America/Chicago
Sharon,WI,42.50252,-88.72899,America/Chicago
Shawano,WI,44.78221,-88.60899,America/Chicago
Sheboygan,WI,43.75083,-87.71453,America/Chicago
Sheboygan Falls,WI,43.73197,-87.82213,America/Chicago
Shell Lake,WI,45.73939,-91.92545,America/Chicago
Sherwood,WI,44.1736,-88.25983,America/Chicago
Shorewood,WI,43.08918,-87.88758,America/Chicago
Shorewood Hills,WI,43.0775,-89.44568,America/Chicago
Shullsburg,WI,42.57334,-90.23096,America/Chicago
Silver Lake,WI,42.54613,-88.16564,America/Chicago
Silver Lake,WI,44.05526,-89.22623,America/Chicago
Siren,WI,45.78578,-92.38103,America/Chicago
Slinger,WI,43.33361,-88.28621,America/Chicago
Somers,WI,42.6403,-87.91036,America/Chicago
Somerset,WI,45.12441,-92.67354,America/Chicago
South Milwaukee,WI,42.91057,-87.86064,America/Chicago
Sparta,WI,43.94413,-90.81291,America/Chicago
Spencer,WI,44.75774,-90.2968,America/Chicago
Spooner,WI,45.82245,-91.88934,America/Chicago
Spring Green,WI,43.17527,-90.0679,America/Chicago
Spring Valley,WI,44.84524,-92.2388,America/Chicago
Stanley,WI,44.95997,-90.93708,America/Chicago
Stevens Point,WI,44.52358,-89.57456,America/Chicago
Stoughton,WI,42.91695,-89.21789,America/Chicago
Stratford,WI,44.80108,-90.0793,America/Chicago
Strum,WI,44.54969,-91.39266,America/Chicago
Sturgeon Bay,WI,44.83416,-87.37704,America/Chicago
Sturtevant,WI,42.69807,-87.89452,America/Chicago
Suamico,WI,44.63194,-88.03927,America/Chicago
Sun Prairie,WI,43.1836,-89.21373,America/Chicago
Superior,WI,46.72077,-92.10408,America/Chicago
Sussex,WI,43.1339,-88.22204,America/Chicago
Tainter Lake,WI,44.98913,-91.84767,America/Chicago
Theresa,WI,43.51722,-88.45121,America/Chicago
Thiensville,WI,43.23751,-87.9787,America/Chicago
Thorp,WI,44.96108,-90.79986,America/Chicago
Tichigan,WI,42.8289,-88.19759,America/Chicago
Tomah,WI,43.97858,-90.50402,America/Chicago
Tomahawk,WI,45.47108,-89.72986,America/Chicago
Trempealeau,WI,44.00552,-91.44209,America/Chicago
Turtle Lake,WI,45.3944,-92.14241,America/Chicago
Twin Lakes,WI,42.53113,-88.24815,America/Chicago
Two Rivers,WI,44.15388,-87.56925,America/Chicago
Union Grove,WI,42.68807,-88.05147,America/Chicago
Verona,WI,42.99083,-89.53318,America/Chicago
Viroqua,WI,43.55692,-90.88874,America/Chicago
Wales,WI,43.00445,-88.37676,America/Chicago
Walworth,WI,42.53113,-88.59955,America/Chicago
Washburn,WI,46.67327,-90.89491,America/Chicago
Waterford,WI,42.76307,-88.21426,America/Chicago
Waterloo,WI,43.18388,-88.98844,America/Chicago
Watertown,WI,43.19472,-88.72899,America/Chicago
Waukesha,WI,43.01168,-88.23148,America/Chicago
Waunakee,WI,43.19194,-89.45567,America/Chicago
Waupaca,WI,44.35803,-89.08595,America/Chicago
Waupun,WI,43.63332,-88.72955,America/Chicago
Wausau,WI,44.95914,-89.63012,America/Chicago
Wautoma,WI,44.0747,-89.2879,America/Chicago
Wauwatosa,WI,43.04946,-88.00759,America/Chicago
West Allis,WI,43.01668,-88.00703,America/Chicago
West Baraboo,WI,43.47443,-89.7704,America/Chicago
West Bend,WI,43.42528,-88.18343,America/Chicago
West Milwaukee,WI,43.01251,-87.97259,America/Chicago
West Salem,WI,43.89913,-91.08125,America/Chicago
Westby,WI,43.65692,-90.8543,America/Chicago
Westfield,WI,43.88359,-89.49346,America/Chicago
Weston,WI,44.8908,-89.54762,America/Chicago
Weyauwega,WI,44.32137,-88.93372,America/Chicago
Whitefish Bay,WI,43.11334,-87.90009,America/Chicago
Whitehall,WI,44.36746,-91.31655,America/Chicago
Whitewater,WI,42.83362,-88.73233,America/Chicago
Whiting,WI,44.49358,-89.55873,America/Chicago
Williams Bay,WI,42.57807,-88.54093,America/Chicago
Wind Lake,WI,42.82946,-88.1587,America/Chicago
Wind Point,WI,42.78446,-87.76619,America/Chicago
Windsor,WI,43.21833,-89.34151,America/Chicago
Winneconne,WI,44.11082,-88.71261,America/Chicago
Wisconsin Dells,WI,43.62748,-89.77096,America/Chicago
Wisconsin Rapids,WI,44.38358,-89.81735,America/Chicago
Wittenberg,WI,44.8272,-89.16956,America/Chicago
Woodville,WI,44.95302,-92.2913,America/Chicago
Wrightstown,WI,44.32582,-88.16288,America/Chicago
Alderson,WV,37.72595,-80.64202,America/New_York
Alum Creek,WV,38.28676,-81.80513,America/New_York
Ansted,WV,38.13622,-81.09955,America/New_York
Augusta,WV,39.29538,-78.63779,America/New_York
Barboursville,WV,38.40953,-82.29459,America/New_York
Barrackville,WV,39.5037,-80.16675,America/New_York
Beaver,WV,37.74781,-81.14352,America/New_York
Beckley,WV,37.77817,-81.18816,America/New_York
Belington,WV,39.0251,-79.93563,America/New_York
Belle,WV,38.23205,-81.53762,America/New_York
Benwood,WV,40.01813,-80.73425,America/New_York
Berkeley Springs,WV,39.6248,-78.22472,America/New_York
Bethany,WV,40.20563,-80.55674,America/New_York
Bethlehem,WV,39.39203,-80.28064,America/New_York
Bethlehem,WV,40.04396,-80.69064,America/New_York
Blennerhassett,WV,39.26369,-81.62929,America/New_York
Bluefield,WV,37.26984,-81.22232,America/New_York
Bluewell,WV,37.31262,-81.25982,America/New_York
Boaz,WV,39.36146,-81.50207,America/New_York
Bolivar,WV,39.32343,-77.75277,America/New_York
Bradley,WV,37.86539,-81.19399,America/New_York
Bridgeport,WV,39.28648,-80.2562,America/New_York
Brookhaven,WV,39.61175,-79.90451,America/New_York
Brush Fork,WV,37.28095,-81.25593,America/New_York
Buckhannon,WV,38.99399,-80.23203,America/New_York
Buffalo,WV,38.61759,-81.9818,America/New_York
Ceredo,WV,38.39647,-82.55877,America/New_York
Chapmanville,WV,37.97371,-82.01735,America/New_York
Charles Town,WV,39.28899,-77.85972,America/New_York
Charleston,WV,38.34982,-81.63262,America/New_York
Cheat Lake,WV,39.67202,-79.85339,America/New_York
Chesapeake,WV,38.22344,-81.53623,America/New_York
Chester,WV,40.61312,-80.56285,America/New_York
Clarksburg,WV,39.28065,-80.34453,America/New_York
Clay,WV,38.46038,-81.08511,America/New_York
Clendenin,WV,38.48871,-81.34817,America/New_York
Coal City,WV,37.679,-81.21038,America/New_York
Coal Fork,WV,38.3176,-81.52095,America/New_York
Crab Orchard,WV,37.74067,-81.23066,America/New_York
Craigsville,WV,38.33067,-80.65315,America/New_York
Cross Lanes,WV,38.42037,-81.79068,America/New_York
Culloden,WV,38.42009,-82.05542,America/New_York
Daniels,WV,37.74327,-81.12408,America/New_York
Despard,WV,39.2887,-80.30592,America/New_York
Dunbar,WV,38.36065,-81.73735,America/New_York
Eleanor,WV,38.53759,-81.93236,America/New_York
Elizabeth,WV,39.06341,-81.39512,America/New_York
Elkins,WV,38.92594,-79.84673,America/New_York
Elkview,WV,38.44288,-81.4804,America/New_York
Fairlea,WV,37.78068,-80.45702,America/New_York
Fairmont,WV,39.48508,-80.14258,America/New_York
Fayetteville,WV,38.05289,-81.10399,America/New_York
Follansbee,WV,40.32757,-80.59591,America/New_York
Fort Ashby,WV,39.50315,-78.76863,America/New_York
Franklin,WV,38.64289,-79.33115,America/New_York
Gilbert Creek,WV,37.57594,-81.89484,America/New_York
Glendale,WV,39.94924,-80.75425,America/New_York
Glenville,WV,38.93426,-80.8376,America/New_York
Grafton,WV,39.34092,-80.01897,America/New_York
Grantsville,WV,38.92342,-81.09595,America/New_York
Granville,WV,39.64591,-79.98729,America/New_York
Hamlin,WV,38.2787,-82.10292,America/New_York
Harrisville,WV,39.20952,-81.05178,America/New_York
Hinton,WV,37.67401,-80.88925,America/New_York
Hooverson Heights,WV,40.32479,-80.57757,America/New_York
Huntington,WV,38.41925,-82.44515,America/New_York
Hurricane,WV,38.43259,-82.02014,America/New_York
Inwood,WV,39.35788,-78.04,America/New_York
Kenova,WV,38.39897,-82.57821,America/New_York
Keyser,WV,39.44093,-78.97392,America/New_York
Kingwood,WV,39.47176,-79.68339,America/New_York
Lavalette,WV,38.32286,-82.44682,America/New_York
Lesage,WV,38.50647,-82.29848,America/New_York
Lewisburg,WV,37.80179,-80.44563,America/New_York
Logan,WV,37.84871,-81.99346,America/New_York
Lubeck,WV,39.23535,-81.63124,America/New_York
Mabscott,WV,37.77095,-81.20843,America/New_York
MacArthur,WV,37.75845,-81.2126,America/New_York
Madison,WV,38.06705,-81.81929,America/New_York
Mallory,WV,37.73066,-81.8379,America/New_York
Mannington,WV,39.53092,-80.34342,America/New_York
Marlinton,WV,38.22345,-80.09451,America/New_York
Marmet,WV,38.24538,-81.56706,America/New_York
Martinsburg,WV,39.45621,-77.96389,America/New_York
McMechen,WV,39.98813,-80.73147,America/New_York
Middlebourne,WV,39.4923,-80.90372,America/New_York
Milton,WV,38.43453,-82.13236,America/New_York
Mineral Wells,WV,39.178,-81.51207,America/New_York
Monongah,WV,39.46258,-80.21814,America/New_York
Montgomery,WV,38.18038,-81.32845,America/New_York
Moorefield,WV,39.06233,-78.96947,America/New_York
Morgantown,WV,39.62953,-79.9559,America/New_York
Moundsville,WV,39.92035,-80.74314,America/New_York
Mount Gay-Shamrock,WV,37.83857,-82.0297,America/New_York
Mount Hope,WV,37.89539,-81.16427,America/New_York
Mullens,WV,37.58317,-81.38038,America/New_York
New Cumberland,WV,40.49673,-80.60674,America/New_York
New Haven,WV,38.98647,-81.97347,America/New_York
New Martinsville,WV,39.64452,-80.8576,America/New_York
Newell,WV,40.6184,-80.60424,America/New_York
Nitro,WV,38.41481,-81.84402,America/New_York
Nutter Fort,WV,39.26342,-80.31981,America/New_York
Oak Hill,WV,37.97233,-81.14871,America/New_York
Oceana,WV,37.69206,-81.624,America/New_York
Paden City,WV,39.60285,-80.93677,America/New_York
Parkersburg,WV,39.26674,-81.56151,America/New_York
Parsons,WV,39.09649,-79.6809,America/New_York
Pea Ridge,WV,38.41397,-82.31987,America/New_York
Pennsboro,WV,39.28508,-80.96844,America/New_York
Petersburg,WV,38.99261,-79.12392,America/New_York
Philippi,WV,39.15232,-80.04036,America/New_York
Pinch,WV,38.40871,-81.48179,America/New_York
Pineville,WV,37.58317,-81.53705,America/New_York
Pleasant Valley,WV,39.45536,-80.14175,America/New_York
Point Pleasant,WV,38.84453,-82.13709,America/New_York
Princeton,WV,37.36623,-81.10259,America/New_York
Prosperity,WV,37.8365,-81.20177,America/New_York
Rainelle,WV,37.96873,-80.76703,America/New_York
Rand,WV,38.2826,-81.56234,America/New_York
Ranson,WV,39.2951,-77.86055,America/New_York
Ravenswood,WV,38.94814,-81.76096,America/New_York
Richwood,WV,38.22484,-80.53314,America/New_York
Ripley,WV,38.8187,-81.71069,America/New_York
Romney,WV,39.34204,-78.75668,America/New_York
Ronceverte,WV,37.74984,-80.46285,America/New_York
Saint Albans,WV,38.38565,-81.83624,America/New_York
Saint Marys,WV,39.39174,-81.20511,America/New_York
Salem,WV,39.28287,-80.55899,America/New_York
Shady Spring,WV,37.70567,-81.09843,America/New_York
Shannondale,WV,39.21705,-77.80749,America/New_York
Shepherdstown,WV,39.4301,-77.80416,America/New_York
Shinnston,WV,39.39564,-80.30009,America/New_York
Sissonville,WV,38.52815,-81.63096,America/New_York
Sistersville,WV,39.56424,-80.99594,America/New_York
Sophia,WV,37.70761,-81.25066,America/New_York
South Charleston,WV,38.36843,-81.69957,America/New_York
Spencer,WV,38.80203,-81.35095,America/New_York
Stanaford,WV,37.81595,-81.15232,America/New_York
Star City,WV,39.65841,-79.98645,America/New_York
Stonewood,WV,39.25092,-80.31231,America/New_York
Summersville,WV,38.28122,-80.8526,America/New_York
Sutton,WV,38.66454,-80.70982,America/New_York
Teays Valley,WV,38.45009,-81.9293,America/New_York
Terra Alta,WV,39.44565,-79.54644,America/New_York
Tornado,WV,38.34287,-81.8443,America/New_York
Union,WV,37.59151,-80.54368,America/New_York
Vienna,WV,39.32702,-81.54846,America/New_York
Washington,WV,39.26119,-81.6718,America/New_York
Wayne,WV,38.22147,-82.44237,America/New_York
Webster Springs,WV,38.47927,-80.41342,America/New_York
Weirton,WV,40.41896,-80.58952,America/New_York
Weirton Heights,WV,40.4084,-80.53924,America/New_York
Welch,WV,37.43289,-81.58455,America/New_York
Wellsburg,WV,40.27201,-80.60952,America/New_York
West Liberty,WV,40.16979,-80.59369,America/New_York
West Union,WV,39.29647,-80.77705,America/New_York
Weston,WV,39.03843,-80.46731,America/New_York
Westover,WV,39.63453,-79.96979,America/New_York
Wheeling,WV,40.06396,-80.72091,America/New_York
White Sulphur Springs,WV,37.79651,-80.29757,America/New_York
Wiley Ford,WV,39.61453,-78.77502,America/New_York
Williamson,WV,37.67427,-82.27736,America/New_York
Williamstown,WV,39.40063,-81.44818,America/New_York
Winfield,WV,38.53314,-81.89347,America/New_York
Afton,WY,42.72493,-110.93187,America/Denver
Antelope Valley-Crestview,WY,44.22488,-105.47409,America/Denver
Arapahoe,WY,42.96218,-108.48983,America/Denver
Bar Nunn,WY,42.91358,-106.34336,America/Denver
Basin,WY,44.37996,-108.03899,America/Denver
Buffalo,WY,44.34831,-106.69894,America/Denver
Casper,WY,42.86663,-106.31308,America/Denver
Cheyenne,WY,41.13998,-104.82025,America/Denver
Cody,WY,44.52634,-109.05653,America/Denver
Douglas,WY,42.75969,-105.38221,America/Denver
Ethete,WY,43.02496,-108.77262,America/Denver
Evanston,WY,41.26828,-110.96324,America/Denver
Evansville,WY,42.85997,-106.26836,America/Denver
Fort Washakie,WY,43.00635,-108.88235,America/Denver
Fox Farm-College,WY,41.11203,-104.78546,America/Denver
Gillette,WY,44.29109,-105.50222,America/Denver
Glenrock,WY,42.86136,-105.87223,America/Denver
Green River,WY,41.52858,-109.46625,America/Denver
Greybull,WY,44.48912,-108.05621,America/Denver
Guernsey,WY,42.26969,-104.74163,America/Denver
Hoback,WY,43.28187,-110.78381,America/Denver
Jackson,WY,43.47993,-110.76243,America/Denver
Kemmerer,WY,41.79245,-110.53767,America/Denver
Lander,WY,42.83301,-108.73067,America/Denver
Laramie,WY,41.31137,-105.5911,America/Denver
Lovell,WY,44.83745,-108.38956,America/Denver
Lusk,WY,42.76247,-104.45217,America/Denver
Lyman,WY,41.32745,-110.29293,America/Denver
Marbleton,WY,42.55355,-110.10932,America/Denver
Mills,WY,42.84052,-106.36586,America/Denver
Moorcroft,WY,44.26331,-104.95025,America/Denver
Moose Wilson Road,WY,43.52521,-110.84466,America/Denver
Mountain View,WY,41.26884,-110.33988,America/Denver
Newcastle,WY,43.8547,-104.20494,America/Denver
North Rock Springs,WY,41.64358,-109.26568,America/Denver
Pine Bluffs,WY,41.18193,-104.06912,America/Denver
Pinedale,WY,42.86661,-109.86099,America/Denver
Powell,WY,44.75384,-108.75735,America/Denver
Rafter J Ranch,WY,43.42604,-110.79909,America/Denver
Ranchettes,WY,41.21859,-104.79025,America/Denver
Rawlins,WY,41.79107,-107.23866,America/Denver
Riverton,WY,43.02496,-108.3801,America/Denver
Rock Springs,WY,41.58746,-109.2029,America/Denver
Saratoga,WY,41.45496,-106.80643,America/Denver
Sheridan,WY,44.79719,-106.95618,America/Denver
Sleepy Hollow,WY,44.233,-105.427,America/Denver
South Greeley,WY,41.09693,-104.80636,America/Denver
South Park,WY,43.42215,-110.79326,America/Denver
Star Valley Ranch,WY,42.97139,-110.95556,America/Denver
Sundance,WY,44.40637,-104.37578,America/Denver
Thermopolis,WY,43.64607,-108.21204,America/Denver
Torrington,WY,42.06246,-104.18439,America/Denver
Upton,WY,44.0997,-104.62802,America/Denver
Wheatland,WY,42.05407,-104.95295,America/Denver
Wilson,WY,43.50076,-110.87521,America/Denver
Worland,WY,44.0169,-107.95537,America/Denver
Wright,WY,43.75124,-105.49201,America/Denver
